benchmark,model,seed,final_regret,n_hf,n_lf,best_y,elapsed_sec,lf_rmse,lf_nll,lf_ece,lf_sharpness,hf_rmse,n_held
Branin-Fav,Sequential,42,0.0066056977871608025,24,259,0.4044926977871608,194.476,16.11720743463046,5.00930743614306,0.35624718087505636,57.498682931369125,23.94060180533499,2217.0
Branin-Fav,Sequential,43,0.14546928279938853,24,259,0.5433562827993885,196.768,18.86566710469568,5.022570934172212,0.3253495714930086,57.403964440275445,19.299885249101923,2217.0
Branin-Fav,Sequential,44,0.0066056977871608025,24,259,0.4044926977871608,170.34,14.617822953338274,5.007471762589117,0.3619756427604871,57.822491453203995,24.821913478352947,2217.0
Branin-Fav,Sequential,45,0.10339752042404704,24,259,0.501284520424047,175.156,16.508791088922653,5.11254713991642,0.35340550293189,64.17864438085319,21.97240498283117,2217.0
Branin-Fav,Sequential,46,0.10339752042404704,24,259,0.501284520424047,165.775,15.115255065204263,5.10005456402725,0.3550293188994137,63.690460216827645,18.862783426114923,2217.0
Branin-Fav,Sequential,47,0.0066056977871608025,24,259,0.4044926977871608,168.183,14.345201762258558,5.093287754760766,0.3692377086152459,63.371958409519955,22.381135002808247,2217.0
Branin-Fav,Sequential,48,0.0066056977871608025,24,259,0.4044926977871608,169.286,15.755711879479394,4.991814409926635,0.338340099233198,56.517660521384684,19.570848016646305,2217.0
Branin-Fav,Sequential,49,0.0066056977871608025,24,259,0.4044926977871608,169.483,14.648920518577658,5.181323266705996,0.3741091565178169,69.48292758443142,39.79981330499236,2217.0
Branin-Fav,MFGP,50,0.009019962044670815,24,259,0.4069069620446708,747.461,9.033635180450041,7.16996549726692,0.22011727559765445,3.032291421720948,6.687286874044497,2217.0
Branin-Fav,Sequential,50,0.3876112505994599,24,259,0.7854982505994599,192.927,14.367714191571968,4.990659733715822,0.3565629228687416,56.849452317002616,16.681243269188617,2217.0
Branin-Fav,Sequential,51,0.3876112505994599,24,259,0.7854982505994599,199.396,15.236489392177816,5.099899532729557,0.35818673883626523,63.62142501276558,49.46005796550644,2217.0
Branin-Fav,Progressive,42,0.5684849291449144,24,259,0.9663719291449144,171.495,21.56430060231438,5.024153104972213,0.27857465042850704,56.36581896893395,25.670115752304515,2217.0
Branin-Fav,MFGP,48,0.052375427876019454,24,259,0.45026242787601944,969.469,6.55357374976413,3.9973758163549205,0.28854307622913844,2.5501717752250985,7.397356171405941,2217.0
Branin-Fav,MFGP,42,0.009019962044670815,24,259,0.4069069620446708,983.599,12.112088056557202,7.592416955193451,0.3788001804239964,3.1314087512002327,5.263893845706146,2217.0
Branin-Fav,MFGP,46,0.14546928279938853,24,259,0.5433562827993885,1015.814,9.016834780436255,7.706822267717884,0.2852954442940911,2.1562140095813014,5.5317855443668265,2217.0
Branin-Fav,MFGP,49,0.009019962044670815,24,259,0.4069069620446708,1069.619,11.224581800832548,13.196044419262446,0.4142534957149301,2.6326824428476914,5.898268450843749,2217.0
Branin-Fav,Progressive,43,0.4035566709587507,24,259,0.8014436709587507,189.82,22.844829476520296,5.03324856568076,0.26202074875958503,56.379946601217824,25.792783881984224,2217.0
Branin-Fav,MFGP,43,0.009019962044670815,24,259,0.4069069620446708,1089.336,4.491146442975012,2.6644399540487735,0.04525484889490301,4.332729497973536,13.344949366860552,2217.0
Branin-Fav,Progressive,45,0.23697428159646783,24,259,0.6348612815964678,204.731,20.445318492801757,5.021117205035829,0.28728010825439787,56.63534293136894,24.14020342236663,2217.0
Branin-Fav,Progressive,44,0.467988848429873,24,259,0.865875848429873,234.121,20.89649282215122,5.019007839899606,0.2797474064050519,56.311236539741394,28.52708070008212,2217.0
Branin-Fav,Progressive,46,0.49573856355245816,24,259,0.8936255635524581,210.914,22.82305174121972,5.051970256391612,0.2649075327018494,57.77743153546977,27.12687496744652,2217.0
Branin-Fav,MFGP,47,0.19156022909624404,24,259,0.589447229096244,1203.695,14.420572518758844,7.265460173869651,0.24659449706811007,3.6161886450961926,5.451764426711008,2217.0
Branin-Fav,MFGP,45,0.009019962044670815,24,259,0.4069069620446708,1222.08,7.231855250755211,3.169461504447645,0.038466396030672104,8.392299449014565,16.130694662883098,2217.0
Branin-Fav,Progressive,47,0.3474885137832534,24,259,0.7453755137832534,256.282,19.609784837243176,5.029000847640765,0.28876860622462786,57.54090814256862,25.208973551570583,2217.0
Branin-Fav,Progressive,50,0.3474885137832534,24,259,0.7453755137832534,228.619,18.89992326176222,4.994765536695259,0.3054578258908435,55.666764552074596,25.507923217530312,2217.0
Branin-Fav,Progressive,48,0.3474885137832534,24,259,0.7453755137832534,299.113,20.111465838963422,5.001912114751209,0.27645466847090666,55.584901875887624,34.205660463943204,2217.0
Branin-Fav,MFGP,51,0.009019962044670815,24,259,0.4069069620446708,1338.413,5.632672840184331,2.9917722181943778,0.0523770861524583,7.891148723659476,15.710958666281803,2217.0
Branin-Fav,Progressive,49,0.3474885137832534,24,259,0.7453755137832534,286.019,21.57929360270942,5.035240934240397,0.28294993234100135,57.11733155117995,49.582095829954696,2217.0
Branin-Fav,Progressive,51,0.14546928279938853,24,259,0.5433562827993885,292.104,20.016465983038092,5.008101679347882,0.28958051420838976,56.018105962850726,28.20733528242936,2217.0
Branin-Fav,Curriculum,43,0.0972357826887994,24,259,0.4951227826887994,319.971,18.70796506990006,5.025031509716863,0.3276499774470005,57.62304121748604,20.96769119900815,2217.0
Branin-Fav,Curriculum,42,0.009019962044670815,24,259,0.4069069620446708,341.462,16.314768563837642,5.008935033191955,0.3506991429860172,57.420403519364044,26.109204904159043,2217.0
Branin-Fav,MFGP,44,0.009019962044670815,24,259,0.4069069620446708,1466.661,16.24734996284524,11.280840845537533,0.19197113216057735,4.723910096886195,9.662494248235374,2217.0
Branin-Fav,Curriculum,44,0.0066056977871608025,24,259,0.4044926977871608,315.308,14.579591713234525,5.007250548097327,0.36175011276499774,57.82023649404116,19.135397786588943,2217.0
Branin-Fav,Curriculum,45,0.5684849291449144,24,259,0.9663719291449144,328.649,15.486375834465585,5.175702443580468,0.36671177266576455,68.90748880942839,17.485480077058554,2217.0
Branin-Fav,Curriculum,46,0.10339752042404704,24,259,0.501284520424047,347.533,15.489946750674248,4.998180286074769,0.34140730717185386,57.01403254691628,20.30020166182645,2217.0
Branin-Fav,Curriculum,48,0.0066056977871608025,24,259,0.4044926977871608,316.397,15.841086070050357,4.9927864859716635,0.3368064952638701,56.55231942611584,23.954760980109185,2217.0
Branin-Fav,Curriculum,47,0.0066056977871608025,24,259,0.4044926977871608,392.232,13.973361500938136,5.088184748570006,0.37158322056833565,63.12146944873944,19.03823134269079,2217.0
Branin-Fav,Curriculum,49,0.0066056977871608025,24,259,0.4044926977871608,328.478,14.251265767108148,5.174941049344936,0.37609382047812356,69.10712489336915,32.839203684658344,2217.0
Branin-Fav,Curriculum,50,0.10339752042404704,24,259,0.501284520424047,340.292,14.233625502737555,4.990052516963666,0.3565629228687415,56.84809965199375,17.675300757453158,2217.0
Branin-Fav,Curriculum,51,0.3474885137832534,24,259,0.7453755137832534,330.575,14.988144578592623,5.099299564608182,0.3604871447902571,63.64403133119615,17.184630028987446,2217.0
Branin-Fav,Two-Stage Joint,42,0.14546928279938853,24,259,0.5433562827993885,540.52,21.61187746550196,5.016637907251828,0.2834009923319802,55.86049032830591,23.091747293222326,2217.0
Branin-Fav,Two-Stage Joint,43,0.9055776819364344,24,259,1.3034646819364344,567.176,23.42111130325195,5.036037173429349,0.2529995489400091,56.29599161672852,21.907923231936937,2217.0
Branin-Fav,Two-Stage Joint,44,1.2712552403386868,24,259,1.6691422403386866,600.98,20.215731228812974,5.019852780294857,0.29224176815516467,56.64165336063822,26.256204658254074,2217.0
Branin-Fav,DNGO-Joint,43,0.0066056977871608025,24,259,0.4044926977871608,383.613,12.6209047611355,5.16385376710399,0.3871898962562021,68.6176590540898,13.60905901566678,2217.0
Branin-Fav,Two-Stage Joint,45,1.1736227615764419,24,259,1.5715097615764417,607.764,19.74408931125083,5.0197439205875805,0.29873703202525936,56.846724480529566,21.326763405738806,2217.0
Branin-Fav,Two-Stage Joint,46,0.16005592324075912,24,259,0.5579429232407591,598.814,21.252489621676443,5.065440506423721,0.28403247631935047,59.370628242495734,24.91711446692571,2217.0
Branin-Fav,Two-Stage Joint,48,0.41441008667516044,24,259,0.8122970866751604,549.947,19.228617157208028,4.997124050909573,0.2899864682002707,55.63220625409448,28.242680062140057,2217.0
Branin-Fav,DNGO-Joint,42,0.0066056977871608025,24,259,0.4044926977871608,441.021,13.35169059928142,5.105588190402737,0.38903924221921515,64.44340131577725,15.36848707063616,2217.0
Branin-Fav,Two-Stage Joint,47,0.10339752042404704,24,259,0.501284520424047,627.067,19.1358366178151,5.027889784001637,0.29833107803337844,57.64627859509647,21.63884708459267,2217.0
Branin-Fav,Two-Stage Joint,51,1.5486488092602473,24,259,1.9465358092602472,572.55,18.87292893386237,5.0055934052671835,0.3059539918809202,56.31241221274108,23.042421924091357,2217.0
Branin-Fav,Two-Stage Joint,49,0.3474885137832534,24,259,0.7453755137832534,601.271,21.67376682133175,5.037964710365547,0.2829048263419035,57.254915091643795,45.054382863734084,2217.0
Branin-Fav,Two-Stage Joint,50,1.4819971698930496,24,259,1.8798841698930495,625.638,18.002147611300693,4.990273355014288,0.31750112764997745,55.71334261510529,22.483146042912256,2217.0
Branin-Fav,DNGO-Joint,44,0.0066056977871608025,24,259,0.4044926977871608,392.883,11.918464852916362,5.107982527613756,0.39431664411366707,64.90503396905801,23.389251567475,2217.0
Branin-Fav,DNGO-Joint,45,0.0066056977871608025,24,259,0.4044926977871608,384.939,13.101157488127448,5.16609938248279,0.3851601262967975,68.72052244499024,22.634615148725526,2217.0
Branin-Fav,DNGO-Joint,46,3.5866709767625773,24,259,3.984557976762577,373.182,12.668059076301127,5.090862123683921,0.37889039242219213,63.634661318555914,19.66005211118262,2217.0
Branin-Fav,DNGO-Joint,48,0.0066056977871608025,24,259,0.4044926977871608,379.964,14.014822029545982,5.0420445898435915,0.36603518267929636,60.124179872733905,17.01509689606933,2217.0
Branin-Fav,DNGO-Joint,47,0.0066056977871608025,24,259,0.4044926977871608,384.768,10.270231337375213,5.155126125560336,0.40676589986468203,68.40022268235136,13.625592952596557,2217.0
Branin-Fav,DNGO-Joint,49,0.0066056977871608025,24,259,0.4044926977871608,399.141,12.944317654654409,5.104885257193379,0.38290482634190354,64.47571080628424,31.857803146532223,2217.0
Branin-Fav,DNGO-Joint,50,0.0972357826887994,24,259,0.4951227826887994,381.442,10.561576104268111,5.094176944506079,0.39950383400992334,64.22537792499743,17.52217427667099,2217.0
Branin-Fav,DNGO-Joint,51,0.0066056977871608025,24,259,0.4044926977871608,383.351,14.239722526395324,5.210375446302268,0.381235904375282,71.73411679574326,24.597072653763483,2217.0
Branin-Fav,DNGO-Gradient,42,0.0066056977871608025,24,259,0.4044926977871608,425.658,14.765922780579912,5.073194836561511,0.3721695985566081,61.95543523576903,17.543030394684067,2217.0
Branin-Fav,DNGO-Gradient,43,0.0066056977871608025,24,259,0.4044926977871608,432.545,15.593333786090035,5.111724005146013,0.3692377086152458,64.31859855665012,13.839450628871846,2217.0
Branin-Fav,DNGO-Gradient,44,0.10339752042404704,24,259,0.501284520424047,421.851,13.289058963685271,5.105349265104338,0.38741542625169145,64.44190687956224,21.24371369814897,2217.0
Branin-Fav,DNGO-Gradient,45,0.5631459648879485,24,259,0.9610329648879485,429.694,14.554338040321907,5.106431999114768,0.3731168245376635,64.23804044221654,26.0216709351346,2217.0
Branin-Fav,DNGO-Gradient,46,0.16005592324075912,24,259,0.5579429232407591,399.832,12.508359520351336,5.1563640363580205,0.390978800180424,68.16104533392489,16.667559517112217,2217.0
Branin-Fav,Knowledge Distillation,42,0.0066056977871608025,24,259,0.4044926977871608,315.529,16.157706573640038,5.009092028959367,0.35349571493008575,57.476499363642695,21.195256537113227,2217.0
Branin-Fav,Knowledge Distillation,43,0.9055776819364344,24,259,1.3034646819364344,319.743,18.846189625583836,5.023048879235866,0.3257555254848895,57.444604919347476,20.049682583097734,2217.0
Branin-Fav,DNGO-Gradient,47,0.10339752042404704,24,259,0.501284520424047,423.601,16.282649832824575,5.048670539404177,0.35187189896256205,59.92811170994016,19.62414239877947,2217.0
Branin-Fav,DNGO-Gradient,48,0.10339752042404704,24,259,0.501284520424047,402.382,12.6845088898658,5.154086473607284,0.38849797023004057,67.90740317830117,16.751647007566106,2217.0
Branin-Fav,DNGO-Gradient,49,0.0066056977871608025,24,259,0.4044926977871608,402.526,11.925567874700816,5.15989668240677,0.3983761840324763,68.46833346549785,32.149387299973384,2217.0
Branin-Fav,DNGO-Gradient,50,0.10339752042404704,24,259,0.501284520424047,408.308,12.908821107813855,4.984576013945276,0.3713125845737483,56.85617905092757,15.84478884912626,2217.0
Branin-Fav,DNGO-Gradient,51,1.1736227615764419,24,259,1.5715097615764417,410.439,13.011182111613701,5.09081397292946,0.38024357239512857,63.51928274159009,21.221634183032755,2217.0
Branin-Fav,Knowledge Distillation,44,0.0066056977871608025,24,259,0.4044926977871608,329.242,14.556334176661847,5.006776982113328,0.3621109607577807,57.79652338055715,17.683847847712855,2217.0
Branin-Fav,Knowledge Distillation,46,0.19156022909624404,24,259,0.589447229096244,325.608,15.072579803596975,4.9902406814361475,0.34474515110509696,56.65485397234167,16.8098875755004,2217.0
Branin-Fav,Knowledge Distillation,45,0.10339752042404704,24,259,0.501284520424047,333.411,15.421947525819302,5.174929375962702,0.3684709066305819,68.86739994146849,16.56485421444256,2217.0
Branin-Fav,Knowledge Distillation,47,0.0066056977871608025,24,259,0.4044926977871608,324.297,15.106446437688115,5.0875668750869325,0.3658547586829048,62.79737619745482,21.972776009410197,2217.0
Branin-Fav,Knowledge Distillation,48,0.0066056977871608025,24,259,0.4044926977871608,321.685,15.446162615327593,4.987373328355673,0.3419485791610285,56.34272905056014,21.36965609605107,2217.0
Branin-Fav,Knowledge Distillation,49,0.0066056977871608025,24,259,0.4044926977871608,308.075,14.203791493355611,5.173726779889477,0.3762291384754173,69.03069965372595,30.67753797370257,2217.0
Branin-Fav,Knowledge Distillation,51,0.0066056977871608025,24,259,0.4044926977871608,305.984,15.0759240235521,5.0978559770758824,0.35944970681100585,63.52631660339171,17.864522140777595,2217.0
Branin-Fav,Knowledge Distillation,50,0.0066056977871608025,24,259,0.4044926977871608,322.565,14.119453631538626,4.987648268145755,0.35972034280559306,56.734556072891706,17.316425932377957,2217.0
Branin-Fav,Domain Adaptation (MMD),44,0.0066056977871608025,24,259,0.4044926977871608,620.908,15.341808038268896,5.111809675326985,0.3680649526387009,64.41047653688844,18.70874699883783,2217.0
Branin-Fav,Domain Adaptation (MMD),42,0.7759110906150174,24,259,1.1737980906150174,642.791,16.865206538055304,5.108658250726979,0.35976544880469097,63.7684728105793,18.996188999937637,2217.0
Branin-Fav,Domain Adaptation (MMD),43,0.10339752042404704,24,259,0.501284520424047,634.62,18.561280032037647,5.116185557550732,0.343256653134867,63.77099972483016,23.743128740779973,2217.0
Branin-Fav,Soft Parameter Sharing,43,0.4035566709587507,24,259,0.8014436709587507,360.911,18.167563384687103,5.01373493100793,0.3283716734325665,57.07947791453137,16.589779643286203,2217.0
Branin-Fav,Soft Parameter Sharing,42,0.16005592324075912,24,259,0.5579429232407591,364.564,16.7993298605738,5.005808079903216,0.34334686513306273,57.048308785495664,22.472357505401888,2217.0
Branin-Fav,Domain Adaptation (MMD),45,0.0972357826887994,24,259,0.4951227826887994,627.319,18.087050620278408,5.024841887152128,0.3309878213802436,57.86818995191897,17.02792472211422,2217.0
Branin-Fav,Domain Adaptation (MMD),46,0.10339752042404704,24,259,0.501284520424047,624.49,16.494075971133668,5.0032977517216155,0.33667117726657647,57.01638349913329,22.262373404640886,2217.0
Branin-Fav,Domain Adaptation (MMD),47,0.10339752042404704,24,259,0.501284520424047,612.822,15.663445232375986,5.091356313964559,0.36120884077582316,62.89007663871201,19.323762586904905,2217.0
Branin-Fav,Domain Adaptation (MMD),48,0.0066056977871608025,24,259,0.4044926977871608,640.575,16.306118608379393,4.996510885677828,0.33667117726657647,56.63149669292774,19.397971973731195,2217.0
Branin-Fav,Domain Adaptation (MMD),49,0.3474885137832534,24,259,0.7453755137832534,616.768,14.95767863491696,5.213044753741346,0.37595850248082996,71.75230127069854,37.009286219870674,2217.0
Branin-Fav,Domain Adaptation (MMD),50,0.0066056977871608025,24,259,0.4044926977871608,617.649,14.455864689622393,5.0988199126379286,0.3681100586377989,63.75395028139671,18.397019911558868,2217.0
Branin-Fav,Domain Adaptation (MMD),51,0.0066056977871608025,24,259,0.4044926977871608,609.235,17.41146127296535,5.16880547734769,0.3502029769959405,67.91411539074707,24.736267061316784,2217.0
Branin-Fav,Soft Parameter Sharing,46,0.16005592324075912,24,259,0.5579429232407591,373.478,14.90089963275366,4.98087050698169,0.33955796120884074,56.149583699829066,21.309968573275395,2217.0
Branin-Fav,Soft Parameter Sharing,44,0.10339752042404704,24,259,0.501284520424047,383.437,17.57801257489363,5.107210659971553,0.3384303112313938,63.468998750736304,28.840578044987804,2217.0
Branin-Fav,Soft Parameter Sharing,45,0.0066056977871608025,24,259,0.4044926977871608,383.487,16.48353575742207,5.0069558230742475,0.3419485791610285,57.27362185040549,31.88203420088976,2217.0
Branin-Fav,Soft Parameter Sharing,47,0.10339752042404704,24,259,0.501284520424047,363.258,20.05341301820535,5.0908103386574926,0.3174109156517817,61.54926860238104,23.507396974507266,2217.0
Branin-Fav,Soft Parameter Sharing,48,0.0066056977871608025,24,259,0.4044926977871608,363.489,16.07228344968307,5.079859794464594,0.3471357690572846,62.0682469793967,28.82055424286451,2217.0
Branin-Fav,Soft Parameter Sharing,49,0.0066056977871608025,24,259,0.4044926977871608,369.646,16.390770345155723,5.115153616366621,0.359404600811908,64.3154848525169,34.71327488657052,2217.0
Branin-Fav,Soft Parameter Sharing,50,0.10339752042404704,24,259,0.501284520424047,363.763,13.958534304439398,4.973515227512196,0.3599458728010826,55.915009253666284,26.562044145667468,2217.0
Branin-Fav,Soft Parameter Sharing,51,0.10339752042404704,24,259,0.501284520424047,338.483,17.16371779631978,5.006155568905173,0.3236355435272891,56.97479077445585,33.170913941701194,2217.0
Branin-Fav,Pseudo-Labeling,42,0.0066056977871608025,24,259,0.4044926977871608,325.158,16.488688853238315,5.010780093191842,0.35299954894000896,57.482051422225,23.71530848515462,2217.0
Branin-Fav,Pseudo-Labeling,43,0.0972357826887994,24,259,0.4951227826887994,329.987,19.498305517617766,5.056839103636976,0.3274244474515111,59.415018712480574,21.47456059532,2217.0
Branin-Fav,Pseudo-Labeling,44,0.0066056977871608025,24,259,0.4044926977871608,320.763,14.44983086165135,5.003550787586101,0.3642309427153811,57.625176879478644,16.557894013405573,2217.0
Branin-Fav,Pseudo-Labeling,45,0.10339752042404704,24,259,0.501284520424047,317.902,15.880411846812303,5.175345232036801,0.3650879566982409,68.78014462291037,17.06731855865462,2217.0
Branin-Fav,Pseudo-Labeling,47,0.0066056977871608025,24,259,0.4044926977871608,317.57,14.38907858601514,5.092545338379061,0.3712223725755526,63.312760804907846,20.638414652684467,2217.0
Branin-Fav,Pseudo-Labeling,49,0.0066056977871608025,24,259,0.4044926977871608,322.952,14.15514006584402,5.173403234805563,0.3761389264772215,69.01771525925734,24.64441838512883,2217.0
Branin-Fav,Pseudo-Labeling,48,0.0066056977871608025,24,259,0.4044926977871608,326.915,15.336258186593895,5.096226385726523,0.35299954894000907,63.34152365823127,17.618877624301703,2217.0
Branin-Fav,Pseudo-Labeling,50,0.0066056977871608025,24,259,0.4044926977871608,325.293,13.959492429904339,4.986228994193268,0.3598556608028868,56.692042523761096,16.806234797726788,2217.0
Branin-Fav,Pseudo-Labeling,46,0.0972357826887994,24,259,0.4951227826887994,335.872,15.678986566926708,5.06911401632197,0.3503382949932341,61.47870793662804,16.00682832160259,2217.0
Branin-Fav,Pseudo-Labeling,51,0.2705594724235735,24,259,0.6684464724235735,328.363,15.410470377663872,5.155644548984093,0.36269733874605325,67.44466212929787,17.08689629245647,2217.0
Branin-Fav,Adapter,42,0.8895739477111658,24,259,1.2874609477111658,333.905,16.162652396654188,5.098450227323485,0.3558412268831755,63.2714521347813,71.19955166564371,2217.0
Branin-Fav,Adapter,43,0.0972357826887994,24,259,0.4951227826887994,330.962,14.42068429694818,5.15659390661961,0.37433468651330626,67.74403306929581,44.11190973047539,2217.0
Branin-Fav,Adapter,44,0.0066056977871608025,24,259,0.4044926977871608,311.265,13.30103779174119,5.159845937014225,0.37898060442038795,68.2180988677604,40.7729946322307,2217.0
Branin-Fav,Adapter,45,1.1736227615764419,24,259,1.5715097615764417,312.975,18.63652541109514,5.188343715231519,0.3383852052322959,69.03063546506223,44.609287362228656,2217.0
Branin-Fav,Adapter,46,1.127888972368436,24,259,1.5257759723684359,307.839,16.43947189160808,5.043102429486149,0.3489851150202977,59.54467000647004,16.115568323917007,2217.0
Branin-Fav,Adapter,47,0.467988848429873,24,259,0.865875848429873,285.422,15.81266620428702,5.1500878253579305,0.3647722147045557,66.94314283661878,52.04585731260864,2217.0
Branin-Unfav,MFGP,43,0.07480380217855298,24,52,0.47269080217855297,114.063,17.701217062952402,4.985586655024388,0.1518151815181518,12.699233054079984,57.99780857229288,2424.0
Branin-Unfav,MFGP,42,0.07480380217855298,24,52,0.47269080217855297,185.698,17.153891336186675,4.997021031225867,0.23325082508250822,9.336200050360935,57.51322779717944,2424.0
Branin-Unfav,MFGP,46,0.16005592324075912,24,52,0.5579429232407591,138.45,26.031445676339455,7.909650685212054,0.3083745874587458,10.721952749181865,60.01208229602844,2424.0
Branin-Unfav,MFGP,47,0.07480380217855298,24,52,0.47269080217855297,135.695,45.01089738345816,7.9268038649275026,0.2926567656765677,20.59893246162143,51.83472006660985,2424.0
Branin-Unfav,MFGP,45,0.07480380217855298,24,52,0.47269080217855297,169.793,30.91165200119292,7.905927103166754,0.254496699669967,12.134196898251238,51.63263449623743,2424.0
Branin-Fav,Adapter,48,0.07480380217855298,24,259,0.47269080217855297,258.438,16.522243012138784,5.133924559695048,0.3575101488497971,65.6028934200624,24.420001950106247,2217.0
Branin-Unfav,MFGP,48,0.1530864037518488,24,52,0.5509734037518488,169.054,17.504526700021025,4.766895941163141,0.22248349834983494,9.42114701355574,58.45416381257295,2424.0
Branin-Fav,Adapter,49,2.1543471155807,24,259,2.5522341155807,263.132,13.244566778220983,5.087126442784143,0.37898060442038795,63.26073130657468,62.013647169290245,2217.0
Branin-Fav,Adapter,50,0.0066056977871608025,24,259,0.4044926977871608,268.126,15.052684366589627,5.158071864799847,0.3669824086603518,67.71391601688867,61.428750072029665,2217.0
Branin-Fav,Adapter,51,0.46165131668900095,24,259,0.8595383166890009,265.778,14.420377720320973,5.161118836494477,0.3753270184934596,68.04085933243489,37.71206843533515,2217.0
Branin-Unfav,Sequential,42,0.07480380217855298,24,52,0.47269080217855297,73.946,28.167452658144793,5.239313489982248,0.2776402640264027,70.20106219428583,85.48765828546864,2424.0
Branin-Unfav,MFGP,44,0.052375427876019454,24,52,0.45026242787601944,238.962,66.0500559681126,120.78643800535903,0.20985973597359733,8.292615942830459,14.672234150589226,2424.0
Branin-Unfav,Sequential,43,1.0538322934047821,24,52,1.451719293404782,73.573,45.370706315684245,5.486425835310465,0.22066831683168314,84.249308714286,42.319219773553904,2424.0
Branin-Unfav,MFGP,50,0.1530864037518488,24,52,0.5509734037518488,145.306,20.317092207858646,5.576944734390221,0.2678630363036304,9.290750984289321,58.94922986551461,2424.0
Branin-Unfav,Sequential,44,0.7759110906150174,24,52,1.1737980906150174,93.307,34.982423634325684,5.439012810272132,0.27037953795379543,85.39332132439606,40.83427527096692,2424.0
Branin-Unfav,Sequential,45,3.3617148202748792,24,52,3.759601820274879,80.199,18.561151626356317,5.3332104691388,0.36749174917491756,80.9350153280416,59.190822527244286,2424.0
Branin-Unfav,MFGP,49,0.009019962044670815,24,52,0.4069069620446708,199.211,83.41968874146671,153.09006979171477,0.2744224422442244,10.783067426041255,33.508874709893135,2424.0
Branin-Unfav,MFGP,51,0.009019962044670815,24,52,0.4069069620446708,150.219,20.697318506430467,5.763462628626624,0.2708333333333333,9.895546660140068,59.00705394823631,2424.0
Branin-Unfav,Sequential,47,0.5684849291449144,24,52,0.9663719291449144,81.942,28.759104021083246,5.318010102189643,0.305486798679868,76.09618057517915,92.08911645258436,2424.0
Branin-Unfav,Sequential,48,1.5486488092602473,24,52,1.9465358092602472,80.279,44.9910092043531,5.47488660028907,0.19471947194719477,83.35258657835514,54.73087766562769,2424.0
Branin-Unfav,Sequential,46,0.14546928279938853,24,52,0.5433562827993885,98.479,35.865561053441716,5.430153163779857,0.2682343234323432,83.87939671480031,58.01762454781641,2424.0
Branin-Unfav,Sequential,50,0.8490659666566377,24,52,1.2469529666566377,81.582,35.42907491833691,5.44285433781114,0.2782590759075908,84.83296355016311,57.23944199932596,2424.0
Branin-Unfav,Progressive,42,5.226757681371349,24,52,5.624644681371349,74.43,47.483172023710345,5.486981647144387,0.14661716171617162,82.90345062594301,56.37106906722767,2424.0
Branin-Unfav,Progressive,43,4.149448226435588,24,52,4.547335226435588,77.508,67.28783461592387,5.642593511256474,0.07353135313531352,80.07369990252626,59.515643593892186,2424.0
Branin-Unfav,Sequential,51,0.14546928279938853,24,52,0.5433562827993885,95.356,45.184247351721545,5.528014467275056,0.23065181518151823,88.94675330313892,55.996713052162185,2424.0
Branin-Unfav,Sequential,49,0.467988848429873,24,52,0.865875848429873,107.59,26.061157024854573,5.36090313045942,0.3316831683168317,81.24333419775863,38.38643388570794,2424.0
Branin-Unfav,Progressive,45,2.5328050121522603,24,52,2.93069201215226,79.252,52.680767598157736,5.505287268700408,0.09177392739273929,79.48285361040728,74.37647488955564,2424.0
Branin-Unfav,Progressive,44,2.577070109384376,24,52,2.974957109384376,92.686,62.06389632630769,5.615702601579658,0.060957095709570974,84.12368191814129,41.30748594243624,2424.0
Branin-Unfav,Progressive,48,4.149448226435588,24,52,4.547335226435588,77.065,55.726624954385606,5.527562972346796,0.08623762376237626,79.00738855678078,67.83951437029653,2424.0
Branin-Unfav,Progressive,47,3.3617148202748792,24,52,3.759601820274879,80.736,48.58331112509709,5.513728601326198,0.1460808580858086,83.57320946128564,138.07229160460983,2424.0
Branin-Unfav,Progressive,49,3.1266910900349068,24,52,3.5245780900349066,75.995,62.90682533316238,5.582063415501324,0.06322607260726074,80.56678427078438,50.68243487549951,2424.0
Branin-Unfav,Progressive,46,4.149448226435588,24,52,4.547335226435588,83.622,55.57716128590073,5.523633076582721,0.07825907590759076,78.2324735644353,63.317500350148734,2424.0
Branin-Unfav,Progressive,50,4.149448226435588,24,52,4.547335226435588,82.668,50.100358634719086,5.496104542679864,0.10891089108910894,80.59258175522848,62.508107803308874,2424.0
Branin-Unfav,Progressive,51,5.403141946411699,24,52,5.801028946411699,83.592,58.87980072202736,5.587199720144063,0.10767326732673269,84.06235652921308,44.9827952891198,2424.0
Branin-Unfav,Curriculum,42,0.19156022909624404,24,52,0.589447229096244,92.476,25.17018860416035,5.291585266648794,0.31043729372937295,75.50033568487945,72.93190714568073,2424.0
Branin-Unfav,Curriculum,43,0.5684849291449144,24,52,0.9663719291449144,92.385,46.39363494361477,5.510173551369559,0.22079207920792082,86.4948007621522,79.2615913553502,2424.0
Branin-Unfav,Curriculum,45,0.009019962044670815,24,52,0.4069069620446708,91.288,28.228881834085705,5.337495495755508,0.2966996699669967,78.60262100202769,68.22844941663415,2424.0
Branin-Unfav,Curriculum,44,0.41441008667516044,24,52,0.8122970866751604,93.566,40.02413468182639,5.465146209915525,0.24257425742574262,85.77893306474668,63.608221318517714,2424.0
Branin-Unfav,Curriculum,46,0.07480380217855298,24,52,0.47269080217855297,93.056,28.75703585091638,5.373336659245187,0.2997524752475248,81.35544613893404,71.09700151992298,2424.0
Branin-Unfav,Curriculum,47,0.3474885137832534,24,52,0.7453755137832534,88.035,28.97156239552264,5.35200558915488,0.29834983498349843,79.07475210985002,67.00153976149156,2424.0
Branin-Unfav,Curriculum,49,0.0066056977871608025,24,52,0.4044926977871608,86.859,26.24017719793995,5.362876546018395,0.3321369636963697,81.37003977248038,47.36000974585071,2424.0
Branin-Unfav,Curriculum,48,1.4998508730025462,24,52,1.897737873002546,92.319,47.15420585601076,5.490613363982005,0.1923679867986799,83.58857704511682,81.52702811242483,2424.0
Branin-Unfav,Curriculum,50,2.230263344915758,24,52,2.628150344915758,88.806,29.44494397577551,5.40920339503504,0.31047854785478546,84.24833411821163,67.49649404071896,2424.0
Branin-Unfav,Curriculum,51,2.556315453628039,24,52,2.9542024536280387,91.56,35.35946070631113,5.433326702828503,0.2573019801980198,84.0803466103375,84.87194027411122,2424.0
Branin-Unfav,Two-Stage Joint,42,0.07480380217855298,24,52,0.47269080217855297,161.559,37.83881943715422,5.434769513937519,0.2452557755775578,83.4679455224069,53.903930995037584,2424.0
Branin-Unfav,Two-Stage Joint,43,4.149448226435588,24,52,4.547335226435588,157.959,64.67433419448352,5.619380948562787,0.06804455445544552,80.78403903910004,64.77028138618431,2424.0
Branin-Unfav,Two-Stage Joint,44,3.1872150107265744,24,52,3.5851020107265743,164.263,50.6972323575507,5.529732388424132,0.15057755775577558,84.23547009036278,43.120909793844966,2424.0
Branin-Unfav,Two-Stage Joint,45,2.5328050121522603,24,52,2.93069201215226,159.995,54.134327403529674,5.51963909418241,0.08825907590759077,79.70535651997638,75.68719648433483,2424.0
Branin-Unfav,Two-Stage Joint,46,4.174125167642283,24,52,4.572012167642283,158.955,53.25680894730558,5.5045735740513,0.08165841584158418,78.25550685655688,67.13692571813674,2424.0
Branin-Unfav,Two-Stage Joint,47,1.9660941902665172,24,52,2.363981190266517,159.106,34.16299921177032,5.452900750857281,0.26225247524752476,86.62380063894354,123.12049753452801,2424.0
Branin-Unfav,DNGO-Joint,42,0.6655115547894795,24,52,1.0633985547894795,116.177,32.28104271350833,5.342702171779706,0.2871287128712871,77.93894211029729,53.87462056685128,2424.0
Branin-Unfav,DNGO-Joint,43,1.0538322934047821,24,52,1.451719293404782,114.347,44.76744025272991,5.500116723155126,0.22941419141914193,86.81010004774197,38.7326505363381,2424.0
Branin-Unfav,Two-Stage Joint,48,4.149448226435588,24,52,4.547335226435588,161.126,53.404493283380425,5.506857636701943,0.09238448844884489,78.80378900942169,64.33290133966418,2424.0
Branin-Unfav,Two-Stage Joint,49,5.403141946411699,24,52,5.801028946411699,154.766,55.90216980729514,5.524521232331,0.09168316831683168,80.48794747049507,43.157458087310694,2424.0
Branin-Unfav,Two-Stage Joint,50,4.149448226435588,24,52,4.547335226435588,153.684,48.63163652331113,5.488546313435104,0.11765676567656766,80.8494810909305,66.47092959809738,2424.0
Branin-Unfav,Two-Stage Joint,51,2.577070109384376,24,52,2.974957109384376,158.891,60.703980229119004,5.599359294562668,0.1011138613861386,84.79437282393782,54.83834880177529,2424.0
Branin-Unfav,DNGO-Joint,46,2.556315453628039,24,52,2.9542024536280387,95.513,20.918962699230683,5.375655649546042,0.36171617161716174,83.83779322290611,39.4294538188377,2424.0
Branin-Unfav,DNGO-Joint,45,3.3617148202748792,24,52,3.759601820274879,117.419,17.857399546782975,5.31496814967871,0.3752887788778878,79.57447881325614,57.164567013740196,2424.0
Branin-Unfav,DNGO-Joint,48,0.19156022909624404,24,52,0.589447229096244,95.472,34.91512281551856,5.439803217104952,0.2597359735973598,85.0949832158851,49.218574676822776,2424.0
Branin-Unfav,DNGO-Joint,47,0.3474885137832534,24,52,0.7453755137832534,102.088,24.630594118929952,5.306754947932029,0.3236798679867987,76.69282358088192,74.28952567766784,2424.0
Branin-Unfav,DNGO-Joint,49,0.467988848429873,24,52,0.865875848429873,102.237,20.296137056437527,5.35201085758332,0.3641089108910891,82.05718707066148,35.62173371746667,2424.0
Branin-Unfav,DNGO-Joint,50,0.9055776819364344,24,52,1.3034646819364344,103.745,29.663461859165977,5.44113390639421,0.3108085808580858,87.22560088584311,54.75620734987947,2424.0
Branin-Unfav,DNGO-Joint,44,0.467988848429873,24,52,0.865875848429873,138.539,48.636825422113695,5.386058835359697,0.1485973597359736,70.34039687740976,79.03528565351195,2424.0
Branin-Unfav,DNGO-Joint,51,0.6655115547894795,24,52,1.0633985547894795,117.384,24.27376653457808,5.38304260606514,0.3403465346534653,83.55419810999612,68.94992015084893,2424.0
Branin-Unfav,DNGO-Gradient,42,0.07480380217855298,24,52,0.47269080217855297,102.714,24.201696383221023,5.296848547690843,0.3259075907590758,76.3328830305391,59.01070234581294,2424.0
Branin-Unfav,DNGO-Gradient,44,0.3474885137832534,24,52,0.7453755137832534,104.044,37.09539642815946,5.47389354352945,0.2644389438943895,87.92944556970826,38.270563530750856,2424.0
Branin-Unfav,DNGO-Gradient,43,0.052375427876019454,24,52,0.45026242787601944,107.581,21.15975271100583,5.404253830797692,0.3598184818481848,86.34923718394668,52.18867559111982,2424.0
Branin-Unfav,DNGO-Gradient,45,0.8490659666566377,24,52,1.2469529666566377,112.929,37.1153332085913,5.450874282199458,0.2681930693069307,84.70693456449847,52.61820924662172,2424.0
Branin-Unfav,Knowledge Distillation,42,0.14546928279938853,24,52,0.5433562827993885,79.382,27.322167448346573,5.238704982912151,0.2852310231023102,70.48293791039997,84.069102017884,2424.0
Branin-Unfav,Knowledge Distillation,43,0.16005592324075912,24,52,0.5579429232407591,84.752,46.82911050735582,5.513692649700307,0.21699669966996699,86.72535008682006,63.61354281538577,2424.0
Branin-Unfav,DNGO-Gradient,48,3.617232591877631,24,52,4.015119591877631,115.432,36.50703990216616,5.445922553986136,0.24232673267326738,84.54598895137201,74.82442453620887,2424.0
Branin-Unfav,DNGO-Gradient,47,0.4035566709587507,24,52,0.8014436709587507,126.342,26.76325845894373,5.363920469733722,0.30870462046204616,80.95031463056094,80.69111646283523,2424.0
Branin-Unfav,DNGO-Gradient,46,0.07480380217855298,24,52,0.47269080217855297,133.931,42.09070780886507,5.483326701849994,0.2585808580858086,86.30282664528377,54.460370599295764,2424.0
Branin-Unfav,Knowledge Distillation,45,0.14546928279938853,24,52,0.5433562827993885,83.803,28.772628453313327,5.3328914089774315,0.2863861386138614,77.90840658511085,74.81174021571955,2424.0
Branin-Unfav,Knowledge Distillation,46,0.14546928279938853,24,52,0.5433562827993885,81.299,30.69675214680502,5.390754509527143,0.2896864686468647,82.27297394350595,77.33154099318385,2424.0
Branin-Unfav,Knowledge Distillation,44,0.14546928279938853,24,52,0.5433562827993885,87.488,41.18598063623183,5.482502592544088,0.24278052805280526,86.61545384877364,58.80896090685503,2424.0
Branin-Unfav,DNGO-Gradient,50,0.23697428159646783,24,52,0.6348612815964678,122.714,37.880425809770024,5.449946752696761,0.2617574257425742,84.72579512918703,47.154232343588646,2424.0
Branin-Unfav,DNGO-Gradient,49,0.7759110906150174,24,52,1.1737980906150174,132.865,30.847287233612786,5.259028918112755,0.25985973597359735,70.3781424318988,66.95987076728392,2424.0
Branin-Unfav,DNGO-Gradient,51,0.009019962044670815,24,52,0.4069069620446708,132.823,23.002269224871988,5.3894153752599765,0.3471534653465347,84.65998462922315,52.29598179808903,2424.0
Branin-Unfav,Knowledge Distillation,47,1.0538322934047821,24,52,1.451719293404782,88.013,32.594035216373456,5.411518406505465,0.28283828382838283,82.98821331437544,90.56564982801456,2424.0
Branin-Unfav,Knowledge Distillation,48,0.8490659666566377,24,52,1.2469529666566377,86.42,48.908488203421605,5.5042143752765,0.18230198019801985,83.88540263344333,70.9538315468298,2424.0
Branin-Unfav,Knowledge Distillation,49,0.07480380217855298,24,52,0.47269080217855297,89.065,52.466449633294516,5.41212670857533,0.12949669966996702,68.80340011623385,75.48605770048012,2424.0
Branin-Unfav,Knowledge Distillation,51,0.14546928279938853,24,52,0.5433562827993885,85.473,40.402689593941844,5.502887385777535,0.2595709570957096,89.06945989922845,61.0178201748935,2424.0
Branin-Unfav,Knowledge Distillation,50,0.5684849291449144,24,52,0.9663719291449144,96.184,34.67834178894733,5.443560642715821,0.2827970297029704,85.28135655436014,64.95221099121864,2424.0
Branin-Unfav,Domain Adaptation (MMD),44,0.2705594724235735,24,52,0.6684464724235735,161.629,39.244284040321155,5.448039941824399,0.26105610561056103,84.70819970398917,51.71741875627728,2424.0
Branin-Unfav,Domain Adaptation (MMD),42,0.07480380217855298,24,52,0.47269080217855297,170.706,25.05654702872083,5.300332497663082,0.31229372937293726,76.41805580803138,67.14985130963575,2424.0
Branin-Unfav,Domain Adaptation (MMD),46,0.19156022909624404,24,52,0.589447229096244,163.95,29.644002670224424,5.3857634369529634,0.30152640264026404,82.39442135217148,62.99502360164357,2424.0
Branin-Unfav,Domain Adaptation (MMD),43,0.16005592324075912,24,52,0.5579429232407591,175.533,37.41066353472273,5.465426291150076,0.2689356435643565,87.0793174574881,54.154447872037046,2424.0
Branin-Unfav,Domain Adaptation (MMD),45,0.07480380217855298,24,52,0.47269080217855297,174.91,34.19520125479866,5.395430770531135,0.2601897689768977,81.10280453416976,72.02449110872308,2424.0
Branin-Unfav,Soft Parameter Sharing,42,0.07480380217855298,24,52,0.47269080217855297,100.343,32.4614899764984,5.410241923044166,0.28312706270627064,83.71130098780336,47.79406298630224,2424.0
Branin-Unfav,Domain Adaptation (MMD),47,1.5486488092602473,24,52,1.9465358092602472,172.478,28.23370412466804,5.312724583998632,0.2954207920792079,76.08989912967516,117.31605943895606,2424.0
Branin-Unfav,Domain Adaptation (MMD),48,0.23697428159646783,24,52,0.6348612815964678,167.51,40.81327124975548,5.468593483168661,0.22636138613861387,85.49665095378178,64.12717459299542,2424.0
Branin-Unfav,Domain Adaptation (MMD),49,2.3339751976806076,24,52,2.7318621976806075,163.471,43.98120012107001,5.333110865923718,0.18448844884488452,68.99207664108415,62.45135827783098,2424.0
Branin-Unfav,Soft Parameter Sharing,43,0.9530767209234668,24,52,1.3509637209234668,107.09,33.81528434712893,5.417837059985713,0.2702145214521453,83.2650304894696,44.622548785828485,2424.0
Branin-Unfav,Domain Adaptation (MMD),50,0.16005592324075912,24,52,0.5579429232407591,165.14,28.590392522015286,5.429180747074796,0.3176155115511551,86.49652194873872,56.009993301220916,2424.0
Branin-Unfav,Domain Adaptation (MMD),51,0.07480380217855298,24,52,0.47269080217855297,168.019,31.570282423477973,5.438891708957661,0.3063531353135314,86.18659620725052,62.648571391809135,2424.0
Branin-Unfav,Soft Parameter Sharing,44,0.3474885137832534,24,52,0.7453755137832534,97.173,41.21229490882988,5.461663619247801,0.19055280528052804,83.76859070267925,45.05366318066187,2424.0
Branin-Unfav,Soft Parameter Sharing,45,1.9660941902665172,24,52,2.363981190266517,98.638,32.18221446117187,5.376525939623079,0.2406765676567657,79.96707345860754,58.61900449594188,2424.0
Branin-Unfav,Pseudo-Labeling,42,0.14546928279938853,24,52,0.5433562827993885,87.569,27.91505930991979,5.236586548959243,0.2808168316831683,70.02475582203947,83.85417102332681,2424.0
Branin-Unfav,Soft Parameter Sharing,46,1.109003323700228,24,52,1.5068903237002278,106.014,30.560291795075308,5.413746869469804,0.3001650165016502,84.21527688690134,38.76346469992152,2424.0
Branin-Unfav,Soft Parameter Sharing,49,0.467988848429873,24,52,0.865875848429873,94.967,25.911622579294086,5.198037499792725,0.28836633663366334,67.61235158762098,90.06007338981811,2424.0
Branin-Unfav,Soft Parameter Sharing,50,0.23697428159646783,24,52,0.6348612815964678,94.449,28.392208217459125,5.379021564462336,0.3017326732673268,81.860628321423,58.991225703259,2424.0
Branin-Unfav,Soft Parameter Sharing,47,0.07480380217855298,24,52,0.47269080217855297,100.562,29.81784128194223,5.321149888523025,0.29306930693069305,75.96325109906014,100.73082062940362,2424.0
Branin-Unfav,Soft Parameter Sharing,51,0.07480380217855298,24,52,0.47269080217855297,93.579,35.92763377826138,5.457894008892783,0.2580445544554456,86.16432986539603,45.42248361367672,2424.0
Branin-Unfav,Pseudo-Labeling,43,0.009019962044670815,24,52,0.4069069620446708,97.19,35.21355716554681,5.42634812601857,0.2739273927392739,83.69659463440595,58.81558553471755,2424.0
Branin-Unfav,Soft Parameter Sharing,48,0.5684849291449144,24,52,0.9663719291449144,120.785,33.790060202019845,5.41221785996594,0.26514026402640267,82.87167497395234,57.75861947888431,2424.0
Branin-Unfav,Pseudo-Labeling,44,0.07480380217855298,24,52,0.47269080217855297,88.266,44.465125685555925,5.499994796636639,0.22409240924092408,86.74931499200709,60.579158519196,2424.0
Branin-Unfav,Pseudo-Labeling,45,0.5013145474907049,24,52,0.8992015474907049,86.014,25.736667789386463,5.313083357398845,0.3102310231023103,77.23867685472332,67.16360920131021,2424.0
Branin-Unfav,Pseudo-Labeling,46,0.19156022909624404,24,52,0.589447229096244,90.834,33.14083731530322,5.400262126749473,0.2820957095709572,82.3378200936685,84.87908303771671,2424.0
Branin-Unfav,Pseudo-Labeling,47,0.5684849291449144,24,52,0.9663719291449144,90.633,32.54975144291773,5.411513531147734,0.28349834983498357,83.00846191784498,85.94707876639457,2424.0
Branin-Unfav,Pseudo-Labeling,48,1.5486488092602473,24,52,1.9465358092602472,86.092,49.55043016091524,5.505728944426417,0.1754950495049505,83.27882270892111,72.55669468770051,2424.0
Branin-Unfav,Pseudo-Labeling,50,0.23697428159646783,24,52,0.6348612815964678,85.638,34.97372340139999,5.439086245894331,0.2812293729372938,84.7824471931347,67.63997847433728,2424.0
Branin-Unfav,Pseudo-Labeling,51,0.14546928279938853,24,52,0.5433562827993885,83.925,40.44486113516292,5.502665014251139,0.258457095709571,89.03981734175986,63.798305706757134,2424.0
Branin-Unfav,Adapter,42,0.3474885137832534,24,52,0.7453755137832534,87.435,25.730357880319254,5.212590423954677,0.29207920792079206,68.75091630786623,49.33412619313739,2424.0
Branin-Unfav,Adapter,43,1.5486488092602473,24,52,1.9465358092602472,87.795,32.44278282633146,5.421001188327142,0.28593234323432337,84.00518175506355,71.11550497992124,2424.0
Branin-Unfav,Pseudo-Labeling,49,1.109003323700228,24,52,1.5068903237002278,102.667,49.02240684467697,5.412777194941387,0.16749174917491755,73.02118760713182,74.25403478177114,2424.0
Branin-Unfav,Adapter,45,1.5212575073351404,24,52,1.9191445073351403,84.904,24.186032507914042,5.321418110617571,0.3214521452145215,78.56467284738542,119.3181325342545,2424.0
Branin-Unfav,Adapter,44,0.10339752042404704,24,52,0.501284520424047,96.496,47.60387374089458,5.49963723773641,0.2058168316831684,85.14253083561178,64.06534248739996,2424.0
Branin-Unfav,Adapter,46,0.07480380217855298,24,52,0.47269080217855297,84.451,31.59533560950939,5.387415783236189,0.28543729372937293,81.71940233793111,55.08561430515648,2424.0
Branin-Unfav,Adapter,47,1.852144194230294,24,52,2.250031194230294,80.94,26.5294735440897,5.338934766066284,0.3150990099009901,78.95621690287315,102.073366541038,2424.0
Branin-Unfav,Adapter,48,1.5486488092602473,24,52,1.9465358092602472,73.029,31.864560927716948,5.447433352850348,0.2979785478547855,87.3325345013525,77.63583408582339,2424.0
Branin-Unfav,Adapter,49,0.3474885137832534,24,52,0.7453755137832534,70.339,24.292445084967863,5.371889814907992,0.33378712871287136,82.5278088369111,66.15571921246841,2424.0
Branin-Unfav,Adapter,51,0.3474885137832534,24,52,0.7453755137832534,69.257,30.163948065464513,5.419478758922096,0.3067244224422442,85.07140920802985,69.20298928588497,2424.0
Branin-Unfav,Adapter,50,0.07480380217855298,24,52,0.47269080217855297,71.658,43.94602108336238,5.511702908034364,0.23803630363036304,88.99190921801512,71.94798868843772,2424.0
Park-Fav,Sequential,43,1.087312731383618e-07,23,234,1.087312731383618e-07,174.274,,,,,,
Park-Fav,Sequential,42,1.087312731383618e-07,23,234,1.087312731383618e-07,177.535,,,,,,
Park-Fav,Sequential,45,1.087312731383618e-07,23,234,1.087312731383618e-07,172.574,,,,,,
Park-Fav,Sequential,44,1.087312731383618e-07,23,234,1.087312731383618e-07,174.483,,,,,,
Park-Fav,Sequential,47,1.087312731383618e-07,23,234,1.087312731383618e-07,165.981,,,,,,
Park-Fav,Sequential,46,1.087312731383618e-07,23,234,1.087312731383618e-07,166.985,,,,,,
Park-Fav,Sequential,49,1.087312731383618e-07,23,234,1.087312731383618e-07,171.925,,,,,,
Park-Fav,Sequential,48,1.087312731383618e-07,23,234,1.087312731383618e-07,176.747,,,,,,
Park-Fav,Sequential,50,1.087312731383618e-07,23,234,1.087312731383618e-07,167.671,,,,,,
Park-Fav,Sequential,51,1.087312731383618e-07,23,234,1.087312731383618e-07,168.354,,,,,,
Park-Fav,Progressive,42,1.087312731383618e-07,23,234,1.087312731383618e-07,152.847,,,,,,
Park-Fav,Progressive,43,1.087312731383618e-07,23,234,1.087312731383618e-07,154.859,,,,,,
Park-Fav,Progressive,44,1.087312731383618e-07,23,234,1.087312731383618e-07,148.587,,,,,,
Park-Fav,Progressive,45,1.087312731383618e-07,23,234,1.087312731383618e-07,150.559,,,,,,
Park-Fav,MFGP,45,1.087312731383618e-07,23,234,1.087312731383618e-07,1290.669,,,,,,
Park-Fav,MFGP,42,1.087312731383618e-07,23,234,1.087312731383618e-07,1312.261,,,,,,
Park-Fav,MFGP,44,1.087312731383618e-07,23,234,1.087312731383618e-07,1342.322,,,,,,
Park-Fav,MFGP,43,1.087312731383618e-07,23,234,1.087312731383618e-07,1357.494,,,,,,
Park-Fav,MFGP,48,1.087312731383618e-07,23,234,1.087312731383618e-07,1335.609,,,,,,
Park-Fav,MFGP,51,1.087312731383618e-07,23,234,1.087312731383618e-07,1327.129,,,,,,
Park-Fav,MFGP,46,1.087312731383618e-07,23,234,1.087312731383618e-07,1370.533,,,,,,
Park-Fav,Progressive,47,1.087312731383618e-07,23,234,1.087312731383618e-07,178.282,,,,,,
Park-Fav,Progressive,46,1.087312731383618e-07,23,234,1.087312731383618e-07,187.517,,,,,,
Park-Fav,MFGP,49,1.087312731383618e-07,23,234,1.087312731383618e-07,1374.586,,,,,,
Park-Fav,MFGP,47,1.087312731383618e-07,23,234,1.087312731383618e-07,1503.103,,,,,,
Park-Fav,Progressive,49,1.087312731383618e-07,23,234,1.087312731383618e-07,264.674,,,,,,
Park-Fav,Progressive,48,1.087312731383618e-07,23,234,1.087312731383618e-07,279.863,,,,,,
Park-Fav,Progressive,50,1.087312731383618e-07,23,234,1.087312731383618e-07,286.409,,,,,,
Park-Fav,Progressive,51,1.087312731383618e-07,23,234,1.087312731383618e-07,300.197,,,,,,
Park-Fav,Curriculum,42,1.087312731383618e-07,23,234,1.087312731383618e-07,310.896,,,,,,
Park-Fav,Curriculum,44,1.087312731383618e-07,23,234,1.087312731383618e-07,324.796,,,,,,
Park-Fav,Curriculum,47,1.087312731383618e-07,23,234,1.087312731383618e-07,297.188,,,,,,
Park-Fav,Curriculum,43,1.087312731383618e-07,23,234,1.087312731383618e-07,330.012,,,,,,
Park-Fav,Curriculum,45,1.087312731383618e-07,23,234,1.087312731383618e-07,316.645,,,,,,
Park-Fav,Curriculum,46,1.087312731383618e-07,23,234,1.087312731383618e-07,332.4,,,,,,
Park-Fav,MFGP,50,1.087312731383618e-07,23,234,1.087312731383618e-07,1688.788,,,,,,
Park-Fav,Curriculum,48,1.087312731383618e-07,23,234,1.087312731383618e-07,335.37,,,,,,
Park-Fav,Curriculum,50,1.087312731383618e-07,23,234,1.087312731383618e-07,321.241,,,,,,
Park-Fav,Curriculum,49,1.087312731383618e-07,23,234,1.087312731383618e-07,333.393,,,,,,
Park-Fav,Curriculum,51,1.087312731383618e-07,23,234,1.087312731383618e-07,330.527,,,,,,
Park-Fav,Two-Stage Joint,42,1.087312731383618e-07,23,234,1.087312731383618e-07,591.016,,,,,,
Park-Fav,Two-Stage Joint,45,1.087312731383618e-07,23,234,1.087312731383618e-07,557.773,,,,,,
Park-Fav,Two-Stage Joint,43,1.087312731383618e-07,23,234,1.087312731383618e-07,603.125,,,,,,
Park-Fav,DNGO-Joint,42,1.087312731383618e-07,23,234,1.087312731383618e-07,386.671,,,,,,
Park-Fav,Two-Stage Joint,47,1.087312731383618e-07,23,234,1.087312731383618e-07,580.239,,,,,,
Park-Fav,Two-Stage Joint,44,1.087312731383618e-07,23,234,1.087312731383618e-07,597.747,,,,,,
Park-Fav,Two-Stage Joint,46,1.087312731383618e-07,23,234,1.087312731383618e-07,598.627,,,,,,
Park-Fav,Two-Stage Joint,48,1.087312731383618e-07,23,234,1.087312731383618e-07,585.477,,,,,,
Park-Fav,Two-Stage Joint,49,1.087312731383618e-07,23,234,1.087312731383618e-07,592.095,,,,,,
Park-Fav,DNGO-Joint,43,1.087312731383618e-07,23,234,1.087312731383618e-07,388.861,,,,,,
Park-Fav,Two-Stage Joint,50,1.087312731383618e-07,23,234,1.087312731383618e-07,574.575,,,,,,
Park-Fav,Two-Stage Joint,51,1.087312731383618e-07,23,234,1.087312731383618e-07,556.84,,,,,,
Park-Fav,DNGO-Joint,44,1.087312731383618e-07,23,234,1.087312731383618e-07,371.788,,,,,,
Park-Fav,DNGO-Joint,45,1.087312731383618e-07,23,234,1.087312731383618e-07,385.629,,,,,,
Park-Fav,DNGO-Joint,46,1.087312731383618e-07,23,234,1.087312731383618e-07,391.225,,,,,,
Park-Fav,DNGO-Joint,47,1.087312731383618e-07,23,234,1.087312731383618e-07,382.052,,,,,,
Park-Fav,DNGO-Joint,48,1.087312731383618e-07,23,234,1.087312731383618e-07,370.189,,,,,,
Park-Fav,DNGO-Joint,49,1.087312731383618e-07,23,234,1.087312731383618e-07,391.352,,,,,,
Park-Fav,DNGO-Joint,50,1.087312731383618e-07,23,234,1.087312731383618e-07,407.774,,,,,,
Park-Fav,DNGO-Joint,51,1.087312731383618e-07,23,234,1.087312731383618e-07,401.194,,,,,,
Park-Fav,DNGO-Gradient,42,1.087312731383618e-07,23,234,1.087312731383618e-07,430.367,,,,,,
Park-Fav,DNGO-Gradient,43,1.087312731383618e-07,23,234,1.087312731383618e-07,428.901,,,,,,
Park-Fav,DNGO-Gradient,44,1.087312731383618e-07,23,234,1.087312731383618e-07,423.23,,,,,,
Park-Fav,DNGO-Gradient,45,1.087312731383618e-07,23,234,1.087312731383618e-07,440.587,,,,,,
Park-Fav,Knowledge Distillation,43,1.087312731383618e-07,23,234,1.087312731383618e-07,312.498,,,,,,
Park-Fav,Knowledge Distillation,42,1.087312731383618e-07,23,234,1.087312731383618e-07,322.862,,,,,,
Park-Fav,DNGO-Gradient,47,1.087312731383618e-07,23,234,1.087312731383618e-07,402.737,,,,,,
Park-Fav,DNGO-Gradient,46,1.087312731383618e-07,23,234,1.087312731383618e-07,452.381,,,,,,
Park-Fav,DNGO-Gradient,48,1.087312731383618e-07,23,234,1.087312731383618e-07,406.416,,,,,,
Park-Fav,Knowledge Distillation,45,1.087312731383618e-07,23,234,1.087312731383618e-07,297.691,,,,,,
Park-Fav,Knowledge Distillation,44,1.087312731383618e-07,23,234,1.087312731383618e-07,317.75,,,,,,
Park-Fav,DNGO-Gradient,50,1.087312731383618e-07,23,234,1.087312731383618e-07,422.055,,,,,,
Park-Fav,DNGO-Gradient,49,1.087312731383618e-07,23,234,1.087312731383618e-07,430.13,,,,,,
Park-Fav,DNGO-Gradient,51,1.087312731383618e-07,23,234,1.087312731383618e-07,444.12,,,,,,
Park-Fav,Knowledge Distillation,46,1.087312731383618e-07,23,234,1.087312731383618e-07,324.841,,,,,,
Park-Fav,Knowledge Distillation,47,1.087312731383618e-07,23,234,1.087312731383618e-07,311.614,,,,,,
Park-Fav,Knowledge Distillation,49,1.087312731383618e-07,23,234,1.087312731383618e-07,325.584,,,,,,
Park-Fav,Knowledge Distillation,48,1.087312731383618e-07,23,234,1.087312731383618e-07,343.29,,,,,,
Park-Fav,Knowledge Distillation,51,1.087312731383618e-07,23,234,1.087312731383618e-07,315.065,,,,,,
Park-Fav,Knowledge Distillation,50,1.087312731383618e-07,23,234,1.087312731383618e-07,334.503,,,,,,
Park-Fav,Domain Adaptation (MMD),45,1.087312731383618e-07,23,234,1.087312731383618e-07,590.947,,,,,,
Park-Fav,Domain Adaptation (MMD),43,1.087312731383618e-07,23,234,1.087312731383618e-07,616.399,,,,,,
Park-Fav,Domain Adaptation (MMD),42,1.087312731383618e-07,23,234,1.087312731383618e-07,623.854,,,,,,
Park-Fav,Domain Adaptation (MMD),44,1.087312731383618e-07,23,234,1.087312731383618e-07,623.554,,,,,,
Park-Fav,Domain Adaptation (MMD),46,1.087312731383618e-07,23,234,1.087312731383618e-07,627.369,,,,,,
Park-Fav,Soft Parameter Sharing,43,1.087312731383618e-07,23,234,1.087312731383618e-07,353.893,,,,,,
Park-Fav,Soft Parameter Sharing,42,1.087312731383618e-07,23,234,1.087312731383618e-07,362.723,,,,,,
Park-Fav,Domain Adaptation (MMD),47,1.087312731383618e-07,23,234,1.087312731383618e-07,616.29,,,,,,
Park-Fav,Domain Adaptation (MMD),48,1.087312731383618e-07,23,234,1.087312731383618e-07,651.59,,,,,,
Park-Fav,Domain Adaptation (MMD),49,1.087312731383618e-07,23,234,1.087312731383618e-07,622.718,,,,,,
Park-Fav,Domain Adaptation (MMD),51,1.087312731383618e-07,23,234,1.087312731383618e-07,612.454,,,,,,
Park-Fav,Domain Adaptation (MMD),50,1.087312731383618e-07,23,234,1.087312731383618e-07,633.755,,,,,,
Park-Fav,Soft Parameter Sharing,45,1.087312731383618e-07,23,234,1.087312731383618e-07,351.153,,,,,,
Park-Fav,Soft Parameter Sharing,44,1.087312731383618e-07,23,234,1.087312731383618e-07,357.428,,,,,,
Park-Fav,Soft Parameter Sharing,47,1.087312731383618e-07,23,234,1.087312731383618e-07,367.477,,,,,,
Park-Fav,Soft Parameter Sharing,46,1.087312731383618e-07,23,234,1.087312731383618e-07,396.912,,,,,,
Park-Fav,Soft Parameter Sharing,48,1.087312731383618e-07,23,234,1.087312731383618e-07,374.571,,,,,,
Park-Fav,Soft Parameter Sharing,49,1.087312731383618e-07,23,234,1.087312731383618e-07,369.472,,,,,,
Park-Fav,Pseudo-Labeling,42,1.087312731383618e-07,23,234,1.087312731383618e-07,315.052,,,,,,
Park-Fav,Soft Parameter Sharing,51,1.087312731383618e-07,23,234,1.087312731383618e-07,391.105,,,,,,
Park-Fav,Pseudo-Labeling,43,1.087312731383618e-07,22,235,1.087312731383618e-07,323.962,,,,,,
Park-Fav,Soft Parameter Sharing,50,1.087312731383618e-07,23,234,1.087312731383618e-07,410.917,,,,,,
Park-Fav,Pseudo-Labeling,44,1.087312731383618e-07,23,234,1.087312731383618e-07,307.693,,,,,,
Park-Fav,Pseudo-Labeling,45,1.087312731383618e-07,23,234,1.087312731383618e-07,344.085,,,,,,
Park-Fav,Pseudo-Labeling,47,1.087312731383618e-07,23,234,1.087312731383618e-07,329.18,,,,,,
Park-Fav,Pseudo-Labeling,46,1.087312731383618e-07,23,234,1.087312731383618e-07,343.926,,,,,,
Park-Fav,Pseudo-Labeling,48,1.087312731383618e-07,23,234,1.087312731383618e-07,322.104,,,,,,
Park-Fav,Pseudo-Labeling,50,1.087312731383618e-07,23,234,1.087312731383618e-07,320.193,,,,,,
Park-Fav,Pseudo-Labeling,49,1.087312731383618e-07,23,234,1.087312731383618e-07,335.87,,,,,,
Park-Fav,Adapter,42,1.087312731383618e-07,23,234,1.087312731383618e-07,314.547,,,,,,
Park-Fav,Adapter,43,1.087312731383618e-07,23,234,1.087312731383618e-07,312.834,,,,,,
Park-Fav,Pseudo-Labeling,51,1.087312731383618e-07,23,234,1.087312731383618e-07,357.353,,,,,,
Park-Fav,Adapter,44,1.087312731383618e-07,23,234,1.087312731383618e-07,323.144,,,,,,
Park-Fav,Adapter,45,1.087312731383618e-07,23,234,1.087312731383618e-07,322.647,,,,,,
Park-Fav,Adapter,46,1.087312731383618e-07,23,234,1.087312731383618e-07,273.551,,,,,,
Park-Unfav,MFGP,42,1.1161802446987618e-07,24,52,1.1161802446987618e-07,177.998,10.51913028069536,65.56967790479918,0.5,1.0136784928463476,5.813681499663661,180.0
Park-Fav,Adapter,47,1.087312731383618e-07,23,234,1.087312731383618e-07,276.891,,,,,,
Park-Fav,Adapter,49,1.087312731383618e-07,23,234,1.087312731383618e-07,273.882,,,,,,
Park-Fav,Adapter,48,1.087312731383618e-07,23,234,1.087312731383618e-07,294.319,,,,,,
Park-Fav,Adapter,50,1.087312731383618e-07,23,234,1.087312731383618e-07,269.954,,,,,,
Park-Fav,Adapter,51,1.087312731383618e-07,23,234,1.087312731383618e-07,258.246,,,,,,
Park-Unfav,MFGP,43,1.1281375602258802e-07,24,52,1.1281375602258802e-07,247.224,6.825013774706991,42.0487422355731,0.49833333333333335,0.9835619075105133,3.6244875646661066,180.0
Park-Unfav,MFGP,44,1.560885138775958e-07,24,52,1.560885138775958e-07,256.101,5.284807766481302,36.50272197187589,0.4988888888888889,0.7294251565146825,3.845543642938846,180.0
Park-Unfav,Sequential,42,1.1161802446987618e-07,24,52,1.1161802446987618e-07,52.977,0.9070126202023179,2.246311862778102,0.37333333333333335,3.685659689458419,6.345407118914848,180.0
Park-Unfav,Sequential,43,1.137312731133618e-07,24,52,1.137312731133618e-07,53.948,0.44515507242019464,2.043344658585277,0.4250000000000001,3.054228400950299,3.411916787491553,180.0
Park-Unfav,MFGP,47,1.087312731383618e-07,24,52,1.087312731383618e-07,241.863,2.200061806581022,16.91816593519299,0.37444444444444447,0.6341064074280194,6.826898974428251,180.0
Park-Unfav,Sequential,44,1.137312731133618e-07,24,52,1.137312731133618e-07,60.752,0.27693707228987563,2.0272041638385203,0.45055555555555554,3.022099638180512,3.344502051763055,180.0
Park-Unfav,MFGP,45,1.1161802446987618e-07,24,52,1.1161802446987618e-07,273.829,3.2525378610636695,26.398628083416547,0.49444444444444446,0.7896445744335261,5.774981233898156,180.0
Park-Unfav,Sequential,45,1.1161802446987618e-07,24,52,1.1161802446987618e-07,62.856,0.37396337231562327,1.5842041149868686,0.38388888888888884,1.9137679986880871,5.286991393733362,180.0
Park-Unfav,Sequential,46,1.137312731133618e-07,24,52,1.137312731133618e-07,69.219,0.34947584355121064,1.395242647206803,0.3633333333333334,1.571178992217282,5.74968265243381,180.0
Park-Unfav,Sequential,47,1.087312731383618e-07,24,52,1.087312731383618e-07,70.767,0.34714285178274445,1.5022910653151327,0.38111111111111107,1.7595378253976321,5.726643367323093,180.0
Park-Unfav,Sequential,48,2.070648425403671e-07,24,52,2.070648425403671e-07,69.784,0.32783745895163924,1.6486068570946928,0.41,2.053192302606841,4.178601051749843,180.0
Park-Unfav,Sequential,49,1.1161802446987618e-07,24,52,1.1161802446987618e-07,76.157,0.8106095209161291,1.4720660254332263,0.2500000000000001,1.5441455363631607,6.5030729454253,180.0
Park-Unfav,MFGP,48,1.1281375602258802e-07,24,52,1.1281375602258802e-07,234.207,3.15186187291971,20.581184537099098,0.5,0.7431384568943246,5.2923451549980784,180.0
Park-Unfav,Sequential,51,1.5522763663339387e-07,24,52,1.5522763663339387e-07,73.41,0.35374911695085504,1.3021741567493463,0.35,1.424716885804334,6.12493798095321,180.0
Park-Unfav,Sequential,50,1.087312731383618e-07,24,52,1.087312731383618e-07,80.913,0.3189495918246891,1.4991541735208298,0.3872222222222222,1.7584068952232128,5.380070105982576,180.0
Park-Unfav,MFGP,50,1.087312731383618e-07,24,52,1.087312731383618e-07,200.939,2.0126989749289352,21.19549472452298,0.4211111111111111,0.5533239899725012,6.812155255474087,180.0
Park-Unfav,Progressive,42,1.1161802446987618e-07,24,52,1.1161802446987618e-07,66.405,1.0163547862993025,2.2538074112896287,0.35277777777777775,3.687186656645033,5.89802748958423,180.0
Park-Unfav,MFGP,46,1.137312731133618e-07,24,52,1.137312731133618e-07,362.098,1.4349158011991567,11.502972703040298,0.19555555555555557,0.8516105369372917,7.83925314505222,180.0
Park-Unfav,Progressive,45,1.5248471779533417e-07,24,52,1.5248471779533417e-07,66.142,0.41056375501650827,1.6198737005371957,0.3827777777777778,1.980008182027227,5.9800667105739596,180.0
Park-Unfav,Progressive,43,1.087312731383618e-07,24,52,1.087312731383618e-07,69.396,0.4444189796714246,2.032035443054519,0.42444444444444446,3.017517966493027,5.825156868859278,180.0
Park-Unfav,Progressive,44,1.137312731133618e-07,24,52,1.137312731133618e-07,73.731,0.263808736339323,2.0115500176862637,0.45,2.975229750051321,6.063445566103926,180.0
Park-Unfav,Progressive,46,1.137312731133618e-07,24,52,1.137312731133618e-07,78.625,0.32609990654165816,1.407120029501745,0.3761111111111111,1.5966531321700732,7.856478089413796,180.0
Park-Unfav,Progressive,49,1.1161802446987618e-07,24,52,1.1161802446987618e-07,64.819,0.9172089004783721,1.5646498429280118,0.23722222222222228,1.6808191527912888,7.973866308323976,180.0
Park-Unfav,Progressive,47,1.087312731383618e-07,24,52,1.087312731383618e-07,80.444,0.33515590429203984,1.5048925060521374,0.375,1.7667133314880037,7.493286631084133,180.0
Park-Unfav,Progressive,48,1.560885138775958e-07,24,52,1.560885138775958e-07,76.448,0.3801004595162724,1.6842810451415593,0.4022222222222222,2.122388918428546,6.819686571216976,180.0
Park-Unfav,Progressive,50,1.087312731383618e-07,24,52,1.087312731383618e-07,72.874,0.34077348096808385,1.5431261532171427,0.38,1.8360117132297114,6.651068062240759,180.0
Park-Unfav,Progressive,51,1.5522763663339387e-07,24,52,1.5522763663339387e-07,79.727,0.3968500711871782,1.3183684560075655,0.3388888888888889,1.43851583339026,7.627963285657746,180.0
Park-Unfav,MFGP,51,2.051277131164388e-07,24,52,2.051277131164388e-07,262.423,1.5226063803881356,12.364718746643245,0.23277777777777775,0.808143595091742,7.666860702068529,180.0
Park-Unfav,MFGP,49,1.541513844536675e-07,24,52,1.541513844536675e-07,326.21,1.8463938654066054,14.277829027650487,0.2777777777777778,0.7454320391031336,7.048933094099353,180.0
Park-Unfav,Curriculum,42,1.1161802446987618e-07,24,52,1.1161802446987618e-07,92.879,0.8823296860109202,2.241747211689581,0.37777777777777777,3.67568170947917,6.380952015866472,180.0
Park-Unfav,Curriculum,43,1.137312731133618e-07,24,52,1.137312731133618e-07,86.607,0.41794308591989227,2.025522808134277,0.42777777777777776,3.002184415821921,4.370745890633569,180.0
Park-Unfav,Curriculum,45,1.087312731383618e-07,24,52,1.087312731383618e-07,92.189,0.3579753464404434,1.5991573683514244,0.3944444444444445,1.947403520035044,5.53518636647061,180.0
Park-Unfav,Curriculum,46,1.087312731383618e-07,24,52,1.087312731383618e-07,87.076,0.3601216001320424,1.3994442656061301,0.35777777777777775,1.5760191144262463,7.6480061843985965,180.0
Park-Unfav,Curriculum,44,2.0780363189549918e-07,24,52,2.0780363189549918e-07,112.393,0.26040522844027,1.9950857806745534,0.4538888888888889,2.9267825915550034,5.145429536251884,180.0
Park-Unfav,Curriculum,47,1.087312731383618e-07,24,52,1.087312731383618e-07,85.594,0.3326197893687663,1.5121364946951656,0.3877777777777777,1.780724979252805,6.193040932278198,180.0
Park-Unfav,Curriculum,49,1.1281375602258802e-07,24,52,1.1281375602258802e-07,97.822,0.8178643847730436,1.4535437354336138,0.2394444444444445,1.500532205632085,6.684342661255225,180.0
Park-Unfav,Curriculum,48,1.1281375602258802e-07,24,52,1.1281375602258802e-07,107.141,0.3349662825395523,1.6205285700670484,0.4033333333333333,1.994405083844426,5.9087763469507,180.0
Park-Unfav,Curriculum,51,1.5522763663339387e-07,24,52,1.5522763663339387e-07,87.621,0.3335868503606062,1.4382336692867763,0.38055555555555554,1.6493217595042893,6.881634770098882,180.0
Park-Unfav,Curriculum,50,1.087312731383618e-07,24,52,1.087312731383618e-07,113.988,0.3062771937688734,1.580305259575093,0.40166666666666667,1.914132140014869,5.986002964180656,180.0
Park-Unfav,Two-Stage Joint,42,1.1161802446987618e-07,24,52,1.1161802446987618e-07,155.808,1.0651955902757333,2.241135805389714,0.3438888888888889,3.6217473014428485,4.35303288836462,180.0
Park-Unfav,Two-Stage Joint,44,1.137312731133618e-07,24,52,1.137312731133618e-07,147.165,0.39360198938395835,2.0019428864533166,0.4111111111111111,2.930845155603757,4.5444674315122215,180.0
Park-Unfav,Two-Stage Joint,43,0.9061228918802969,24,52,0.9061228918802969,162.05,0.5158440001762438,2.0330485535790195,0.41,3.0083993694434574,4.143099397283552,180.0
Park-Unfav,Two-Stage Joint,45,1.5248471779533417e-07,24,52,1.5248471779533417e-07,160.211,0.4266799293093289,1.5871487132119702,0.36444444444444446,1.90818310539299,5.903367859190288,180.0
Park-Unfav,Two-Stage Joint,46,1.1281375602258802e-07,24,52,1.1281375602258802e-07,151.063,0.3699543709607586,1.4366754653142482,0.355,1.6359434544101696,7.055662610456534,180.0
Park-Unfav,DNGO-Joint,42,1.1161802446987618e-07,24,52,1.1161802446987618e-07,115.855,0.8866617476408983,2.235754872566562,0.3705555555555556,3.648577767786022,5.741894839556539,180.0
Park-Unfav,Two-Stage Joint,47,1.087312731383618e-07,24,52,1.087312731383618e-07,157.106,0.4247780005325475,1.5201199439941746,0.3383333333333334,1.7748923530995442,6.720877448066782,180.0
Park-Unfav,Two-Stage Joint,49,1.1281375602258802e-07,24,52,1.1281375602258802e-07,158.567,1.035612737447012,1.5752856375080442,0.19388888888888894,1.6110435215744698,7.581758583028567,180.0
Park-Unfav,Two-Stage Joint,50,1.087312731383618e-07,24,52,1.087312731383618e-07,159.263,0.42394655631355116,1.5100880138188633,0.3355555555555556,1.7550246788110466,6.27687593763571,180.0
Park-Unfav,Two-Stage Joint,48,1.560885138775958e-07,24,52,1.560885138775958e-07,185.743,0.4337048590960316,1.6786513867343154,0.38111111111111107,2.0973942907335528,5.924893865934885,180.0
Park-Unfav,Two-Stage Joint,51,1.560885138775958e-07,24,52,1.560885138775958e-07,160.273,0.41906330584954105,1.332445823355688,0.33277777777777773,1.4537683882162358,7.5121640943297505,180.0
Park-Unfav,DNGO-Joint,43,1.137312731133618e-07,24,52,1.137312731133618e-07,156.879,0.4062545742623149,2.0315966810585797,0.43166666666666675,3.021799572763016,3.5644255652901844,180.0
Park-Unfav,DNGO-Joint,44,1.137312731133618e-07,24,52,1.137312731133618e-07,102.012,0.2556359847936479,1.9905286826670243,0.45499999999999996,2.912787489269623,2.995128572386028,180.0
Park-Unfav,DNGO-Joint,45,1.1161802446987618e-07,24,52,1.1161802446987618e-07,105.727,0.3361382929453493,1.5637429982106477,0.4011111111111111,1.88057955526559,5.506161399748343,180.0
Park-Unfav,DNGO-Joint,46,1.087312731383618e-07,24,52,1.087312731383618e-07,98.269,0.3355841959057791,1.3911045765302594,0.36888888888888893,1.567993978197102,5.798994980975206,180.0
Park-Unfav,DNGO-Joint,47,1.087312731383618e-07,24,52,1.087312731383618e-07,98.714,0.34549786354455725,1.5031343363618974,0.38111111111111107,1.7613908016331083,5.5748848871825825,180.0
Park-Unfav,DNGO-Joint,48,2.0780363189549918e-07,24,52,2.0780363189549918e-07,97.57,0.30971722187500944,1.6463849556740064,0.41555555555555557,2.0508216386271316,4.371851006550118,180.0
Park-Unfav,DNGO-Joint,51,1.5522763663339387e-07,24,52,1.5522763663339387e-07,100.157,0.34935923182224154,1.3116688731954094,0.3516666666666667,1.4401956684563544,5.825872146417658,180.0
Park-Unfav,DNGO-Joint,50,1.087312731383618e-07,24,52,1.087312731383618e-07,112.639,0.2998252491380133,1.498471250045807,0.3916666666666667,1.760941937012601,5.347220269351308,180.0
Park-Unfav,DNGO-Joint,49,1.1281375602258802e-07,24,52,1.1281375602258802e-07,119.334,0.7481279084944481,1.437911604409189,0.2655555555555556,1.5114358605449771,6.504132597824043,180.0
Park-Unfav,DNGO-Gradient,42,1.1161802446987618e-07,24,52,1.1161802446987618e-07,108.628,0.6428336120314939,2.372828293708946,0.41611111111111115,4.353564929370389,3.4209049685475486,180.0
Park-Unfav,DNGO-Gradient,43,1.137312731133618e-07,24,52,1.137312731133618e-07,104.936,0.8167076343841005,2.1195922617270213,0.3677777777777778,3.2464570731970994,2.6948974361298847,180.0
Park-Unfav,DNGO-Gradient,44,1.1281375602258802e-07,24,52,1.1281375602258802e-07,105.109,0.7317880051110921,2.0639463458779677,0.37222222222222223,3.0821358798940444,2.663578306169027,180.0
Park-Unfav,DNGO-Gradient,45,1.5248471779533417e-07,24,52,1.5248471779533417e-07,116.237,0.34937794829211577,1.5907350348074158,0.3844444444444444,1.9297120504776053,5.5011350349728545,180.0
Park-Unfav,DNGO-Gradient,46,1.087312731383618e-07,24,52,1.087312731383618e-07,121.234,0.40286741228369427,1.426916010201425,0.34555555555555556,1.6114235962018206,5.9694381841409525,180.0
Park-Unfav,DNGO-Gradient,47,1.087312731383618e-07,24,52,1.087312731383618e-07,112.861,0.33338017594625363,1.5397194428341556,0.3866666666666666,1.8322265008151404,5.359456802579365,180.0
Park-Unfav,DNGO-Gradient,50,1.087312731383618e-07,24,52,1.087312731383618e-07,107.902,0.3597310800360376,1.5310030077525476,0.3677777777777778,1.8098866068625459,5.359734978691809,180.0
Park-Unfav,DNGO-Gradient,48,2.070648425403671e-07,24,52,2.070648425403671e-07,127.011,0.32688691686299925,1.676665780098108,0.4061111111111111,2.1127485183840995,4.422094790657692,180.0
Park-Unfav,Knowledge Distillation,42,1.1161802446987618e-07,24,52,1.1161802446987618e-07,85.917,0.8848995994115492,2.249109319823115,0.3783333333333333,3.7009770592032054,6.466418955049787,180.0
Park-Unfav,DNGO-Gradient,49,1.1161802446987618e-07,24,52,1.1161802446987618e-07,117.321,0.8387851378711955,1.500505097677532,0.24722222222222223,1.5929412432667005,6.721871691959885,180.0
Park-Unfav,Knowledge Distillation,43,1.137312731133618e-07,24,52,1.137312731133618e-07,85.021,0.39704539379921827,2.025766245330325,0.4344444444444444,3.004744021151065,6.225537847519501,180.0
Park-Unfav,DNGO-Gradient,51,1.5522763663339387e-07,24,52,1.5522763663339387e-07,111.979,0.3633053123728748,1.3519855095189222,0.35055555555555556,1.5001685193729242,6.074680087904256,180.0
Park-Unfav,Knowledge Distillation,44,1.1161802446987618e-07,24,52,1.1161802446987618e-07,86.293,0.24430762459698038,2.018556363029655,0.45999999999999996,2.998046477428799,6.232178954880421,180.0
Park-Unfav,Knowledge Distillation,46,1.087312731383618e-07,24,52,1.087312731383618e-07,88.168,0.3231310675478468,1.4841702954204483,0.38833333333333336,1.7311664475289679,7.563396900305118,180.0
Park-Unfav,Knowledge Distillation,45,1.1161802446987618e-07,24,52,1.1161802446987618e-07,104.273,0.35901183767971684,1.6653739359372386,0.40777777777777774,2.0848950378902025,6.349912240202666,180.0
Park-Unfav,Knowledge Distillation,47,1.087312731383618e-07,24,52,1.087312731383618e-07,86.769,0.33447571078592925,1.5992859208920631,0.3944444444444445,1.948921214561183,7.316856998609701,180.0
Park-Unfav,Knowledge Distillation,48,1.560885138775958e-07,24,52,1.560885138775958e-07,86.255,0.32367128895959857,1.6749050921366215,0.41166666666666674,2.1104923439052143,7.0218810991266105,180.0
Park-Unfav,Knowledge Distillation,49,1.1161802446987618e-07,24,52,1.1161802446987618e-07,87.366,0.8119450725236241,1.5257078162538302,0.26722222222222225,1.6568511747965362,8.18888010072263,180.0
Park-Unfav,Knowledge Distillation,50,1.087312731383618e-07,24,52,1.087312731383618e-07,85.651,0.297200892419208,1.5193791417841356,0.3977777777777778,1.7994878352905292,6.901966715857624,180.0
Park-Unfav,Knowledge Distillation,51,1.5522763663339387e-07,24,52,1.5522763663339387e-07,101.484,0.3440087648319964,1.4014952920349337,0.3711111111111111,1.5850201493619798,7.49666503622842,180.0
Park-Unfav,Domain Adaptation (MMD),42,1.1161802446987618e-07,24,52,1.1161802446987618e-07,168.674,1.0404865274420947,2.248651108479671,0.35055555555555556,3.6571031387513218,6.0130909970148,180.0
Park-Unfav,Domain Adaptation (MMD),43,1.137312731133618e-07,24,52,1.137312731133618e-07,169.691,0.45644071393155494,2.0437419445241995,0.41722222222222216,3.0510573482786136,5.5927501745642685,180.0
Park-Unfav,Domain Adaptation (MMD),44,1.087312731383618e-07,24,52,1.087312731383618e-07,169.605,0.2970804730349555,2.0232509346641416,0.4416666666666667,3.006714386413004,5.631983286322874,180.0
Park-Unfav,Soft Parameter Sharing,42,1.1161802446987618e-07,24,52,1.1161802446987618e-07,98.101,0.6559222423081035,2.285307299465392,0.40388888888888885,3.9246849468861984,4.741489247288861,180.0
Park-Unfav,Domain Adaptation (MMD),47,1.087312731383618e-07,24,52,1.087312731383618e-07,165.406,0.3647456586852155,1.5503150244677464,0.37722222222222224,1.8465053733042152,6.920387814919445,180.0
Park-Unfav,Domain Adaptation (MMD),46,1.087312731383618e-07,24,52,1.087312731383618e-07,169.713,0.3822484283013909,1.415271439419688,0.3477777777777778,1.59660021438939,7.532343633716892,180.0
Park-Unfav,Domain Adaptation (MMD),49,1.1281375602258802e-07,24,52,1.1281375602258802e-07,152.863,0.8934896407465053,1.5625245761805158,0.2377777777777778,1.6858944239491889,7.902996565781741,180.0
Park-Unfav,Domain Adaptation (MMD),45,2.051277131164388e-07,24,52,2.051277131164388e-07,187.409,0.4115085590761465,1.6514529979178114,0.3844444444444444,2.0452558740666325,5.941377188610397,180.0
Park-Unfav,Soft Parameter Sharing,43,1.087312731383618e-07,24,52,1.087312731383618e-07,113.426,0.575893617631852,2.0442548975066788,0.40444444444444444,3.0365908920334923,2.965247372081908,180.0
Park-Unfav,Domain Adaptation (MMD),48,1.137312731133618e-07,24,52,1.137312731133618e-07,167.746,0.417434114516531,1.7069301493055706,0.3905555555555556,2.1650094302631775,6.515989225462348,180.0
Park-Unfav,Domain Adaptation (MMD),51,1.560885138775958e-07,24,52,1.560885138775958e-07,158.546,0.4121923496494462,1.338996729492738,0.32555555555555554,1.4657352908223904,7.35622668735762,180.0
Park-Unfav,Domain Adaptation (MMD),50,1.087312731383618e-07,24,52,1.087312731383618e-07,166.224,0.3617344445475932,1.5374844751532133,0.3711111111111111,1.8205918261293477,6.490660649874534,180.0
Park-Unfav,Soft Parameter Sharing,46,1.1281375602258802e-07,24,52,1.1281375602258802e-07,96.447,0.3173748681250455,1.401218541825718,0.36888888888888893,1.5885877555140457,6.041067390689395,180.0
Park-Unfav,Soft Parameter Sharing,44,1.137312731133618e-07,24,52,1.137312731133618e-07,102.835,0.40774214999953917,1.9919810111993135,0.4255555555555556,2.9022723655742793,2.562413246712285,180.0
Park-Unfav,Soft Parameter Sharing,45,1.1281375602258802e-07,24,52,1.1281375602258802e-07,101.869,0.2538077234356406,1.547271862877196,0.4177777777777778,1.8615204498921136,5.498814798391343,180.0
Park-Unfav,Soft Parameter Sharing,47,1.087312731383618e-07,24,52,1.087312731383618e-07,101.034,0.25006790247966115,1.4782656969008523,0.4083333333333333,1.7331423951240916,5.707631118880751,180.0
Park-Unfav,Soft Parameter Sharing,48,1.560885138775958e-07,24,52,1.560885138775958e-07,98.356,0.35745792746443533,1.652573590264822,0.4033333333333333,2.0576999814732777,4.334938533050977,180.0
Park-Unfav,Pseudo-Labeling,43,1.137312731133618e-07,24,52,1.137312731133618e-07,91.052,0.39705426689268586,2.031392726885615,0.4344444444444444,3.021905461725341,6.256978844916056,180.0
Park-Unfav,Pseudo-Labeling,44,1.1161802446987618e-07,24,52,1.1161802446987618e-07,82.635,0.2538571908451331,2.000086066765635,0.4561111111111111,2.941741384272867,6.56870016232478,180.0
Park-Unfav,Soft Parameter Sharing,50,1.087312731383618e-07,24,52,1.087312731383618e-07,103.08,0.25544486444421277,1.4716214649452386,0.4027777777777778,1.720247770112245,5.535048755258451,180.0
Park-Unfav,Pseudo-Labeling,45,1.5248471779533417e-07,24,52,1.5248471779533417e-07,87.002,0.36560803695344507,1.7107467355968986,0.41222222222222216,2.1835396773431666,6.5452176174360925,180.0
Park-Unfav,Soft Parameter Sharing,49,1.1161802446987618e-07,24,52,1.1161802446987618e-07,122.972,0.8346529695953527,1.4540604985171275,0.22666666666666666,1.4929318502395013,6.480109420249435,180.0
Park-Unfav,Soft Parameter Sharing,51,1.5522763663339387e-07,24,52,1.5522763663339387e-07,115.553,0.31265589507415065,1.3129118418716166,0.37,1.4515507332661166,6.239529307616074,180.0
Park-Unfav,Pseudo-Labeling,42,1.1161802446987618e-07,24,52,1.1161802446987618e-07,114.502,0.8780476689388719,2.2466913737596745,0.37777777777777777,3.69349699212493,6.438170388339506,180.0
Park-Unfav,Pseudo-Labeling,46,1.087312731383618e-07,24,52,1.087312731383618e-07,88.542,0.3253204731179348,1.4770340311160908,0.39111111111111113,1.7179090835417201,7.587670788744711,180.0
Park-Unfav,Pseudo-Labeling,47,1.087312731383618e-07,24,52,1.087312731383618e-07,87.669,0.33037382319914516,1.5931170380292008,0.3938888888888889,1.9371312395398763,7.5266694155596765,180.0
Park-Unfav,Pseudo-Labeling,48,1.560885138775958e-07,24,52,1.560885138775958e-07,89.196,0.32024324793959824,1.6995074158464727,0.4177777777777778,2.163834940896259,7.133254218751677,180.0
Park-Unfav,Pseudo-Labeling,49,1.1161802446987618e-07,24,52,1.1161802446987618e-07,89.157,0.8125801222757961,1.5330745101290209,0.2688888888888889,1.672202671680723,8.306260799482379,180.0
Park-Unfav,Pseudo-Labeling,50,1.087312731383618e-07,24,52,1.087312731383618e-07,88.766,0.314220385808961,1.5264474790590083,0.3894444444444445,1.8095014529865492,7.035347401152021,180.0
Park-Unfav,Pseudo-Labeling,51,1.1161802446987618e-07,24,52,1.1161802446987618e-07,83.522,0.3525576572859814,1.362724349077606,0.3594444444444444,1.5193585360039035,7.737240233550614,180.0
Park-Unfav,Adapter,43,0.9060940243681365,24,52,0.9060940243681365,82.811,0.3258984626547354,2.2096205206062898,0.45444444444444443,3.628908712013673,2.5459425190616756,180.0
Park-Unfav,Adapter,42,1.1161802446987618e-07,24,52,1.1161802446987618e-07,84.134,1.1277199102734292,2.2734453423193437,0.34500000000000003,3.742984666780736,6.785772290222989,180.0
Park-Unfav,Adapter,44,1.137312731133618e-07,24,52,1.137312731133618e-07,84.068,0.30714408322165654,2.0235875402361927,0.44666666666666666,3.00729404062741,3.131758639227487,180.0
Park-Unfav,Adapter,45,1.087312731383618e-07,24,52,1.087312731383618e-07,84.853,0.40295347143589044,1.599647456320037,0.38,1.9400662508769417,5.2536652553803185,180.0
Park-Unfav,Adapter,47,1.087312731383618e-07,24,52,1.087312731383618e-07,81.587,0.28221589518331053,1.5775617905970392,0.4138888888888889,1.9143747784917233,5.795229398597338,180.0
Park-Unfav,Adapter,46,1.137312731133618e-07,24,52,1.137312731133618e-07,83.084,0.4498096674599534,1.4517548695203735,0.32555555555555554,1.641442039899689,5.849801064412413,180.0
Park-Unfav,Adapter,48,1.137312731133618e-07,24,52,1.137312731133618e-07,64.123,0.29915935965537166,1.6787734682488724,0.4255555555555556,2.1224904804199567,4.25959492285341,180.0
Park-Unfav,Adapter,50,1.087312731383618e-07,24,52,1.087312731383618e-07,61.148,0.4109008927211349,1.5684534251070419,0.36611111111111116,1.8704624016215292,5.10768524040993,180.0
Park-Unfav,Adapter,49,1.1281375602258802e-07,24,52,1.1281375602258802e-07,63.878,0.720207401574374,1.500881275951126,0.28166666666666673,1.649819585962947,5.313239155995642,180.0
Park-Unfav,Adapter,51,2.070648425403671e-07,24,52,2.070648425403671e-07,56.367,0.41219544802492425,1.4577376849407706,0.35277777777777775,1.6643752865574526,5.21776825388749,180.0
