benchmark,model,seed,fraction,n_hf,n_lf,n_train,pool,dim,fit_flops,predict_flops,ok
Branin-Fav,MFGP,42,0.1,2,26,28,2500,2,14626304,354072544,1
Branin-Fav,MFGP,42,0.3,7,78,85,2500,2,306773500,1099165600,1
Branin-Fav,MFGP,42,0.5,12,130,142,2500,2,1138177144,1876852624,1
Branin-Fav,MFGP,42,0.7,17,181,198,2500,2,3199752072,2672637264,1
Branin-Fav,MFGP,42,1.0,24,259,283,2500,2,5180156520,3940641424,1
Branin-Fav,MFGP,43,0.1,2,26,28,2500,2,11219040,354072544,1
Branin-Fav,MFGP,43,0.3,7,78,85,2500,2,214582500,1099165600,1
Branin-Fav,MFGP,43,0.5,12,130,142,2500,2,2040637128,1876852624,1
Branin-Fav,MFGP,43,0.7,17,181,198,2500,2,2989932264,2672637264,1
Branin-Fav,MFGP,43,1.0,24,259,283,2500,2,11840357760,3940641424,1
Branin-Fav,NARGP,42,0.1,2,26,28,2500,2,4546488,353540040,1
Branin-Fav,NARGP,42,0.3,7,78,85,2500,2,129810234,1093590490,1
Branin-Fav,NARGP,42,0.5,12,130,142,2500,2,426597936,1860931440,1
Branin-Fav,NARGP,42,0.7,17,181,198,2500,2,892915858,2641242890,1
Branin-Fav,NARGP,42,1.0,24,259,283,2500,2,7926393384,3877205760,1
Branin-Fav,NARGP,43,0.1,2,26,28,2500,2,2968824,353540040,1
Branin-Fav,NARGP,43,0.3,7,78,85,2500,2,89963644,1093590490,1
Branin-Fav,NARGP,43,0.5,12,130,142,2500,2,363675032,1860931440,1
Branin-Fav,NARGP,43,0.7,17,181,198,2500,2,1096200776,2641242890,1
Branin-Fav,NARGP,43,1.0,24,259,283,2500,2,1722604264,3877205760,1
Branin-Fav,DKL Multi-Fidelity,42,0.1,2,26,28,2500,2,504124000,632650960,1
Branin-Fav,DKL Multi-Fidelity,42,0.3,7,78,85,2500,2,2354002000,1358548696,1
Branin-Fav,DKL Multi-Fidelity,42,0.5,12,130,142,2500,2,6231256000,2084966272,1
Branin-Fav,DKL Multi-Fidelity,42,0.7,17,181,198,2500,2,13090584000,2799145920,1
Branin-Fav,DKL Multi-Fidelity,42,1.0,24,259,283,2500,2,31651864000,3884127400,1
Branin-Fav,DKL Multi-Fidelity,43,0.1,2,26,28,2500,2,504124000,632650960,1
Branin-Fav,DKL Multi-Fidelity,43,0.3,7,78,85,2500,2,2354002000,1358548696,1
Branin-Fav,DKL Multi-Fidelity,43,0.5,12,130,142,2500,2,6231256000,2084966272,1
Branin-Fav,DKL Multi-Fidelity,43,0.7,17,181,198,2500,2,13090584000,2799145920,1
Branin-Fav,DKL Multi-Fidelity,43,1.0,24,259,283,2500,2,31651864000,3884127400,1
Branin-Fav,Sparse MFGP,42,0.1,2,26,28,2500,2,310140000,84689640,1
Branin-Fav,Sparse MFGP,42,0.3,7,78,85,2500,2,7797147000,152882388,1
Branin-Fav,Sparse MFGP,42,0.5,12,130,142,2500,2,17484444000,181640808,1
Branin-Fav,Sparse MFGP,42,0.7,17,181,198,2500,2,24085052000,181640808,1
Branin-Fav,Sparse MFGP,42,1.0,24,259,283,2500,2,34271622000,181640808,1
Branin-Fav,Sparse MFGP,43,0.1,2,26,28,2500,2,310140000,84689640,1
Branin-Fav,Sparse MFGP,43,0.3,7,78,85,2500,2,7797147000,152882388,1
Branin-Fav,Sparse MFGP,43,0.5,12,130,142,2500,2,17484444000,181640808,1
Branin-Fav,Sparse MFGP,43,0.7,17,181,198,2500,2,24085052000,181640808,1
Branin-Fav,Sparse MFGP,43,1.0,24,259,283,2500,2,34271622000,181640808,1
Branin-Fav,Sequential,42,0.1,2,26,28,2500,2,139534848,43200000,1
Branin-Fav,Sequential,42,0.3,7,78,85,2500,2,422034944,43200000,1
Branin-Fav,Sequential,42,0.5,12,130,142,2500,2,704535040,43200000,1
Branin-Fav,Sequential,42,0.7,17,181,198,2500,2,981932288,43200000,1
Branin-Fav,Sequential,42,1.0,24,259,283,2500,2,1403967232,43200000,1
Branin-Fav,Sequential,43,0.1,2,26,28,2500,2,139534848,43200000,1
Branin-Fav,Sequential,43,0.3,7,78,85,2500,2,422034944,43200000,1
Branin-Fav,Sequential,43,0.5,12,130,142,2500,2,704535040,43200000,1
Branin-Fav,Sequential,43,0.7,17,181,198,2500,2,981932288,43200000,1
Branin-Fav,Sequential,43,1.0,24,259,283,2500,2,1403967232,43200000,1
Branin-Fav,Progressive,42,0.1,2,26,28,2500,2,70760448,43200000,1
Branin-Fav,Progressive,42,0.3,7,78,85,2500,2,214438144,43200000,1
Branin-Fav,Progressive,42,0.5,12,130,142,2500,2,358115840,43200000,1
Branin-Fav,Progressive,42,0.7,17,181,198,2500,2,499237888,43200000,1
Branin-Fav,Progressive,42,1.0,24,259,283,2500,2,713676032,43200000,1
Branin-Fav,Progressive,43,0.1,2,26,28,2500,2,70760448,43200000,1
Branin-Fav,Progressive,43,0.3,7,78,85,2500,2,214438144,43200000,1
Branin-Fav,Progressive,43,0.5,12,130,142,2500,2,358115840,43200000,1
Branin-Fav,Progressive,43,0.7,17,181,198,2500,2,499237888,43200000,1
Branin-Fav,Progressive,43,1.0,24,259,283,2500,2,713676032,43200000,1
Branin-Fav,Curriculum,42,0.1,2,26,28,2500,2,146412800,43200000,1
Branin-Fav,Curriculum,42,0.3,7,78,85,2500,2,421717632,43200000,1
Branin-Fav,Curriculum,42,0.5,12,130,142,2500,2,703162880,43200000,1
Branin-Fav,Curriculum,42,0.7,17,181,198,2500,2,980122752,43200000,1
Branin-Fav,Curriculum,42,1.0,24,259,283,2500,2,1402114816,43200000,1
Branin-Fav,Curriculum,43,0.1,2,26,28,2500,2,146412800,43200000,1
Branin-Fav,Curriculum,43,0.3,7,78,85,2500,2,421717632,43200000,1
Branin-Fav,Curriculum,43,0.5,12,130,142,2500,2,703162880,43200000,1
Branin-Fav,Curriculum,43,0.7,17,181,198,2500,2,980122752,43200000,1
Branin-Fav,Curriculum,43,1.0,24,259,283,2500,2,1402114816,43200000,1
Branin-Fav,Two-Stage Joint,42,0.1,2,26,28,2500,2,143210496,43200000,1
Branin-Fav,Two-Stage Joint,42,0.3,7,78,85,2500,2,434789888,43200000,1
Branin-Fav,Two-Stage Joint,42,0.5,12,130,142,2500,2,726369280,43200000,1
Branin-Fav,Two-Stage Joint,42,0.7,17,181,198,2500,2,1012837376,43200000,1
Branin-Fav,Two-Stage Joint,42,1.0,24,259,283,2500,2,1447627264,43200000,1
Branin-Fav,Two-Stage Joint,43,0.1,2,26,28,2500,2,143210496,43200000,1
Branin-Fav,Two-Stage Joint,43,0.3,7,78,85,2500,2,434789888,43200000,1
Branin-Fav,Two-Stage Joint,43,0.5,12,130,142,2500,2,726369280,43200000,1
Branin-Fav,Two-Stage Joint,43,0.7,17,181,198,2500,2,1012837376,43200000,1
Branin-Fav,Two-Stage Joint,43,1.0,24,259,283,2500,2,1447627264,43200000,1
Branin-Fav,DNGO-Joint,42,0.1,2,26,28,2500,2,219483648,43200000,1
Branin-Fav,DNGO-Joint,42,0.3,7,78,85,2500,2,668742144,43200000,1
Branin-Fav,DNGO-Joint,42,0.5,12,130,142,2500,2,1118000640,43200000,1
Branin-Fav,DNGO-Joint,42,0.7,17,181,198,2500,2,1559609088,43200000,1
Branin-Fav,DNGO-Joint,42,1.0,24,259,283,2500,2,2228351232,43200000,1
Branin-Fav,DNGO-Joint,43,0.1,2,26,28,2500,2,219483648,43200000,1
Branin-Fav,DNGO-Joint,43,0.3,7,78,85,2500,2,668742144,43200000,1
Branin-Fav,DNGO-Joint,43,0.5,12,130,142,2500,2,1118000640,43200000,1
Branin-Fav,DNGO-Joint,43,0.7,17,181,198,2500,2,1559609088,43200000,1
Branin-Fav,DNGO-Joint,43,1.0,24,259,283,2500,2,2228351232,43200000,1
Branin-Fav,DNGO-Gradient,42,0.1,2,26,28,2500,2,229851648,43200000,1
Branin-Fav,DNGO-Gradient,42,0.3,7,78,85,2500,2,705030144,43200000,1
Branin-Fav,DNGO-Gradient,42,0.5,12,130,142,2500,2,1180208640,43200000,1
Branin-Fav,DNGO-Gradient,42,0.7,17,181,198,2500,2,1647737088,43200000,1
Branin-Fav,DNGO-Gradient,42,1.0,24,259,283,2500,2,2352767232,43200000,1
Branin-Fav,DNGO-Gradient,43,0.1,2,26,28,2500,2,229851648,43200000,1
Branin-Fav,DNGO-Gradient,43,0.3,7,78,85,2500,2,705030144,43200000,1
Branin-Fav,DNGO-Gradient,43,0.5,12,130,142,2500,2,1180208640,43200000,1
Branin-Fav,DNGO-Gradient,43,0.7,17,181,198,2500,2,1647737088,43200000,1
Branin-Fav,DNGO-Gradient,43,1.0,24,259,283,2500,2,2352767232,43200000,1
Branin-Fav,Knowledge Distillation,42,0.1,2,26,28,2500,2,139534848,43200000,1
Branin-Fav,Knowledge Distillation,42,0.3,7,78,85,2500,2,422034944,43200000,1
Branin-Fav,Knowledge Distillation,42,0.5,12,130,142,2500,2,704535040,43200000,1
Branin-Fav,Knowledge Distillation,42,0.7,17,181,198,2500,2,981932288,43200000,1
Branin-Fav,Knowledge Distillation,42,1.0,24,259,283,2500,2,1403967232,43200000,1
Branin-Fav,Knowledge Distillation,43,0.1,2,26,28,2500,2,139534848,43200000,1
Branin-Fav,Knowledge Distillation,43,0.3,7,78,85,2500,2,422034944,43200000,1
Branin-Fav,Knowledge Distillation,43,0.5,12,130,142,2500,2,704535040,43200000,1
Branin-Fav,Knowledge Distillation,43,0.7,17,181,198,2500,2,981932288,43200000,1
Branin-Fav,Knowledge Distillation,43,1.0,24,259,283,2500,2,1403967232,43200000,1
Branin-Fav,Domain Adaptation (MMD),42,0.1,2,26,28,2500,2,210052096,43200000,1
Branin-Fav,Domain Adaptation (MMD),42,0.3,7,78,85,2500,2,636121088,43200000,1
Branin-Fav,Domain Adaptation (MMD),42,0.5,12,130,142,2500,2,1062190080,43200000,1
Branin-Fav,Domain Adaptation (MMD),42,0.7,17,181,198,2500,2,1480638976,43200000,1
Branin-Fav,Domain Adaptation (MMD),42,1.0,24,259,283,2500,2,2116760064,43200000,1
Branin-Fav,Domain Adaptation (MMD),43,0.1,2,26,28,2500,2,210052096,43200000,1
Branin-Fav,Domain Adaptation (MMD),43,0.3,7,78,85,2500,2,636121088,43200000,1
Branin-Fav,Domain Adaptation (MMD),43,0.5,12,130,142,2500,2,1062190080,43200000,1
Branin-Fav,Domain Adaptation (MMD),43,0.7,17,181,198,2500,2,1480638976,43200000,1
Branin-Fav,Domain Adaptation (MMD),43,1.0,24,259,283,2500,2,2116760064,43200000,1
Branin-Fav,Soft Parameter Sharing,42,0.1,2,26,28,2500,2,153307648,43200000,1
Branin-Fav,Soft Parameter Sharing,42,0.3,7,78,85,2500,2,470239744,43200000,1
Branin-Fav,Soft Parameter Sharing,42,0.5,12,130,142,2500,2,787171840,43200000,1
Branin-Fav,Soft Parameter Sharing,42,0.7,17,181,198,2500,2,1099001088,43200000,1
Branin-Fav,Soft Parameter Sharing,42,1.0,24,259,283,2500,2,1569240832,43200000,1
Branin-Fav,Soft Parameter Sharing,43,0.1,2,26,28,2500,2,153307648,43200000,1
Branin-Fav,Soft Parameter Sharing,43,0.3,7,78,85,2500,2,470239744,43200000,1
Branin-Fav,Soft Parameter Sharing,43,0.5,12,130,142,2500,2,787171840,43200000,1
Branin-Fav,Soft Parameter Sharing,43,0.7,17,181,198,2500,2,1099001088,43200000,1
Branin-Fav,Soft Parameter Sharing,43,1.0,24,259,283,2500,2,1569240832,43200000,1
Branin-Fav,Pseudo-Labeling,42,0.1,2,26,28,2500,2,228965376,43200000,1
Branin-Fav,Pseudo-Labeling,42,0.3,7,78,85,2500,2,690335104,43200000,1
Branin-Fav,Pseudo-Labeling,42,0.5,12,130,142,2500,2,1151704832,43200000,1
Branin-Fav,Pseudo-Labeling,42,0.7,17,181,198,2500,2,1604532736,43200000,1
Branin-Fav,Pseudo-Labeling,42,1.0,24,259,283,2500,2,2294867840,43200000,1
Branin-Fav,Pseudo-Labeling,43,0.1,2,26,28,2500,2,228965376,43200000,1
Branin-Fav,Pseudo-Labeling,43,0.3,7,78,85,2500,2,690335104,43200000,1
Branin-Fav,Pseudo-Labeling,43,0.5,12,130,142,2500,2,1151704832,43200000,1
Branin-Fav,Pseudo-Labeling,43,0.7,17,181,198,2500,2,1604532736,43200000,1
Branin-Fav,Pseudo-Labeling,43,1.0,24,259,283,2500,2,2294867840,43200000,1
Branin-Fav,Adapter,42,0.1,2,26,28,2500,2,140584448,41920000,1
Branin-Fav,Adapter,42,0.3,7,78,85,2500,2,425708544,41920000,1
Branin-Fav,Adapter,42,0.5,12,130,142,2500,2,710832640,41920000,1
Branin-Fav,Adapter,42,0.7,17,181,198,2500,2,990853888,41920000,1
Branin-Fav,Adapter,42,1.0,24,259,283,2500,2,1416562432,41920000,1
Branin-Fav,Adapter,43,0.1,2,26,28,2500,2,140584448,41920000,1
Branin-Fav,Adapter,43,0.3,7,78,85,2500,2,425708544,41920000,1
Branin-Fav,Adapter,43,0.5,12,130,142,2500,2,710832640,41920000,1
Branin-Fav,Adapter,43,0.7,17,181,198,2500,2,990853888,41920000,1
Branin-Fav,Adapter,43,1.0,24,259,283,2500,2,1416562432,41920000,1
Branin-Unfav,MFGP,42,0.1,2,5,7,2500,2,191296,87780784,1
Branin-Unfav,MFGP,42,0.3,7,16,23,2500,2,9496608,290268464,1
Branin-Unfav,MFGP,42,0.5,12,26,38,2500,2,21469392,482433104,1
Branin-Unfav,MFGP,42,0.7,17,36,53,2500,2,123573528,676854944,1
Branin-Unfav,MFGP,42,1.0,24,52,76,2500,2,339524832,979352416,1
Branin-Unfav,MFGP,43,0.1,2,5,7,2500,2,43904,87780784,1
Branin-Unfav,MFGP,43,0.3,7,16,23,2500,2,9293472,290268464,1
Branin-Unfav,MFGP,43,0.5,12,26,38,2500,2,40573512,482433104,1
Branin-Unfav,MFGP,43,0.7,17,36,53,2500,2,123573528,676854944,1
Branin-Unfav,MFGP,43,1.0,24,52,76,2500,2,178513056,979352416,1
Branin-Unfav,NARGP,42,0.1,2,5,7,2500,2,56124,87680040,1
Branin-Unfav,NARGP,42,0.3,7,16,23,2500,2,762166,289140490,1
Branin-Unfav,NARGP,42,0.5,12,26,38,2500,2,4808744,479291440,1
Branin-Unfav,NARGP,42,0.7,17,36,53,2500,2,10600878,670692890,1
Branin-Unfav,NARGP,42,1.0,24,52,76,2500,2,25003264,966785760,1
Branin-Unfav,NARGP,43,0.1,2,5,7,2500,2,53496,87680040,1
Branin-Unfav,NARGP,43,0.3,7,16,23,2500,2,1125816,289140490,1
Branin-Unfav,NARGP,43,0.5,12,26,38,2500,2,4123904,479291440,1
Branin-Unfav,NARGP,43,0.7,17,36,53,2500,2,15014520,670692890,1
Branin-Unfav,NARGP,43,1.0,24,52,76,2500,2,31117344,966785760,1
Branin-Unfav,DKL Multi-Fidelity,42,0.1,2,5,7,2500,2,112516000,365345992,1
Branin-Unfav,DKL Multi-Fidelity,42,0.3,7,16,23,2500,2,401684000,569000520,1
Branin-Unfav,DKL Multi-Fidelity,42,0.5,12,26,38,2500,2,730904000,759963840,1
Branin-Unfav,DKL Multi-Fidelity,42,0.7,17,36,53,2500,2,1137074000,950963160,1
Branin-Unfav,DKL Multi-Fidelity,42,1.0,24,52,76,2500,2,1955644000,1243898704,1
Branin-Unfav,DKL Multi-Fidelity,43,0.1,2,5,7,2500,2,112516000,365345992,1
Branin-Unfav,DKL Multi-Fidelity,43,0.3,7,16,23,2500,2,401684000,569000520,1
Branin-Unfav,DKL Multi-Fidelity,43,0.5,12,26,38,2500,2,730904000,759963840,1
Branin-Unfav,DKL Multi-Fidelity,43,0.7,17,36,53,2500,2,1137074000,950963160,1
Branin-Unfav,DKL Multi-Fidelity,43,1.0,24,52,76,2500,2,1955644000,1243898704,1
Branin-Unfav,Sparse MFGP,42,0.1,2,5,7,2500,2,7131000,75965652,1
Branin-Unfav,Sparse MFGP,42,0.3,7,16,23,2500,2,177595000,81811540,1
Branin-Unfav,Sparse MFGP,42,0.5,12,26,38,2500,2,744280000,91947640,1
Branin-Unfav,Sparse MFGP,42,0.7,17,36,53,2500,2,1953115000,106589140,1
Branin-Unfav,Sparse MFGP,42,1.0,24,52,76,2500,2,5609724000,137789928,1
Branin-Unfav,Sparse MFGP,43,0.1,2,5,7,2500,2,7131000,75965652,1
Branin-Unfav,Sparse MFGP,43,0.3,7,16,23,2500,2,177595000,81811540,1
Branin-Unfav,Sparse MFGP,43,0.5,12,26,38,2500,2,744280000,91947640,1
Branin-Unfav,Sparse MFGP,43,0.7,17,36,53,2500,2,1953115000,106589140,1
Branin-Unfav,Sparse MFGP,43,1.0,24,52,76,2500,2,5609724000,137789928,1
Branin-Unfav,Sequential,42,0.1,2,5,7,2500,2,32375040,43200000,1
Branin-Unfav,Sequential,42,0.3,7,16,23,2500,2,105658368,43200000,1
Branin-Unfav,Sequential,42,0.5,12,26,38,2500,2,173838848,43200000,1
Branin-Unfav,Sequential,42,0.7,17,36,53,2500,2,242019328,43200000,1
Branin-Unfav,Sequential,42,1.0,24,52,76,2500,2,347677696,43200000,1
Branin-Unfav,Sequential,43,0.1,2,5,7,2500,2,32375040,43200000,1
Branin-Unfav,Sequential,43,0.3,7,16,23,2500,2,105658368,43200000,1
Branin-Unfav,Sequential,43,0.5,12,26,38,2500,2,173838848,43200000,1
Branin-Unfav,Sequential,43,0.7,17,36,53,2500,2,242019328,43200000,1
Branin-Unfav,Sequential,43,1.0,24,52,76,2500,2,347677696,43200000,1
Branin-Unfav,Progressive,42,0.1,2,5,7,2500,2,17091840,43200000,1
Branin-Unfav,Progressive,42,0.3,7,16,23,2500,2,55987968,43200000,1
Branin-Unfav,Progressive,42,0.5,12,26,38,2500,2,92328448,43200000,1
Branin-Unfav,Progressive,42,0.7,17,36,53,2500,2,128668928,43200000,1
Branin-Unfav,Progressive,42,1.0,24,52,76,2500,2,184656896,43200000,1
Branin-Unfav,Progressive,43,0.1,2,5,7,2500,2,17091840,43200000,1
Branin-Unfav,Progressive,43,0.3,7,16,23,2500,2,55987968,43200000,1
Branin-Unfav,Progressive,43,0.5,12,26,38,2500,2,92328448,43200000,1
Branin-Unfav,Progressive,43,0.7,17,36,53,2500,2,128668928,43200000,1
Branin-Unfav,Progressive,43,1.0,24,52,76,2500,2,184656896,43200000,1
Branin-Unfav,Curriculum,42,0.1,2,5,7,2500,2,39252992,43200000,1
Branin-Unfav,Curriculum,42,0.3,7,16,23,2500,2,105341056,43200000,1
Branin-Unfav,Curriculum,42,0.5,12,26,38,2500,2,172466688,43200000,1
Branin-Unfav,Curriculum,42,0.7,17,36,53,2500,2,240209792,43200000,1
Branin-Unfav,Curriculum,42,1.0,24,52,76,2500,2,345825280,43200000,1
Branin-Unfav,Curriculum,43,0.1,2,5,7,2500,2,39252992,43200000,1
Branin-Unfav,Curriculum,43,0.3,7,16,23,2500,2,105341056,43200000,1
Branin-Unfav,Curriculum,43,0.5,12,26,38,2500,2,172466688,43200000,1
Branin-Unfav,Curriculum,43,0.7,17,36,53,2500,2,240209792,43200000,1
Branin-Unfav,Curriculum,43,1.0,24,52,76,2500,2,345825280,43200000,1
Branin-Unfav,Two-Stage Joint,42,0.1,2,5,7,2500,2,35873280,43200000,1
Branin-Unfav,Two-Stage Joint,42,0.3,7,16,23,2500,2,117889536,43200000,1
Branin-Unfav,Two-Stage Joint,42,0.5,12,26,38,2500,2,194794496,43200000,1
Branin-Unfav,Two-Stage Joint,42,0.7,17,36,53,2500,2,271699456,43200000,1
Branin-Unfav,Two-Stage Joint,42,1.0,24,52,76,2500,2,389588992,43200000,1
Branin-Unfav,Two-Stage Joint,43,0.1,2,5,7,2500,2,35873280,43200000,1
Branin-Unfav,Two-Stage Joint,43,0.3,7,16,23,2500,2,117889536,43200000,1
Branin-Unfav,Two-Stage Joint,43,0.5,12,26,38,2500,2,194794496,43200000,1
Branin-Unfav,Two-Stage Joint,43,0.7,17,36,53,2500,2,271699456,43200000,1
Branin-Unfav,Two-Stage Joint,43,1.0,24,52,76,2500,2,389588992,43200000,1
Branin-Unfav,DNGO-Joint,42,0.1,2,5,7,2500,2,58832640,43200000,1
Branin-Unfav,DNGO-Joint,42,0.3,7,16,23,2500,2,194439168,43200000,1
Branin-Unfav,DNGO-Joint,42,0.5,12,26,38,2500,2,322395648,43200000,1
Branin-Unfav,DNGO-Joint,42,0.7,17,36,53,2500,2,450352128,43200000,1
Branin-Unfav,DNGO-Joint,42,1.0,24,52,76,2500,2,644791296,43200000,1
Branin-Unfav,DNGO-Joint,43,0.1,2,5,7,2500,2,58832640,43200000,1
Branin-Unfav,DNGO-Joint,43,0.3,7,16,23,2500,2,194439168,43200000,1
Branin-Unfav,DNGO-Joint,43,0.5,12,26,38,2500,2,322395648,43200000,1
Branin-Unfav,DNGO-Joint,43,0.7,17,36,53,2500,2,450352128,43200000,1
Branin-Unfav,DNGO-Joint,43,1.0,24,52,76,2500,2,644791296,43200000,1
Branin-Unfav,DNGO-Gradient,42,0.1,2,5,7,2500,2,69200640,43200000,1
Branin-Unfav,DNGO-Gradient,42,0.3,7,16,23,2500,2,230727168,43200000,1
Branin-Unfav,DNGO-Gradient,42,0.5,12,26,38,2500,2,384603648,43200000,1
Branin-Unfav,DNGO-Gradient,42,0.7,17,36,53,2500,2,538480128,43200000,1
Branin-Unfav,DNGO-Gradient,42,1.0,24,52,76,2500,2,769207296,43200000,1
Branin-Unfav,DNGO-Gradient,43,0.1,2,5,7,2500,2,69200640,43200000,1
Branin-Unfav,DNGO-Gradient,43,0.3,7,16,23,2500,2,230727168,43200000,1
Branin-Unfav,DNGO-Gradient,43,0.5,12,26,38,2500,2,384603648,43200000,1
Branin-Unfav,DNGO-Gradient,43,0.7,17,36,53,2500,2,538480128,43200000,1
Branin-Unfav,DNGO-Gradient,43,1.0,24,52,76,2500,2,769207296,43200000,1
Branin-Unfav,Knowledge Distillation,42,0.1,2,5,7,2500,2,32375040,43200000,1
Branin-Unfav,Knowledge Distillation,42,0.3,7,16,23,2500,2,105658368,43200000,1
Branin-Unfav,Knowledge Distillation,42,0.5,12,26,38,2500,2,173838848,43200000,1
Branin-Unfav,Knowledge Distillation,42,0.7,17,36,53,2500,2,242019328,43200000,1
Branin-Unfav,Knowledge Distillation,42,1.0,24,52,76,2500,2,347677696,43200000,1
Branin-Unfav,Knowledge Distillation,43,0.1,2,5,7,2500,2,32375040,43200000,1
Branin-Unfav,Knowledge Distillation,43,0.3,7,16,23,2500,2,105658368,43200000,1
Branin-Unfav,Knowledge Distillation,43,0.5,12,26,38,2500,2,173838848,43200000,1
Branin-Unfav,Knowledge Distillation,43,0.7,17,36,53,2500,2,242019328,43200000,1
Branin-Unfav,Knowledge Distillation,43,1.0,24,52,76,2500,2,347677696,43200000,1
Branin-Unfav,Domain Adaptation (MMD),42,0.1,2,5,7,2500,2,50030080,43200000,1
Branin-Unfav,Domain Adaptation (MMD),42,0.3,7,16,23,2500,2,163675136,43200000,1
Branin-Unfav,Domain Adaptation (MMD),42,0.5,12,26,38,2500,2,269700096,43200000,1
Branin-Unfav,Domain Adaptation (MMD),42,0.7,17,36,53,2500,2,375725056,43200000,1
Branin-Unfav,Domain Adaptation (MMD),42,1.0,24,52,76,2500,2,539400192,43200000,1
Branin-Unfav,Domain Adaptation (MMD),43,0.1,2,5,7,2500,2,50030080,43200000,1
Branin-Unfav,Domain Adaptation (MMD),43,0.3,7,16,23,2500,2,163675136,43200000,1
Branin-Unfav,Domain Adaptation (MMD),43,0.5,12,26,38,2500,2,269700096,43200000,1
Branin-Unfav,Domain Adaptation (MMD),43,0.7,17,36,53,2500,2,375725056,43200000,1
Branin-Unfav,Domain Adaptation (MMD),43,1.0,24,52,76,2500,2,539400192,43200000,1
Branin-Unfav,Soft Parameter Sharing,42,0.1,2,5,7,2500,2,46147840,43200000,1
Branin-Unfav,Soft Parameter Sharing,42,0.3,7,16,23,2500,2,153863168,43200000,1
Branin-Unfav,Soft Parameter Sharing,42,0.5,12,26,38,2500,2,256475648,43200000,1
Branin-Unfav,Soft Parameter Sharing,42,0.7,17,36,53,2500,2,359088128,43200000,1
Branin-Unfav,Soft Parameter Sharing,42,1.0,24,52,76,2500,2,512951296,43200000,1
Branin-Unfav,Soft Parameter Sharing,43,0.1,2,5,7,2500,2,46147840,43200000,1
Branin-Unfav,Soft Parameter Sharing,43,0.3,7,16,23,2500,2,153863168,43200000,1
Branin-Unfav,Soft Parameter Sharing,43,0.5,12,26,38,2500,2,256475648,43200000,1
Branin-Unfav,Soft Parameter Sharing,43,0.7,17,36,53,2500,2,359088128,43200000,1
Branin-Unfav,Soft Parameter Sharing,43,1.0,24,52,76,2500,2,512951296,43200000,1
Branin-Unfav,Pseudo-Labeling,42,0.1,2,5,7,2500,2,49587072,43200000,1
Branin-Unfav,Pseudo-Labeling,42,0.3,7,16,23,2500,2,160742016,43200000,1
Branin-Unfav,Pseudo-Labeling,42,0.5,12,26,38,2500,2,263355136,43200000,1
Branin-Unfav,Pseudo-Labeling,42,0.7,17,36,53,2500,2,365968256,43200000,1
Branin-Unfav,Pseudo-Labeling,42,1.0,24,52,76,2500,2,526710272,43200000,1
Branin-Unfav,Pseudo-Labeling,43,0.1,2,5,7,2500,2,49587072,43200000,1
Branin-Unfav,Pseudo-Labeling,43,0.3,7,16,23,2500,2,160742016,43200000,1
Branin-Unfav,Pseudo-Labeling,43,0.5,12,26,38,2500,2,263355136,43200000,1
Branin-Unfav,Pseudo-Labeling,43,0.7,17,36,53,2500,2,365968256,43200000,1
Branin-Unfav,Pseudo-Labeling,43,1.0,24,52,76,2500,2,526710272,43200000,1
Branin-Unfav,Adapter,42,0.1,2,5,7,2500,2,33424640,41920000,1
Branin-Unfav,Adapter,42,0.3,7,16,23,2500,2,109331968,41920000,1
Branin-Unfav,Adapter,42,0.5,12,26,38,2500,2,180136448,41920000,1
Branin-Unfav,Adapter,42,0.7,17,36,53,2500,2,250940928,41920000,1
Branin-Unfav,Adapter,42,1.0,24,52,76,2500,2,360272896,41920000,1
Branin-Unfav,Adapter,43,0.1,2,5,7,2500,2,33424640,41920000,1
Branin-Unfav,Adapter,43,0.3,7,16,23,2500,2,109331968,41920000,1
Branin-Unfav,Adapter,43,0.5,12,26,38,2500,2,180136448,41920000,1
Branin-Unfav,Adapter,43,0.7,17,36,53,2500,2,250940928,41920000,1
Branin-Unfav,Adapter,43,1.0,24,52,76,2500,2,360272896,41920000,1
Park-Fav,MFGP,42,0.1,2,23,25,256,4,7052500,3624600,1
Park-Fav,MFGP,42,0.3,7,70,77,256,4,212234484,13309912,1
Park-Fav,MFGP,42,0.5,11,117,128,256,4,1616609280,25624576,1
Park-Fav,MFGP,42,0.7,15,164,179,256,4,3723420528,40727512,1
Park-Fav,MFGP,42,1.0,22,234,256,256,4,4800512000,68812800,1
Park-Fav,MFGP,43,0.1,2,23,25,256,4,8990000,3624600,1
Park-Fav,MFGP,43,0.3,7,70,77,256,4,171680124,13309912,1
Park-Fav,MFGP,43,0.5,11,117,128,256,4,535265280,25624576,1
Park-Fav,MFGP,43,0.7,15,164,179,256,4,2131623648,40727512,1
Park-Fav,MFGP,43,1.0,22,234,256,256,4,5261361152,68812800,1
Park-Fav,NARGP,42,0.1,2,23,25,256,4,2234764,3562552,1
Park-Fav,NARGP,42,0.3,7,70,77,256,4,312473784,12666542,1
Park-Fav,NARGP,42,0.5,11,117,128,256,4,406627296,23915166,1
Park-Fav,NARGP,42,0.7,15,164,179,256,4,1527534582,37442638,1
Park-Fav,NARGP,42,1.0,22,234,256,256,4,4493252696,61975160,1
Park-Fav,NARGP,43,0.1,2,23,25,256,4,2056252,3562552,1
Park-Fav,NARGP,43,0.3,7,70,77,256,4,169427300,12666542,1
Park-Fav,NARGP,43,0.5,11,117,128,256,4,510898692,23915166,1
Park-Fav,NARGP,43,0.7,15,164,179,256,4,2462725152,37442638,1
Park-Fav,NARGP,43,1.0,22,234,256,256,4,3357625456,61975160,1
Park-Fav,DKL Multi-Fidelity,42,0.1,2,23,25,256,4,448262000,9765616,1
Park-Fav,DKL Multi-Fidelity,42,0.3,7,70,77,256,4,2017258000,19216304,1
Park-Fav,DKL Multi-Fidelity,42,0.5,11,117,128,256,4,5063692000,28905488,1
Park-Fav,DKL Multi-Fidelity,42,0.7,15,164,179,256,4,10404208000,39010832,1
Park-Fav,DKL Multi-Fidelity,42,1.0,22,234,256,256,4,24578060000,55056400,1
Park-Fav,DKL Multi-Fidelity,43,0.1,2,23,25,256,4,448262000,9765616,1
Park-Fav,DKL Multi-Fidelity,43,0.3,7,70,77,256,4,2017258000,19216304,1
Park-Fav,DKL Multi-Fidelity,43,0.5,11,117,128,256,4,5063692000,28905488,1
Park-Fav,DKL Multi-Fidelity,43,0.7,15,164,179,256,4,10404208000,39010832,1
Park-Fav,DKL Multi-Fidelity,43,1.0,22,234,256,256,4,24578060000,55056400,1
Park-Fav,Sparse MFGP,42,0.1,2,23,25,256,4,239787000,1918432,1
Park-Fav,Sparse MFGP,42,0.3,7,70,77,256,4,5971747000,7887616,1
Park-Fav,Sparse MFGP,42,0.5,11,117,128,256,4,16159916000,12321832,1
Park-Fav,Sparse MFGP,42,0.7,15,164,179,256,4,22302764000,12321832,1
Park-Fav,Sparse MFGP,42,1.0,22,234,256,256,4,31774380000,12321832,1
Park-Fav,Sparse MFGP,43,0.1,2,23,25,256,4,239787000,1918432,1
Park-Fav,Sparse MFGP,43,0.3,7,70,77,256,4,5971747000,7887616,1
Park-Fav,Sparse MFGP,43,0.5,11,117,128,256,4,16159916000,12321832,1
Park-Fav,Sparse MFGP,43,0.7,15,164,179,256,4,22302764000,12321832,1
Park-Fav,Sparse MFGP,43,1.0,22,234,256,256,4,31774380000,12321832,1
Park-Fav,Sequential,42,0.1,2,23,25,256,4,126740992,4554752,1
Park-Fav,Sequential,42,0.3,7,70,77,256,4,388935680,4554752,1
Park-Fav,Sequential,42,0.5,11,117,128,256,4,647623168,4554752,1
Park-Fav,Sequential,42,0.7,15,164,179,256,4,906310656,4554752,1
Park-Fav,Sequential,42,1.0,22,234,256,256,4,1295246336,4554752,1
Park-Fav,Sequential,43,0.1,2,23,25,256,4,126740992,4554752,1
Park-Fav,Sequential,43,0.3,7,70,77,256,4,388935680,4554752,1
Park-Fav,Sequential,43,0.5,11,117,128,256,4,647623168,4554752,1
Park-Fav,Sequential,43,0.7,15,164,179,256,4,906310656,4554752,1
Park-Fav,Sequential,43,1.0,22,234,256,256,4,1295246336,4554752,1
Park-Fav,Progressive,42,0.1,2,23,25,256,4,64379392,4554752,1
Park-Fav,Progressive,42,0.3,7,70,77,256,4,197953280,4554752,1
Park-Fav,Progressive,42,0.5,11,117,128,256,4,329319168,4554752,1
Park-Fav,Progressive,42,0.7,15,164,179,256,4,460685056,4554752,1
Park-Fav,Progressive,42,1.0,22,234,256,256,4,658638336,4554752,1
Park-Fav,Progressive,43,0.1,2,23,25,256,4,64379392,4554752,1
Park-Fav,Progressive,43,0.3,7,70,77,256,4,197953280,4554752,1
Park-Fav,Progressive,43,0.5,11,117,128,256,4,329319168,4554752,1
Park-Fav,Progressive,43,0.7,15,164,179,256,4,460685056,4554752,1
Park-Fav,Progressive,43,1.0,22,234,256,256,4,658638336,4554752,1
Park-Fav,Curriculum,42,0.1,2,23,25,256,4,133773056,4554752,1
Park-Fav,Curriculum,42,0.3,7,70,77,256,4,388611712,4554752,1
Park-Fav,Curriculum,42,0.5,11,117,128,256,4,646317440,4554752,1
Park-Fav,Curriculum,42,0.7,15,164,179,256,4,904654464,4554752,1
Park-Fav,Curriculum,42,1.0,22,234,256,256,4,1293301248,4554752,1
Park-Fav,Curriculum,43,0.1,2,23,25,256,4,133773056,4554752,1
Park-Fav,Curriculum,43,0.3,7,70,77,256,4,388611712,4554752,1
Park-Fav,Curriculum,43,0.5,11,117,128,256,4,646317440,4554752,1
Park-Fav,Curriculum,43,0.7,15,164,179,256,4,904654464,4554752,1
Park-Fav,Curriculum,43,1.0,22,234,256,256,4,1293301248,4554752,1
Park-Fav,Two-Stage Joint,42,0.1,2,23,25,256,4,130499584,4554752,1
Park-Fav,Two-Stage Joint,42,0.3,7,70,77,256,4,401999360,4554752,1
Park-Fav,Two-Stage Joint,42,0.5,11,117,128,256,4,668212736,4554752,1
Park-Fav,Two-Stage Joint,42,0.7,15,164,179,256,4,934426112,4554752,1
Park-Fav,Two-Stage Joint,42,1.0,22,234,256,256,4,1336425472,4554752,1
Park-Fav,Two-Stage Joint,43,0.1,2,23,25,256,4,130499584,4554752,1
Park-Fav,Two-Stage Joint,43,0.3,7,70,77,256,4,401999360,4554752,1
Park-Fav,Two-Stage Joint,43,0.5,11,117,128,256,4,668212736,4554752,1
Park-Fav,Two-Stage Joint,43,0.7,15,164,179,256,4,934426112,4554752,1
Park-Fav,Two-Stage Joint,43,1.0,22,234,256,256,4,1336425472,4554752,1
Park-Fav,DNGO-Joint,42,0.1,2,23,25,256,4,200532992,4554752,1
Park-Fav,DNGO-Joint,42,0.3,7,70,77,256,4,619924480,4554752,1
Park-Fav,DNGO-Joint,42,0.5,11,117,128,256,4,1028794368,4554752,1
Park-Fav,DNGO-Joint,42,0.7,15,164,179,256,4,1437664256,4554752,1
Park-Fav,DNGO-Joint,42,1.0,22,234,256,256,4,2057588736,4554752,1
Park-Fav,DNGO-Joint,43,0.1,2,23,25,256,4,200532992,4554752,1
Park-Fav,DNGO-Joint,43,0.3,7,70,77,256,4,619924480,4554752,1
Park-Fav,DNGO-Joint,43,0.5,11,117,128,256,4,1028794368,4554752,1
Park-Fav,DNGO-Joint,43,0.7,15,164,179,256,4,1437664256,4554752,1
Park-Fav,DNGO-Joint,43,1.0,22,234,256,256,4,2057588736,4554752,1
Park-Fav,DNGO-Gradient,42,0.1,2,23,25,256,4,211208192,4554752,1
Park-Fav,DNGO-Gradient,42,0.3,7,70,77,256,4,657287680,4554752,1
Park-Fav,DNGO-Gradient,42,0.5,11,117,128,256,4,1087507968,4554752,1
Park-Fav,DNGO-Gradient,42,0.7,15,164,179,256,4,1517728256,4554752,1
Park-Fav,DNGO-Gradient,42,1.0,22,234,256,256,4,2175015936,4554752,1
Park-Fav,DNGO-Gradient,43,0.1,2,23,25,256,4,211208192,4554752,1
Park-Fav,DNGO-Gradient,43,0.3,7,70,77,256,4,657287680,4554752,1
Park-Fav,DNGO-Gradient,43,0.5,11,117,128,256,4,1087507968,4554752,1
Park-Fav,DNGO-Gradient,43,0.7,15,164,179,256,4,1517728256,4554752,1
Park-Fav,DNGO-Gradient,43,1.0,22,234,256,256,4,2175015936,4554752,1
Park-Fav,Knowledge Distillation,42,0.1,2,23,25,256,4,126740992,4554752,1
Park-Fav,Knowledge Distillation,42,0.3,7,70,77,256,4,388935680,4554752,1
Park-Fav,Knowledge Distillation,42,0.5,11,117,128,256,4,647623168,4554752,1
Park-Fav,Knowledge Distillation,42,0.7,15,164,179,256,4,906310656,4554752,1
Park-Fav,Knowledge Distillation,42,1.0,22,234,256,256,4,1295246336,4554752,1
Park-Fav,Knowledge Distillation,43,0.1,2,23,25,256,4,126740992,4554752,1
Park-Fav,Knowledge Distillation,43,0.3,7,70,77,256,4,388935680,4554752,1
Park-Fav,Knowledge Distillation,43,0.5,11,117,128,256,4,647623168,4554752,1
Park-Fav,Knowledge Distillation,43,0.7,15,164,179,256,4,906310656,4554752,1
Park-Fav,Knowledge Distillation,43,1.0,22,234,256,256,4,1295246336,4554752,1
Park-Fav,Domain Adaptation (MMD),42,0.1,2,23,25,256,4,190992384,4554752,1
Park-Fav,Domain Adaptation (MMD),42,0.3,7,70,77,256,4,586844160,4554752,1
Park-Fav,Domain Adaptation (MMD),42,0.5,11,117,128,256,4,976603136,4554752,1
Park-Fav,Domain Adaptation (MMD),42,0.7,15,164,179,256,4,1366362112,4554752,1
Park-Fav,Domain Adaptation (MMD),42,1.0,22,234,256,256,4,1953206272,4554752,1
Park-Fav,Domain Adaptation (MMD),43,0.1,2,23,25,256,4,190992384,4554752,1
Park-Fav,Domain Adaptation (MMD),43,0.3,7,70,77,256,4,586844160,4554752,1
Park-Fav,Domain Adaptation (MMD),43,0.5,11,117,128,256,4,976603136,4554752,1
Park-Fav,Domain Adaptation (MMD),43,0.7,15,164,179,256,4,1366362112,4554752,1
Park-Fav,Domain Adaptation (MMD),43,1.0,22,234,256,256,4,1953206272,4554752,1
Park-Fav,Soft Parameter Sharing,42,0.1,2,23,25,256,4,140872192,4554752,1
Park-Fav,Soft Parameter Sharing,42,0.3,7,70,77,256,4,438394880,4554752,1
Park-Fav,Soft Parameter Sharing,42,0.5,11,117,128,256,4,725344768,4554752,1
Park-Fav,Soft Parameter Sharing,42,0.7,15,164,179,256,4,1012294656,4554752,1
Park-Fav,Soft Parameter Sharing,42,1.0,22,234,256,256,4,1450689536,4554752,1
Park-Fav,Soft Parameter Sharing,43,0.1,2,23,25,256,4,140872192,4554752,1
Park-Fav,Soft Parameter Sharing,43,0.3,7,70,77,256,4,438394880,4554752,1
Park-Fav,Soft Parameter Sharing,43,0.5,11,117,128,256,4,725344768,4554752,1
Park-Fav,Soft Parameter Sharing,43,0.7,15,164,179,256,4,1012294656,4554752,1
Park-Fav,Soft Parameter Sharing,43,1.0,22,234,256,256,4,1450689536,4554752,1
Park-Fav,Pseudo-Labeling,42,0.1,2,23,25,256,4,207627392,4554752,1
Park-Fav,Pseudo-Labeling,42,0.3,7,70,77,256,4,635119744,4554752,1
Park-Fav,Pseudo-Labeling,42,0.5,11,117,128,256,4,1059096064,4554752,1
Park-Fav,Pseudo-Labeling,42,0.7,15,164,179,256,4,1483072384,4554752,1
Park-Fav,Pseudo-Labeling,42,1.0,22,234,256,256,4,2118192128,4554752,1
Park-Fav,Pseudo-Labeling,43,0.1,2,23,25,256,4,207627392,4554752,1
Park-Fav,Pseudo-Labeling,43,0.3,7,70,77,256,4,635119744,4554752,1
Park-Fav,Pseudo-Labeling,43,0.5,11,117,128,256,4,1059096064,4554752,1
Park-Fav,Pseudo-Labeling,43,0.7,15,164,179,256,4,1483072384,4554752,1
Park-Fav,Pseudo-Labeling,43,1.0,22,234,256,256,4,2118192128,4554752,1
Park-Fav,Adapter,42,0.1,2,23,25,256,4,127688192,4358144,1
Park-Fav,Adapter,42,0.3,7,70,77,256,4,392250880,4358144,1
Park-Fav,Adapter,42,0.5,11,117,128,256,4,652832768,4358144,1
Park-Fav,Adapter,42,0.7,15,164,179,256,4,913414656,4358144,1
Park-Fav,Adapter,42,1.0,22,234,256,256,4,1305665536,4358144,1
Park-Fav,Adapter,43,0.1,2,23,25,256,4,127688192,4358144,1
Park-Fav,Adapter,43,0.3,7,70,77,256,4,392250880,4358144,1
Park-Fav,Adapter,43,0.5,11,117,128,256,4,652832768,4358144,1
Park-Fav,Adapter,43,0.7,15,164,179,256,4,913414656,4358144,1
Park-Fav,Adapter,43,1.0,22,234,256,256,4,1305665536,4358144,1
Park-Unfav,MFGP,42,0.1,2,5,7,256,4,90552,947352,1
Park-Unfav,MFGP,42,0.3,7,16,23,256,4,4951440,3309976,1
Park-Unfav,MFGP,42,0.5,12,26,38,256,4,64763400,5774176,1
Park-Unfav,MFGP,42,0.7,17,36,53,256,4,82416060,8479576,1
Park-Unfav,MFGP,42,1.0,24,52,76,256,4,208860160,13096320,1
Park-Unfav,MFGP,43,0.1,2,5,7,256,4,86240,947352,1
Park-Unfav,MFGP,43,0.3,7,16,23,256,4,1650480,3309976,1
Park-Unfav,MFGP,43,0.5,12,26,38,256,4,46785600,5774176,1
Park-Unfav,MFGP,43,0.7,17,36,53,256,4,66236220,8479576,1
Park-Unfav,MFGP,43,1.0,24,52,76,256,4,279350464,13096320,1
Park-Unfav,NARGP,42,0.1,2,5,7,256,4,31564,935992,1
Park-Unfav,NARGP,42,0.3,7,16,23,256,4,1578226,3183278,1
Park-Unfav,NARGP,42,0.5,12,26,38,256,4,4822104,5422048,1
Park-Unfav,NARGP,42,0.7,17,36,53,256,4,17940042,7789518,1
Park-Unfav,NARGP,42,1.0,24,52,76,256,4,70981632,11687808,1
Park-Unfav,NARGP,43,0.1,2,5,7,256,4,30028,935992,1
Park-Unfav,NARGP,43,0.3,7,16,23,256,4,760458,3183278,1
Park-Unfav,NARGP,43,0.5,12,26,38,256,4,6517920,5422048,1
Park-Unfav,NARGP,43,0.7,17,36,53,256,4,17947968,7789518,1
Park-Unfav,NARGP,43,1.0,24,52,76,256,4,64229184,11687808,1
Park-Unfav,DKL Multi-Fidelity,42,0.1,2,5,7,256,4,114308000,6595024,1
Park-Unfav,DKL Multi-Fidelity,42,0.3,7,16,23,256,4,407572000,9410768,1
Park-Unfav,DKL Multi-Fidelity,42,0.5,12,26,38,256,4,740632000,12087728,1
Park-Unfav,DKL Multi-Fidelity,42,0.7,17,36,53,256,4,1150642000,14800688,1
Park-Unfav,DKL Multi-Fidelity,42,1.0,24,52,76,256,4,1975100000,19030480,1
Park-Unfav,DKL Multi-Fidelity,43,0.1,2,5,7,256,4,114308000,6595024,1
Park-Unfav,DKL Multi-Fidelity,43,0.3,7,16,23,256,4,407572000,9410768,1
Park-Unfav,DKL Multi-Fidelity,43,0.5,12,26,38,256,4,740632000,12087728,1
Park-Unfav,DKL Multi-Fidelity,43,0.7,17,36,53,256,4,1150642000,14800688,1
Park-Unfav,DKL Multi-Fidelity,43,1.0,24,52,76,256,4,1975100000,19030480,1
Park-Unfav,Sparse MFGP,42,0.1,2,5,7,256,4,8307000,1162576,1
Park-Unfav,Sparse MFGP,42,0.3,7,16,23,256,4,190291000,1801168,1
Park-Unfav,Sparse MFGP,42,0.5,12,26,38,256,4,778936000,2883448,1
Park-Unfav,Sparse MFGP,42,0.7,17,36,53,256,4,2020531000,4433728,1
Park-Unfav,Sparse MFGP,42,1.0,24,52,76,256,4,5748348000,7719784,1
Park-Unfav,Sparse MFGP,43,0.1,2,5,7,256,4,8307000,1162576,1
Park-Unfav,Sparse MFGP,43,0.3,7,16,23,256,4,190291000,1801168,1
Park-Unfav,Sparse MFGP,43,0.5,12,26,38,256,4,778936000,2883448,1
Park-Unfav,Sparse MFGP,43,0.7,17,36,53,256,4,2020531000,4433728,1
Park-Unfav,Sparse MFGP,43,1.0,24,52,76,256,4,5748348000,7719784,1
Park-Unfav,Sequential,42,0.1,2,5,7,256,4,33041920,4554752,1
Park-Unfav,Sequential,42,0.3,7,16,23,256,4,107838464,4554752,1
Park-Unfav,Sequential,42,0.5,12,26,38,256,4,177429504,4554752,1
Park-Unfav,Sequential,42,0.7,17,36,53,256,4,247020544,4554752,1
Park-Unfav,Sequential,42,1.0,24,52,76,256,4,354859008,4554752,1
Park-Unfav,Sequential,43,0.1,2,5,7,256,4,33041920,4554752,1
Park-Unfav,Sequential,43,0.3,7,16,23,256,4,107838464,4554752,1
Park-Unfav,Sequential,43,0.5,12,26,38,256,4,177429504,4554752,1
Park-Unfav,Sequential,43,0.7,17,36,53,256,4,247020544,4554752,1
Park-Unfav,Sequential,43,1.0,24,52,76,256,4,354859008,4554752,1
Park-Unfav,Progressive,42,0.1,2,5,7,256,4,17451520,4554752,1
Park-Unfav,Progressive,42,0.3,7,16,23,256,4,57169664,4554752,1
Park-Unfav,Progressive,42,0.5,12,26,38,256,4,94280704,4554752,1
Park-Unfav,Progressive,42,0.7,17,36,53,256,4,131391744,4554752,1
Park-Unfav,Progressive,42,1.0,24,52,76,256,4,188561408,4554752,1
Park-Unfav,Progressive,43,0.1,2,5,7,256,4,17451520,4554752,1
Park-Unfav,Progressive,43,0.3,7,16,23,256,4,57169664,4554752,1
Park-Unfav,Progressive,43,0.5,12,26,38,256,4,94280704,4554752,1
Park-Unfav,Progressive,43,0.7,17,36,53,256,4,131391744,4554752,1
Park-Unfav,Progressive,43,1.0,24,52,76,256,4,188561408,4554752,1
Park-Unfav,Curriculum,42,0.1,2,5,7,256,4,40073984,4554752,1
Park-Unfav,Curriculum,42,0.3,7,16,23,256,4,107514496,4554752,1
Park-Unfav,Curriculum,42,0.5,12,26,38,256,4,176027392,4554752,1
Park-Unfav,Curriculum,42,0.7,17,36,53,256,4,245171584,4554752,1
Park-Unfav,Curriculum,42,1.0,24,52,76,256,4,352966656,4554752,1
Park-Unfav,Curriculum,43,0.1,2,5,7,256,4,40073984,4554752,1
Park-Unfav,Curriculum,43,0.3,7,16,23,256,4,107514496,4554752,1
Park-Unfav,Curriculum,43,0.5,12,26,38,256,4,176027392,4554752,1
Park-Unfav,Curriculum,43,0.7,17,36,53,256,4,245171584,4554752,1
Park-Unfav,Curriculum,43,1.0,24,52,76,256,4,352966656,4554752,1
Park-Unfav,Two-Stage Joint,42,0.1,2,5,7,256,4,36643840,4554752,1
Park-Unfav,Two-Stage Joint,42,0.3,7,16,23,256,4,120432128,4554752,1
Park-Unfav,Two-Stage Joint,42,0.5,12,26,38,256,4,199006208,4554752,1
Park-Unfav,Two-Stage Joint,42,0.7,17,36,53,256,4,277580288,4554752,1
Park-Unfav,Two-Stage Joint,42,1.0,24,52,76,256,4,398012416,4554752,1
Park-Unfav,Two-Stage Joint,43,0.1,2,5,7,256,4,36643840,4554752,1
Park-Unfav,Two-Stage Joint,43,0.3,7,16,23,256,4,120432128,4554752,1
Park-Unfav,Two-Stage Joint,43,0.5,12,26,38,256,4,199006208,4554752,1
Park-Unfav,Two-Stage Joint,43,0.7,17,36,53,256,4,277580288,4554752,1
Park-Unfav,Two-Stage Joint,43,1.0,24,52,76,256,4,398012416,4554752,1
Park-Unfav,DNGO-Joint,42,0.1,2,5,7,256,4,60062720,4554752,1
Park-Unfav,DNGO-Joint,42,0.3,7,16,23,256,4,198513664,4554752,1
Park-Unfav,DNGO-Joint,42,0.5,12,26,38,256,4,329160704,4554752,1
Park-Unfav,DNGO-Joint,42,0.7,17,36,53,256,4,459807744,4554752,1
Park-Unfav,DNGO-Joint,42,1.0,24,52,76,256,4,658321408,4554752,1
Park-Unfav,DNGO-Joint,43,0.1,2,5,7,256,4,60062720,4554752,1
Park-Unfav,DNGO-Joint,43,0.3,7,16,23,256,4,198513664,4554752,1
Park-Unfav,DNGO-Joint,43,0.5,12,26,38,256,4,329160704,4554752,1
Park-Unfav,DNGO-Joint,43,0.7,17,36,53,256,4,459807744,4554752,1
Park-Unfav,DNGO-Joint,43,1.0,24,52,76,256,4,658321408,4554752,1
Park-Unfav,DNGO-Gradient,42,0.1,2,5,7,256,4,70737920,4554752,1
Park-Unfav,DNGO-Gradient,42,0.3,7,16,23,256,4,235876864,4554752,1
Park-Unfav,DNGO-Gradient,42,0.5,12,26,38,256,4,393211904,4554752,1
Park-Unfav,DNGO-Gradient,42,0.7,17,36,53,256,4,550546944,4554752,1
Park-Unfav,DNGO-Gradient,42,1.0,24,52,76,256,4,786423808,4554752,1
Park-Unfav,DNGO-Gradient,43,0.1,2,5,7,256,4,70737920,4554752,1
Park-Unfav,DNGO-Gradient,43,0.3,7,16,23,256,4,235876864,4554752,1
Park-Unfav,DNGO-Gradient,43,0.5,12,26,38,256,4,393211904,4554752,1
Park-Unfav,DNGO-Gradient,43,0.7,17,36,53,256,4,550546944,4554752,1
Park-Unfav,DNGO-Gradient,43,1.0,24,52,76,256,4,786423808,4554752,1
Park-Unfav,Knowledge Distillation,42,0.1,2,5,7,256,4,33041920,4554752,1
Park-Unfav,Knowledge Distillation,42,0.3,7,16,23,256,4,107838464,4554752,1
Park-Unfav,Knowledge Distillation,42,0.5,12,26,38,256,4,177429504,4554752,1
Park-Unfav,Knowledge Distillation,42,0.7,17,36,53,256,4,247020544,4554752,1
Park-Unfav,Knowledge Distillation,42,1.0,24,52,76,256,4,354859008,4554752,1
Park-Unfav,Knowledge Distillation,43,0.1,2,5,7,256,4,33041920,4554752,1
Park-Unfav,Knowledge Distillation,43,0.3,7,16,23,256,4,107838464,4554752,1
Park-Unfav,Knowledge Distillation,43,0.5,12,26,38,256,4,177429504,4554752,1
Park-Unfav,Knowledge Distillation,43,0.7,17,36,53,256,4,247020544,4554752,1
Park-Unfav,Knowledge Distillation,43,1.0,24,52,76,256,4,354859008,4554752,1
Park-Unfav,Domain Adaptation (MMD),42,0.1,2,5,7,256,4,51056640,4554752,1
Park-Unfav,Domain Adaptation (MMD),42,0.3,7,16,23,256,4,167036928,4554752,1
Park-Unfav,Domain Adaptation (MMD),42,0.5,12,26,38,256,4,275243008,4554752,1
Park-Unfav,Domain Adaptation (MMD),42,0.7,17,36,53,256,4,383449088,4554752,1
Park-Unfav,Domain Adaptation (MMD),42,1.0,24,52,76,256,4,550486016,4554752,1
Park-Unfav,Domain Adaptation (MMD),43,0.1,2,5,7,256,4,51056640,4554752,1
Park-Unfav,Domain Adaptation (MMD),43,0.3,7,16,23,256,4,167036928,4554752,1
Park-Unfav,Domain Adaptation (MMD),43,0.5,12,26,38,256,4,275243008,4554752,1
Park-Unfav,Domain Adaptation (MMD),43,0.7,17,36,53,256,4,383449088,4554752,1
Park-Unfav,Domain Adaptation (MMD),43,1.0,24,52,76,256,4,550486016,4554752,1
Park-Unfav,Soft Parameter Sharing,42,0.1,2,5,7,256,4,47173120,4554752,1
Park-Unfav,Soft Parameter Sharing,42,0.3,7,16,23,256,4,157297664,4554752,1
Park-Unfav,Soft Parameter Sharing,42,0.5,12,26,38,256,4,262216704,4554752,1
Park-Unfav,Soft Parameter Sharing,42,0.7,17,36,53,256,4,367135744,4554752,1
Park-Unfav,Soft Parameter Sharing,42,1.0,24,52,76,256,4,524433408,4554752,1
Park-Unfav,Soft Parameter Sharing,43,0.1,2,5,7,256,4,47173120,4554752,1
Park-Unfav,Soft Parameter Sharing,43,0.3,7,16,23,256,4,157297664,4554752,1
Park-Unfav,Soft Parameter Sharing,43,0.5,12,26,38,256,4,262216704,4554752,1
Park-Unfav,Soft Parameter Sharing,43,0.7,17,36,53,256,4,367135744,4554752,1
Park-Unfav,Soft Parameter Sharing,43,1.0,24,52,76,256,4,524433408,4554752,1
Park-Unfav,Pseudo-Labeling,42,0.1,2,5,7,256,4,50639744,4554752,1
Park-Unfav,Pseudo-Labeling,42,0.3,7,16,23,256,4,164156800,4554752,1
Park-Unfav,Pseudo-Labeling,42,0.5,12,26,38,256,4,268952320,4554752,1
Park-Unfav,Pseudo-Labeling,42,0.7,17,36,53,256,4,373747840,4554752,1
Park-Unfav,Pseudo-Labeling,42,1.0,24,52,76,256,4,537904640,4554752,1
Park-Unfav,Pseudo-Labeling,43,0.1,2,5,7,256,4,50639744,4554752,1
Park-Unfav,Pseudo-Labeling,43,0.3,7,16,23,256,4,164156800,4554752,1
Park-Unfav,Pseudo-Labeling,43,0.5,12,26,38,256,4,268952320,4554752,1
Park-Unfav,Pseudo-Labeling,43,0.7,17,36,53,256,4,373747840,4554752,1
Park-Unfav,Pseudo-Labeling,43,1.0,24,52,76,256,4,537904640,4554752,1
Park-Unfav,Adapter,42,0.1,2,5,7,256,4,33989120,4358144,1
Park-Unfav,Adapter,42,0.3,7,16,23,256,4,111153664,4358144,1
Park-Unfav,Adapter,42,0.5,12,26,38,256,4,183112704,4358144,1
Park-Unfav,Adapter,42,0.7,17,36,53,256,4,255071744,4358144,1
Park-Unfav,Adapter,42,1.0,24,52,76,256,4,366225408,4358144,1
Park-Unfav,Adapter,43,0.1,2,5,7,256,4,33989120,4358144,1
Park-Unfav,Adapter,43,0.3,7,16,23,256,4,111153664,4358144,1
Park-Unfav,Adapter,43,0.5,12,26,38,256,4,183112704,4358144,1
Park-Unfav,Adapter,43,0.7,17,36,53,256,4,255071744,4358144,1
Park-Unfav,Adapter,43,1.0,24,52,76,256,4,366225408,4358144,1
COFs,MFGP,42,0.1,2,23,25,608,14,6557500,19313600,1
COFs,MFGP,42,0.3,4,69,73,608,14,61603240,60880832,1
COFs,MFGP,42,0.5,8,115,123,608,14,985200480,110452032,1
COFs,MFGP,42,0.7,10,161,171,608,14,2303956872,164061504,1
COFs,MFGP,42,1.0,15,230,245,608,14,9278904600,258265280,1
COFs,MFGP,43,0.1,2,23,25,608,14,5947500,19313600,1
COFs,MFGP,43,0.3,4,69,73,608,14,137701360,60880832,1
COFs,MFGP,43,0.5,8,115,123,608,14,885349080,110452032,1
COFs,MFGP,43,0.7,10,161,171,608,14,3980986704,164061504,1
COFs,MFGP,43,1.0,15,230,245,608,14,12686643900,258265280,1
COFs,NARGP,42,0.1,2,23,25,608,14,1628952,19161864,1
COFs,NARGP,42,0.3,4,69,73,608,14,21573780,59869088,1
COFs,NARGP,42,0.5,8,115,123,608,14,222009720,107248512,1
COFs,NARGP,42,0.7,10,161,171,608,14,458939752,158277960,1
COFs,NARGP,42,1.0,15,230,245,608,14,1243968650,246040930,1
COFs,NARGP,43,0.1,2,23,25,608,14,1703832,19161864,1
COFs,NARGP,43,0.3,4,69,73,608,14,27188176,59869088,1
COFs,NARGP,43,0.5,8,115,123,608,14,209019360,107248512,1
COFs,NARGP,43,0.7,10,161,171,608,14,633042072,158277960,1
COFs,NARGP,43,1.0,15,230,245,608,14,1834151750,246040930,1
COFs,DKL Multi-Fidelity,42,0.1,2,23,25,608,14,480262000,42488496,1
COFs,DKL Multi-Fidelity,42,0.3,4,69,73,608,14,1945462000,81901488,1
COFs,DKL Multi-Fidelity,42,0.5,8,115,123,608,14,4833912000,123348688,1
COFs,DKL Multi-Fidelity,42,0.7,10,161,171,608,14,9601320000,163514320,1
COFs,DKL Multi-Fidelity,42,1.0,15,230,245,608,14,22331762000,226158576,1
COFs,DKL Multi-Fidelity,43,0.1,2,23,25,608,14,480262000,42488496,1
COFs,DKL Multi-Fidelity,43,0.3,4,69,73,608,14,1945462000,81901488,1
COFs,DKL Multi-Fidelity,43,0.5,8,115,123,608,14,4833912000,123348688,1
COFs,DKL Multi-Fidelity,43,0.7,10,161,171,608,14,9601320000,163514320,1
COFs,DKL Multi-Fidelity,43,1.0,15,230,245,608,14,22331762000,226158576,1
COFs,Sparse MFGP,42,0.1,2,23,25,608,14,314787000,15980276,1
COFs,Sparse MFGP,42,0.3,4,69,73,608,14,5751171000,29749748,1
COFs,Sparse MFGP,42,0.5,8,115,123,608,14,17055146000,42492776,1
COFs,Sparse MFGP,42,0.7,10,161,171,608,14,23535530000,42492776,1
COFs,Sparse MFGP,42,1.0,15,230,245,608,14,33977522000,42492776,1
COFs,Sparse MFGP,43,0.1,2,23,25,608,14,314787000,15980276,1
COFs,Sparse MFGP,43,0.3,4,69,73,608,14,5751171000,29749748,1
COFs,Sparse MFGP,43,0.5,8,115,123,608,14,17055146000,42492776,1
COFs,Sparse MFGP,43,0.7,10,161,171,608,14,23535530000,42492776,1
COFs,Sparse MFGP,43,1.0,15,230,245,608,14,33977522000,42492776,1
COFs,Sequential,42,0.1,2,23,25,608,14,139314432,12374016,1
COFs,Sequential,42,0.3,4,69,73,608,14,410160896,12374016,1
COFs,Sequential,42,0.5,8,115,123,608,14,688789760,12374016,1
COFs,Sequential,42,0.7,10,161,171,608,14,959636224,12374016,1
COFs,Sequential,42,1.0,15,230,245,608,14,1373688320,12374016,1
COFs,Sequential,43,0.1,2,23,25,608,14,139314432,12374016,1
COFs,Sequential,43,0.3,4,69,73,608,14,410160896,12374016,1
COFs,Sequential,43,0.5,8,115,123,608,14,688789760,12374016,1
COFs,Sequential,43,0.7,10,161,171,608,14,959636224,12374016,1
COFs,Sequential,43,1.0,15,230,245,608,14,1373688320,12374016,1
COFs,Progressive,42,0.1,2,23,25,608,14,70808832,12374016,1
COFs,Progressive,42,0.3,4,69,73,608,14,207498496,12374016,1
COFs,Progressive,42,0.5,8,115,123,608,14,349116160,12374016,1
COFs,Progressive,42,0.7,10,161,171,608,14,485805824,12374016,1
COFs,Progressive,42,1.0,15,230,245,608,14,695768320,12374016,1
COFs,Progressive,43,0.1,2,23,25,608,14,70808832,12374016,1
COFs,Progressive,43,0.3,4,69,73,608,14,207498496,12374016,1
COFs,Progressive,43,0.5,8,115,123,608,14,349116160,12374016,1
COFs,Progressive,43,0.7,10,161,171,608,14,485805824,12374016,1
COFs,Progressive,43,1.0,15,230,245,608,14,695768320,12374016,1
COFs,Curriculum,42,0.1,2,23,25,608,14,147117056,12374016,1
COFs,Curriculum,42,0.3,4,69,73,608,14,412224768,12374016,1
COFs,Curriculum,42,0.5,8,115,123,608,14,688131328,12374016,1
COFs,Curriculum,42,0.7,10,161,171,608,14,958492160,12374016,1
COFs,Curriculum,42,1.0,15,230,245,608,14,1371855488,12374016,1
COFs,Curriculum,43,0.1,2,23,25,608,14,147117056,12374016,1
COFs,Curriculum,43,0.3,4,69,73,608,14,412224768,12374016,1
COFs,Curriculum,43,0.5,8,115,123,608,14,688131328,12374016,1
COFs,Curriculum,43,0.7,10,161,171,608,14,958492160,12374016,1
COFs,Curriculum,43,1.0,15,230,245,608,14,1371855488,12374016,1
COFs,Two-Stage Joint,42,0.1,2,23,25,608,14,143614464,12374016,1
COFs,Two-Stage Joint,42,0.3,4,69,73,608,14,418990592,12374016,1
COFs,Two-Stage Joint,42,0.5,8,115,123,608,14,706219520,12374016,1
COFs,Two-Stage Joint,42,0.7,10,161,171,608,14,981595648,12374016,1
COFs,Two-Stage Joint,42,1.0,15,230,245,608,14,1406512640,12374016,1
COFs,Two-Stage Joint,43,0.1,2,23,25,608,14,143614464,12374016,1
COFs,Two-Stage Joint,43,0.3,4,69,73,608,14,418990592,12374016,1
COFs,Two-Stage Joint,43,0.5,8,115,123,608,14,706219520,12374016,1
COFs,Two-Stage Joint,43,0.7,10,161,171,608,14,981595648,12374016,1
COFs,Two-Stage Joint,43,1.0,15,230,245,608,14,1406512640,12374016,1
COFs,DNGO-Joint,42,0.1,2,23,25,608,14,220530432,12374016,1
COFs,DNGO-Joint,42,0.3,4,69,73,608,14,638244096,12374016,1
COFs,DNGO-Joint,42,0.5,8,115,123,608,14,1079304960,12374016,1
COFs,DNGO-Joint,42,0.7,10,161,171,608,14,1497018624,12374016,1
COFs,DNGO-Joint,42,1.0,15,230,245,608,14,2146936320,12374016,1
COFs,DNGO-Joint,43,0.1,2,23,25,608,14,220530432,12374016,1
COFs,DNGO-Joint,43,0.3,4,69,73,608,14,638244096,12374016,1
COFs,DNGO-Joint,43,0.5,8,115,123,608,14,1079304960,12374016,1
COFs,DNGO-Joint,43,0.7,10,161,171,608,14,1497018624,12374016,1
COFs,DNGO-Joint,43,1.0,15,230,245,608,14,2146936320,12374016,1
COFs,DNGO-Gradient,42,0.1,2,23,25,608,14,232741632,12374016,1
COFs,DNGO-Gradient,42,0.3,4,69,73,608,14,662666496,12374016,1
COFs,DNGO-Gradient,42,0.5,8,115,123,608,14,1128149760,12374016,1
COFs,DNGO-Gradient,42,0.7,10,161,171,608,14,1558074624,12374016,1
COFs,DNGO-Gradient,42,1.0,15,230,245,608,14,2238520320,12374016,1
COFs,DNGO-Gradient,43,0.1,2,23,25,608,14,232741632,12374016,1
COFs,DNGO-Gradient,43,0.3,4,69,73,608,14,662666496,12374016,1
COFs,DNGO-Gradient,43,0.5,8,115,123,608,14,1128149760,12374016,1
COFs,DNGO-Gradient,43,0.7,10,161,171,608,14,1558074624,12374016,1
COFs,DNGO-Gradient,43,1.0,15,230,245,608,14,2238520320,12374016,1
COFs,Knowledge Distillation,42,0.1,2,23,25,608,14,139314432,12374016,1
COFs,Knowledge Distillation,42,0.3,4,69,73,608,14,410160896,12374016,1
COFs,Knowledge Distillation,42,0.5,8,115,123,608,14,688789760,12374016,1
COFs,Knowledge Distillation,42,0.7,10,161,171,608,14,959636224,12374016,1
COFs,Knowledge Distillation,42,1.0,15,230,245,608,14,1373688320,12374016,1
COFs,Knowledge Distillation,43,0.1,2,23,25,608,14,139314432,12374016,1
COFs,Knowledge Distillation,43,0.3,4,69,73,608,14,410160896,12374016,1
COFs,Knowledge Distillation,43,0.5,8,115,123,608,14,688789760,12374016,1
COFs,Knowledge Distillation,43,0.7,10,161,171,608,14,959636224,12374016,1
COFs,Knowledge Distillation,43,1.0,15,230,245,608,14,1373688320,12374016,1
COFs,Domain Adaptation (MMD),42,0.1,2,23,25,608,14,209995264,12374016,1
COFs,Domain Adaptation (MMD),42,0.3,4,69,73,608,14,616520192,12374016,1
COFs,Domain Adaptation (MMD),42,0.5,8,115,123,608,14,1036510720,12374016,1
COFs,Domain Adaptation (MMD),42,0.7,10,161,171,608,14,1443035648,12374016,1
COFs,Domain Adaptation (MMD),42,1.0,15,230,245,608,14,2066288640,12374016,1
COFs,Domain Adaptation (MMD),43,0.1,2,23,25,608,14,209995264,12374016,1
COFs,Domain Adaptation (MMD),43,0.3,4,69,73,608,14,616520192,12374016,1
COFs,Domain Adaptation (MMD),43,0.5,8,115,123,608,14,1036510720,12374016,1
COFs,Domain Adaptation (MMD),43,0.7,10,161,171,608,14,1443035648,12374016,1
COFs,Domain Adaptation (MMD),43,1.0,15,230,245,608,14,2066288640,12374016,1
COFs,Soft Parameter Sharing,42,0.1,2,23,25,608,14,155237632,12374016,1
COFs,Soft Parameter Sharing,42,0.3,4,69,73,608,14,442007296,12374016,1
COFs,Soft Parameter Sharing,42,0.5,8,115,123,608,14,752482560,12374016,1
COFs,Soft Parameter Sharing,42,0.7,10,161,171,608,14,1039252224,12374016,1
COFs,Soft Parameter Sharing,42,1.0,15,230,245,608,14,1493112320,12374016,1
COFs,Soft Parameter Sharing,43,0.1,2,23,25,608,14,155237632,12374016,1
COFs,Soft Parameter Sharing,43,0.3,4,69,73,608,14,442007296,12374016,1
COFs,Soft Parameter Sharing,43,0.5,8,115,123,608,14,752482560,12374016,1
COFs,Soft Parameter Sharing,43,0.7,10,161,171,608,14,1039252224,12374016,1
COFs,Soft Parameter Sharing,43,1.0,15,230,245,608,14,1493112320,12374016,1
COFs,Pseudo-Labeling,42,0.1,2,23,25,608,14,229064832,12374016,1
COFs,Pseudo-Labeling,42,0.3,4,69,73,608,14,679391872,12374016,1
COFs,Pseudo-Labeling,42,0.5,8,115,123,608,14,1137521536,12374016,1
COFs,Pseudo-Labeling,42,0.7,10,161,171,608,14,1587848576,12374016,1
COFs,Pseudo-Labeling,42,1.0,15,230,245,608,14,2271141760,12374016,1
COFs,Pseudo-Labeling,43,0.1,2,23,25,608,14,229064832,12374016,1
COFs,Pseudo-Labeling,43,0.3,4,69,73,608,14,679391872,12374016,1
COFs,Pseudo-Labeling,43,0.5,8,115,123,608,14,1137521536,12374016,1
COFs,Pseudo-Labeling,43,0.7,10,161,171,608,14,1587848576,12374016,1
COFs,Pseudo-Labeling,43,1.0,15,230,245,608,14,2271141760,12374016,1
COFs,Adapter,42,0.1,2,23,25,608,14,139749632,11128832,1
COFs,Adapter,42,0.3,4,69,73,608,14,411031296,11128832,1
COFs,Adapter,42,0.5,8,115,123,608,14,690530560,11128832,1
COFs,Adapter,42,0.7,10,161,171,608,14,961812224,11128832,1
COFs,Adapter,42,1.0,15,230,245,608,14,1376952320,11128832,1
COFs,Adapter,43,0.1,2,23,25,608,14,139749632,11128832,1
COFs,Adapter,43,0.3,4,69,73,608,14,411031296,11128832,1
COFs,Adapter,43,0.5,8,115,123,608,14,690530560,11128832,1
COFs,Adapter,43,0.7,10,161,171,608,14,961812224,11128832,1
COFs,Adapter,43,1.0,15,230,245,608,14,1376952320,11128832,1
FreeSolv,MFGP,42,0.1,2,26,28,640,10,7601664,24014592,1
FreeSolv,MFGP,42,0.3,7,78,85,640,10,200305900,79335600,1
FreeSolv,MFGP,42,0.5,12,130,142,640,10,2341040400,143285952,1
FreeSolv,MFGP,42,0.7,17,181,198,640,10,5354639136,214517952,1
FreeSolv,MFGP,42,1.0,24,259,283,640,10,13799655056,338554032,1
FreeSolv,MFGP,43,0.1,2,26,28,640,10,9026976,24014592,1
FreeSolv,MFGP,43,0.3,7,78,85,640,10,363012900,79335600,1
FreeSolv,MFGP,43,0.5,12,130,142,640,10,1751445040,143285952,1
FreeSolv,MFGP,43,0.7,17,181,198,640,10,4462199280,214517952,1
FreeSolv,MFGP,43,1.0,24,259,283,640,10,21269716264,338554032,1
FreeSolv,NARGP,42,0.1,2,26,28,640,10,1900840,23843944,1
FreeSolv,NARGP,42,0.3,7,78,85,640,10,50712174,77592314,1
FreeSolv,NARGP,42,0.5,12,130,142,640,10,289070808,138328224,1
FreeSolv,NARGP,42,0.7,17,181,198,640,10,859664644,204766554,1
FreeSolv,NARGP,42,1.0,24,259,283,640,10,7353473768,318811776,1
FreeSolv,NARGP,43,0.1,2,26,28,640,10,2239528,23843944,1
FreeSolv,NARGP,43,0.3,7,78,85,640,10,54896316,77592314,1
FreeSolv,NARGP,43,0.5,12,130,142,640,10,345471880,138328224,1
FreeSolv,NARGP,43,0.7,17,181,198,640,10,1288178524,204766554,1
FreeSolv,NARGP,43,1.0,24,259,283,640,10,1873224392,318811776,1
FreeSolv,DKL Multi-Fidelity,42,0.1,2,26,28,640,10,532796000,48877264,1
FreeSolv,DKL Multi-Fidelity,42,0.3,7,78,85,640,10,2441042000,100392496,1
FreeSolv,DKL Multi-Fidelity,42,0.5,12,130,142,640,10,6376664000,152427568,1
FreeSolv,DKL Multi-Fidelity,42,0.7,17,181,198,640,10,13293336000,204055984,1
FreeSolv,DKL Multi-Fidelity,42,1.0,24,259,283,640,10,31941656000,283379344,1
FreeSolv,DKL Multi-Fidelity,43,0.1,2,26,28,640,10,532796000,48877264,1
FreeSolv,DKL Multi-Fidelity,43,0.3,7,78,85,640,10,2441042000,100392496,1
FreeSolv,DKL Multi-Fidelity,43,0.5,12,130,142,640,10,6376664000,152427568,1
FreeSolv,DKL Multi-Fidelity,43,0.7,17,181,198,640,10,13293336000,204055984,1
FreeSolv,DKL Multi-Fidelity,43,1.0,24,259,283,640,10,31941656000,283379344,1
FreeSolv,Sparse MFGP,42,0.1,2,26,28,640,10,385404000,14542504,1
FreeSolv,Sparse MFGP,42,0.3,7,78,85,640,10,8490747000,33328108,1
FreeSolv,Sparse MFGP,42,0.5,12,130,142,640,10,18889980000,41066728,1
FreeSolv,Sparse MFGP,42,0.7,17,181,198,640,10,26216348000,41066728,1
FreeSolv,Sparse MFGP,42,1.0,24,259,283,640,10,37792158000,41066728,1
FreeSolv,Sparse MFGP,43,0.1,2,26,28,640,10,385404000,14542504,1
FreeSolv,Sparse MFGP,43,0.3,7,78,85,640,10,8490747000,33328108,1
FreeSolv,Sparse MFGP,43,0.5,12,130,142,640,10,18889980000,41066728,1
FreeSolv,Sparse MFGP,43,0.7,17,181,198,640,10,26216348000,41066728,1
FreeSolv,Sparse MFGP,43,1.0,24,259,283,640,10,37792158000,41066728,1
FreeSolv,Sequential,42,0.1,2,26,28,640,10,150825472,12369920,1
FreeSolv,Sequential,42,0.3,7,78,85,640,10,456214016,12369920,1
FreeSolv,Sequential,42,0.5,12,130,142,640,10,761602560,12369920,1
FreeSolv,Sequential,42,0.7,17,181,198,640,10,1061477632,12369920,1
FreeSolv,Sequential,42,1.0,24,259,283,640,10,1517691648,12369920,1
FreeSolv,Sequential,43,0.1,2,26,28,640,10,150825472,12369920,1
FreeSolv,Sequential,43,0.3,7,78,85,640,10,456214016,12369920,1
FreeSolv,Sequential,43,0.5,12,130,142,640,10,761602560,12369920,1
FreeSolv,Sequential,43,0.7,17,181,198,640,10,1061477632,12369920,1
FreeSolv,Sequential,43,1.0,24,259,283,640,10,1517691648,12369920,1
FreeSolv,Progressive,42,0.1,2,26,28,640,10,76521472,12369920,1
FreeSolv,Progressive,42,0.3,7,78,85,640,10,231926016,12369920,1
FreeSolv,Progressive,42,0.5,12,130,142,640,10,387330560,12369920,1
FreeSolv,Progressive,42,0.7,17,181,198,640,10,539973632,12369920,1
FreeSolv,Progressive,42,1.0,24,259,283,640,10,771899648,12369920,1
FreeSolv,Progressive,43,0.1,2,26,28,640,10,76521472,12369920,1
FreeSolv,Progressive,43,0.3,7,78,85,640,10,231926016,12369920,1
FreeSolv,Progressive,43,0.5,12,130,142,640,10,387330560,12369920,1
FreeSolv,Progressive,43,0.7,17,181,198,640,10,539973632,12369920,1
FreeSolv,Progressive,43,1.0,24,259,283,640,10,771899648,12369920,1
FreeSolv,Curriculum,42,0.1,2,26,28,640,10,158319872,12369920,1
FreeSolv,Curriculum,42,0.3,7,78,85,640,10,455870080,12369920,1
FreeSolv,Curriculum,42,0.5,12,130,142,640,10,760110592,12369920,1
FreeSolv,Curriculum,42,0.7,17,181,198,640,10,1059510400,12369920,1
FreeSolv,Curriculum,42,1.0,24,259,283,640,10,1515679488,12369920,1
FreeSolv,Curriculum,43,0.1,2,26,28,640,10,158319872,12369920,1
FreeSolv,Curriculum,43,0.3,7,78,85,640,10,455870080,12369920,1
FreeSolv,Curriculum,43,0.5,12,130,142,640,10,760110592,12369920,1
FreeSolv,Curriculum,43,0.7,17,181,198,640,10,1059510400,12369920,1
FreeSolv,Curriculum,43,1.0,24,259,283,640,10,1515679488,12369920,1
FreeSolv,Two-Stage Joint,42,0.1,2,26,28,640,10,154937344,12369920,1
FreeSolv,Two-Stage Joint,42,0.3,7,78,85,640,10,470482432,12369920,1
FreeSolv,Two-Stage Joint,42,0.5,12,130,142,640,10,786027520,12369920,1
FreeSolv,Two-Stage Joint,42,0.7,17,181,198,640,10,1096049664,12369920,1
FreeSolv,Two-Stage Joint,42,1.0,24,259,283,640,10,1566532096,12369920,1
FreeSolv,Two-Stage Joint,43,0.1,2,26,28,640,10,154937344,12369920,1
FreeSolv,Two-Stage Joint,43,0.3,7,78,85,640,10,470482432,12369920,1
FreeSolv,Two-Stage Joint,43,0.5,12,130,142,640,10,786027520,12369920,1
FreeSolv,Two-Stage Joint,43,0.7,17,181,198,640,10,1096049664,12369920,1
FreeSolv,Two-Stage Joint,43,1.0,24,259,283,640,10,1566532096,12369920,1
FreeSolv,DNGO-Joint,42,0.1,2,26,28,640,10,237327872,12369920,1
FreeSolv,DNGO-Joint,42,0.3,7,78,85,640,10,723196416,12369920,1
FreeSolv,DNGO-Joint,42,0.5,12,130,142,640,10,1209064960,12369920,1
FreeSolv,DNGO-Joint,42,0.7,17,181,198,640,10,1686668032,12369920,1
FreeSolv,DNGO-Joint,42,1.0,24,259,283,640,10,2409864448,12369920,1
FreeSolv,DNGO-Joint,43,0.1,2,26,28,640,10,237327872,12369920,1
FreeSolv,DNGO-Joint,43,0.3,7,78,85,640,10,723196416,12369920,1
FreeSolv,DNGO-Joint,43,0.5,12,130,142,640,10,1209064960,12369920,1
FreeSolv,DNGO-Joint,43,0.7,17,181,198,640,10,1686668032,12369920,1
FreeSolv,DNGO-Joint,43,1.0,24,259,283,640,10,2409864448,12369920,1
FreeSolv,DNGO-Gradient,42,0.1,2,26,28,640,10,248924672,12369920,1
FreeSolv,DNGO-Gradient,42,0.3,7,78,85,640,10,763785216,12369920,1
FreeSolv,DNGO-Gradient,42,0.5,12,130,142,640,10,1278645760,12369920,1
FreeSolv,DNGO-Gradient,42,0.7,17,181,198,640,10,1785240832,12369920,1
FreeSolv,DNGO-Gradient,42,1.0,24,259,283,640,10,2549026048,12369920,1
FreeSolv,DNGO-Gradient,43,0.1,2,26,28,640,10,248924672,12369920,1
FreeSolv,DNGO-Gradient,43,0.3,7,78,85,640,10,763785216,12369920,1
FreeSolv,DNGO-Gradient,43,0.5,12,130,142,640,10,1278645760,12369920,1
FreeSolv,DNGO-Gradient,43,0.7,17,181,198,640,10,1785240832,12369920,1
FreeSolv,DNGO-Gradient,43,1.0,24,259,283,640,10,2549026048,12369920,1
FreeSolv,Knowledge Distillation,42,0.1,2,26,28,640,10,150825472,12369920,1
FreeSolv,Knowledge Distillation,42,0.3,7,78,85,640,10,456214016,12369920,1
FreeSolv,Knowledge Distillation,42,0.5,12,130,142,640,10,761602560,12369920,1
FreeSolv,Knowledge Distillation,42,0.7,17,181,198,640,10,1061477632,12369920,1
FreeSolv,Knowledge Distillation,42,1.0,24,259,283,640,10,1517691648,12369920,1
FreeSolv,Knowledge Distillation,43,0.1,2,26,28,640,10,150825472,12369920,1
FreeSolv,Knowledge Distillation,43,0.3,7,78,85,640,10,456214016,12369920,1
FreeSolv,Knowledge Distillation,43,0.5,12,130,142,640,10,761602560,12369920,1
FreeSolv,Knowledge Distillation,43,0.7,17,181,198,640,10,1061477632,12369920,1
FreeSolv,Knowledge Distillation,43,1.0,24,259,283,640,10,1517691648,12369920,1
FreeSolv,Domain Adaptation (MMD),42,0.1,2,26,28,640,10,227103744,12369920,1
FreeSolv,Domain Adaptation (MMD),42,0.3,7,78,85,640,10,687788032,12369920,1
FreeSolv,Domain Adaptation (MMD),42,0.5,12,130,142,640,10,1148472320,12369920,1
FreeSolv,Domain Adaptation (MMD),42,0.7,17,181,198,640,10,1600920064,12369920,1
FreeSolv,Domain Adaptation (MMD),42,1.0,24,259,283,640,10,2288708096,12369920,1
FreeSolv,Domain Adaptation (MMD),43,0.1,2,26,28,640,10,227103744,12369920,1
FreeSolv,Domain Adaptation (MMD),43,0.3,7,78,85,640,10,687788032,12369920,1
FreeSolv,Domain Adaptation (MMD),43,0.5,12,130,142,640,10,1148472320,12369920,1
FreeSolv,Domain Adaptation (MMD),43,0.7,17,181,198,640,10,1600920064,12369920,1
FreeSolv,Domain Adaptation (MMD),43,1.0,24,259,283,640,10,2288708096,12369920,1
FreeSolv,Soft Parameter Sharing,42,0.1,2,26,28,640,10,166031872,12369920,1
FreeSolv,Soft Parameter Sharing,42,0.3,7,78,85,640,10,509436416,12369920,1
FreeSolv,Soft Parameter Sharing,42,0.5,12,130,142,640,10,852840960,12369920,1
FreeSolv,Soft Parameter Sharing,42,0.7,17,181,198,640,10,1190732032,12369920,1
FreeSolv,Soft Parameter Sharing,42,1.0,24,259,283,640,10,1700168448,12369920,1
FreeSolv,Soft Parameter Sharing,43,0.1,2,26,28,640,10,166031872,12369920,1
FreeSolv,Soft Parameter Sharing,43,0.3,7,78,85,640,10,509436416,12369920,1
FreeSolv,Soft Parameter Sharing,43,0.5,12,130,142,640,10,852840960,12369920,1
FreeSolv,Soft Parameter Sharing,43,0.7,17,181,198,640,10,1190732032,12369920,1
FreeSolv,Soft Parameter Sharing,43,1.0,24,259,283,640,10,1700168448,12369920,1
FreeSolv,Pseudo-Labeling,42,0.1,2,26,28,640,10,248271872,12369920,1
FreeSolv,Pseudo-Labeling,42,0.3,7,78,85,640,10,748562816,12369920,1
FreeSolv,Pseudo-Labeling,42,0.5,12,130,142,640,10,1248853760,12369920,1
FreeSolv,Pseudo-Labeling,42,0.7,17,181,198,640,10,1739884032,12369920,1
FreeSolv,Pseudo-Labeling,42,1.0,24,259,283,640,10,2488446848,12369920,1
FreeSolv,Pseudo-Labeling,43,0.1,2,26,28,640,10,248271872,12369920,1
FreeSolv,Pseudo-Labeling,43,0.3,7,78,85,640,10,748562816,12369920,1
FreeSolv,Pseudo-Labeling,43,0.5,12,130,142,640,10,1248853760,12369920,1
FreeSolv,Pseudo-Labeling,43,0.7,17,181,198,640,10,1739884032,12369920,1
FreeSolv,Pseudo-Labeling,43,1.0,24,259,283,640,10,2488446848,12369920,1
FreeSolv,Adapter,42,0.1,2,26,28,640,10,151465472,11386880,1
FreeSolv,Adapter,42,0.3,7,78,85,640,10,458454016,11386880,1
FreeSolv,Adapter,42,0.5,12,130,142,640,10,765442560,11386880,1
FreeSolv,Adapter,42,0.7,17,181,198,640,10,1066917632,11386880,1
FreeSolv,Adapter,42,1.0,24,259,283,640,10,1525371648,11386880,1
FreeSolv,Adapter,43,0.1,2,26,28,640,10,151465472,11386880,1
FreeSolv,Adapter,43,0.3,7,78,85,640,10,458454016,11386880,1
FreeSolv,Adapter,43,0.5,12,130,142,640,10,765442560,11386880,1
FreeSolv,Adapter,43,0.7,17,181,198,640,10,1066917632,11386880,1
FreeSolv,Adapter,43,1.0,24,259,283,640,10,1525371648,11386880,1
Polarizability,MFGP,42,0.1,2,8,10,1134,10,348600,25973400,1
Polarizability,MFGP,42,0.3,5,25,30,1134,10,9826200,79309800,1
Polarizability,MFGP,42,0.5,8,42,50,1134,10,51660000,134499000,1
Polarizability,MFGP,42,0.7,11,58,69,1134,10,212283468,188644896,1
Polarizability,MFGP,42,1.0,16,83,99,1134,10,583277112,277542936,1
Polarizability,MFGP,43,0.1,2,8,10,1134,10,315400,25973400,1
Polarizability,MFGP,43,0.3,5,25,30,1134,10,6303600,79309800,1
Polarizability,MFGP,43,0.5,8,42,50,1134,10,57195000,134499000,1
Polarizability,MFGP,43,0.7,11,58,69,1134,10,160902756,188644896,1
Polarizability,MFGP,43,1.0,16,83,99,1134,10,654079536,277542936,1
Polarizability,NARGP,42,0.1,2,8,10,1134,10,130240,25896128,1
Polarizability,NARGP,42,0.3,5,25,30,1134,10,5496250,78700250,1
Polarizability,NARGP,42,0.5,8,42,50,1134,10,18965352,132856568,1
Polarizability,NARGP,42,0.7,11,58,69,1134,10,77486356,185525546,1
Polarizability,NARGP,42,1.0,16,83,99,1134,10,273445656,271055336,1
Polarizability,NARGP,43,0.1,2,8,10,1134,10,222736,25896128,1
Polarizability,NARGP,43,0.3,5,25,30,1134,10,6252500,78700250,1
Polarizability,NARGP,43,0.5,8,42,50,1134,10,25908008,132856568,1
Polarizability,NARGP,43,0.7,11,58,69,1134,10,63891208,185525546,1
Polarizability,NARGP,43,1.0,16,83,99,1134,10,233506968,271055336,1
Polarizability,DKL Multi-Fidelity,42,0.1,2,8,10,1134,10,173192000,91398568,1
Polarizability,DKL Multi-Fidelity,42,0.3,5,25,30,1134,10,577752000,145221688,1
Polarizability,DKL Multi-Fidelity,42,0.5,8,42,50,1134,10,1099912000,199108808,1
Polarizability,DKL Multi-Fidelity,42,0.7,11,58,69,1134,10,1748610000,250360852,1
Polarizability,DKL Multi-Fidelity,42,1.0,16,83,99,1134,10,3177120000,331402732,1
Polarizability,DKL Multi-Fidelity,43,0.1,2,8,10,1134,10,173192000,91398568,1
Polarizability,DKL Multi-Fidelity,43,0.3,5,25,30,1134,10,577752000,145221688,1
Polarizability,DKL Multi-Fidelity,43,0.5,8,42,50,1134,10,1099912000,199108808,1
Polarizability,DKL Multi-Fidelity,43,0.7,11,58,69,1134,10,1748610000,250360852,1
Polarizability,DKL Multi-Fidelity,43,1.0,16,83,99,1134,10,3177120000,331402732,1
Polarizability,Sparse MFGP,42,0.1,2,8,10,1134,10,27672000,37130048,1
Polarizability,Sparse MFGP,42,0.3,5,25,30,1134,10,463992000,42096848,1
Polarizability,Sparse MFGP,42,0.5,8,42,50,1134,10,1888312000,50714848,1
Polarizability,Sparse MFGP,42,0.7,11,58,69,1134,10,4681179000,62283872,1
Polarizability,Sparse MFGP,42,1.0,16,83,99,1134,10,13164339000,87259832,1
Polarizability,Sparse MFGP,43,0.1,2,8,10,1134,10,27672000,37130048,1
Polarizability,Sparse MFGP,43,0.3,5,25,30,1134,10,463992000,42096848,1
Polarizability,Sparse MFGP,43,0.5,8,42,50,1134,10,1888312000,50714848,1
Polarizability,Sparse MFGP,43,0.7,11,58,69,1134,10,4681179000,62283872,1
Polarizability,Sparse MFGP,43,1.0,16,83,99,1134,10,13164339000,87259832,1
Polarizability,Sequential,42,0.1,2,8,10,1134,10,51582976,21917952,1
Polarizability,Sequential,42,0.3,5,25,30,1134,10,156524800,21917952,1
Polarizability,Sequential,42,0.5,8,42,50,1134,10,261466624,21917952,1
Polarizability,Sequential,42,0.7,11,58,69,1134,10,360894976,21917952,1
Polarizability,Sequential,42,1.0,16,83,99,1134,10,517419776,21917952,1
Polarizability,Sequential,43,0.1,2,8,10,1134,10,51582976,21917952,1
Polarizability,Sequential,43,0.3,5,25,30,1134,10,156524800,21917952,1
Polarizability,Sequential,43,0.5,8,42,50,1134,10,261466624,21917952,1
Polarizability,Sequential,43,0.7,11,58,69,1134,10,360894976,21917952,1
Polarizability,Sequential,43,1.0,16,83,99,1134,10,517419776,21917952,1
Polarizability,Progressive,42,0.1,2,8,10,1134,10,26814976,21917952,1
Polarizability,Progressive,42,0.3,5,25,30,1134,10,80844800,21917952,1
Polarizability,Progressive,42,0.5,8,42,50,1134,10,134874624,21917952,1
Polarizability,Progressive,42,0.7,11,58,69,1134,10,186142976,21917952,1
Polarizability,Progressive,42,1.0,16,83,99,1134,10,266987776,21917952,1
Polarizability,Progressive,43,0.1,2,8,10,1134,10,26814976,21917952,1
Polarizability,Progressive,43,0.3,5,25,30,1134,10,80844800,21917952,1
Polarizability,Progressive,43,0.5,8,42,50,1134,10,134874624,21917952,1
Polarizability,Progressive,43,0.7,11,58,69,1134,10,186142976,21917952,1
Polarizability,Progressive,43,1.0,16,83,99,1134,10,266987776,21917952,1
Polarizability,Curriculum,42,0.1,2,8,10,1134,10,59077376,21917952,1
Polarizability,Curriculum,42,0.3,5,25,30,1134,10,157432448,21917952,1
Polarizability,Curriculum,42,0.5,8,42,50,1134,10,260833280,21917952,1
Polarizability,Curriculum,42,0.7,11,58,69,1134,10,359505536,21917952,1
Polarizability,Curriculum,42,1.0,16,83,99,1134,10,515629824,21917952,1
Polarizability,Curriculum,43,0.1,2,8,10,1134,10,59077376,21917952,1
Polarizability,Curriculum,43,0.3,5,25,30,1134,10,157432448,21917952,1
Polarizability,Curriculum,43,0.5,8,42,50,1134,10,260833280,21917952,1
Polarizability,Curriculum,43,0.7,11,58,69,1134,10,359505536,21917952,1
Polarizability,Curriculum,43,1.0,16,83,99,1134,10,515629824,21917952,1
Polarizability,Two-Stage Joint,42,0.1,2,8,10,1134,10,55524352,21917952,1
Polarizability,Two-Stage Joint,42,0.3,5,25,30,1134,10,166425600,21917952,1
Polarizability,Two-Stage Joint,42,0.5,8,42,50,1134,10,277326848,21917952,1
Polarizability,Two-Stage Joint,42,0.7,11,58,69,1134,10,382705152,21917952,1
Polarizability,Two-Stage Joint,42,1.0,16,83,99,1134,10,549130752,21917952,1
Polarizability,Two-Stage Joint,43,0.1,2,8,10,1134,10,55524352,21917952,1
Polarizability,Two-Stage Joint,43,0.3,5,25,30,1134,10,166425600,21917952,1
Polarizability,Two-Stage Joint,43,0.5,8,42,50,1134,10,277326848,21917952,1
Polarizability,Two-Stage Joint,43,0.7,11,58,69,1134,10,382705152,21917952,1
Polarizability,Two-Stage Joint,43,1.0,16,83,99,1134,10,549130752,21917952,1
Polarizability,DNGO-Joint,42,0.1,2,8,10,1134,10,88549376,21917952,1
Polarizability,DNGO-Joint,42,0.3,5,25,30,1134,10,262700800,21917952,1
Polarizability,DNGO-Joint,42,0.5,8,42,50,1134,10,436852224,21917952,1
Polarizability,DNGO-Joint,42,0.7,11,58,69,1134,10,602738176,21917952,1
Polarizability,DNGO-Joint,42,1.0,16,83,99,1134,10,865438976,21917952,1
Polarizability,DNGO-Joint,43,0.1,2,8,10,1134,10,88549376,21917952,1
Polarizability,DNGO-Joint,43,0.3,5,25,30,1134,10,262700800,21917952,1
Polarizability,DNGO-Joint,43,0.5,8,42,50,1134,10,436852224,21917952,1
Polarizability,DNGO-Joint,43,0.7,11,58,69,1134,10,602738176,21917952,1
Polarizability,DNGO-Joint,43,1.0,16,83,99,1134,10,865438976,21917952,1
Polarizability,DNGO-Gradient,42,0.1,2,8,10,1134,10,100146176,21917952,1
Polarizability,DNGO-Gradient,42,0.3,5,25,30,1134,10,291692800,21917952,1
Polarizability,DNGO-Gradient,42,0.5,8,42,50,1134,10,483239424,21917952,1
Polarizability,DNGO-Gradient,42,0.7,11,58,69,1134,10,666520576,21917952,1
Polarizability,DNGO-Gradient,42,1.0,16,83,99,1134,10,958213376,21917952,1
Polarizability,DNGO-Gradient,43,0.1,2,8,10,1134,10,100146176,21917952,1
Polarizability,DNGO-Gradient,43,0.3,5,25,30,1134,10,291692800,21917952,1
Polarizability,DNGO-Gradient,43,0.5,8,42,50,1134,10,483239424,21917952,1
Polarizability,DNGO-Gradient,43,0.7,11,58,69,1134,10,666520576,21917952,1
Polarizability,DNGO-Gradient,43,1.0,16,83,99,1134,10,958213376,21917952,1
Polarizability,Knowledge Distillation,42,0.1,2,8,10,1134,10,51582976,21917952,1
Polarizability,Knowledge Distillation,42,0.3,5,25,30,1134,10,156524800,21917952,1
Polarizability,Knowledge Distillation,42,0.5,8,42,50,1134,10,261466624,21917952,1
Polarizability,Knowledge Distillation,42,0.7,11,58,69,1134,10,360894976,21917952,1
Polarizability,Knowledge Distillation,42,1.0,16,83,99,1134,10,517419776,21917952,1
Polarizability,Knowledge Distillation,43,0.1,2,8,10,1134,10,51582976,21917952,1
Polarizability,Knowledge Distillation,43,0.3,5,25,30,1134,10,156524800,21917952,1
Polarizability,Knowledge Distillation,43,0.5,8,42,50,1134,10,261466624,21917952,1
Polarizability,Knowledge Distillation,43,0.7,11,58,69,1134,10,360894976,21917952,1
Polarizability,Knowledge Distillation,43,1.0,16,83,99,1134,10,517419776,21917952,1
Polarizability,Domain Adaptation (MMD),42,0.1,2,8,10,1134,10,78845952,21917952,1
Polarizability,Domain Adaptation (MMD),42,0.3,5,25,30,1134,10,238297600,21917952,1
Polarizability,Domain Adaptation (MMD),42,0.5,8,42,50,1134,10,397749248,21917952,1
Polarizability,Domain Adaptation (MMD),42,0.7,11,58,69,1134,10,548964352,21917952,1
Polarizability,Domain Adaptation (MMD),42,1.0,16,83,99,1134,10,787261952,21917952,1
Polarizability,Domain Adaptation (MMD),43,0.1,2,8,10,1134,10,78845952,21917952,1
Polarizability,Domain Adaptation (MMD),43,0.3,5,25,30,1134,10,238297600,21917952,1
Polarizability,Domain Adaptation (MMD),43,0.5,8,42,50,1134,10,397749248,21917952,1
Polarizability,Domain Adaptation (MMD),43,0.7,11,58,69,1134,10,548964352,21917952,1
Polarizability,Domain Adaptation (MMD),43,1.0,16,83,99,1134,10,787261952,21917952,1
Polarizability,Soft Parameter Sharing,42,0.1,2,8,10,1134,10,66789376,21917952,1
Polarizability,Soft Parameter Sharing,42,0.3,5,25,30,1134,10,194540800,21917952,1
Polarizability,Soft Parameter Sharing,42,0.5,8,42,50,1134,10,322292224,21917952,1
Polarizability,Soft Parameter Sharing,42,0.7,11,58,69,1134,10,444530176,21917952,1
Polarizability,Soft Parameter Sharing,42,1.0,16,83,99,1134,10,639070976,21917952,1
Polarizability,Soft Parameter Sharing,43,0.1,2,8,10,1134,10,66789376,21917952,1
Polarizability,Soft Parameter Sharing,43,0.3,5,25,30,1134,10,194540800,21917952,1
Polarizability,Soft Parameter Sharing,43,0.5,8,42,50,1134,10,322292224,21917952,1
Polarizability,Soft Parameter Sharing,43,0.7,11,58,69,1134,10,444530176,21917952,1
Polarizability,Soft Parameter Sharing,43,1.0,16,83,99,1134,10,639070976,21917952,1
Polarizability,Pseudo-Labeling,42,0.1,2,8,10,1134,10,81579776,21917952,1
Polarizability,Pseudo-Labeling,42,0.3,5,25,30,1134,10,250252800,21917952,1
Polarizability,Pseudo-Labeling,42,0.5,8,42,50,1134,10,418925824,21917952,1
Polarizability,Pseudo-Labeling,42,0.7,11,58,69,1134,10,578338176,21917952,1
Polarizability,Pseudo-Labeling,42,1.0,16,83,99,1134,10,828590976,21917952,1
Polarizability,Pseudo-Labeling,43,0.1,2,8,10,1134,10,81579776,21917952,1
Polarizability,Pseudo-Labeling,43,0.3,5,25,30,1134,10,250252800,21917952,1
Polarizability,Pseudo-Labeling,43,0.5,8,42,50,1134,10,418925824,21917952,1
Polarizability,Pseudo-Labeling,43,0.7,11,58,69,1134,10,578338176,21917952,1
Polarizability,Pseudo-Labeling,43,1.0,16,83,99,1134,10,828590976,21917952,1
Polarizability,Adapter,42,0.1,2,8,10,1134,10,52222976,20176128,1
Polarizability,Adapter,42,0.3,5,25,30,1134,10,158124800,20176128,1
Polarizability,Adapter,42,0.5,8,42,50,1134,10,264026624,20176128,1
Polarizability,Adapter,42,0.7,11,58,69,1134,10,364414976,20176128,1
Polarizability,Adapter,42,1.0,16,83,99,1134,10,522539776,20176128,1
Polarizability,Adapter,43,0.1,2,8,10,1134,10,52222976,20176128,1
Polarizability,Adapter,43,0.3,5,25,30,1134,10,158124800,20176128,1
Polarizability,Adapter,43,0.5,8,42,50,1134,10,264026624,20176128,1
Polarizability,Adapter,43,0.7,11,58,69,1134,10,364414976,20176128,1
Polarizability,Adapter,43,1.0,16,83,99,1134,10,522539776,20176128,1
HOPV15,MFGP,42,0.1,2,15,17,240,10,1040400,2119152,1
HOPV15,MFGP,42,0.3,4,45,49,240,10,24605448,6936048,1
HOPV15,MFGP,42,0.5,8,74,82,240,10,100053120,13036032,1
HOPV15,MFGP,42,0.7,10,104,114,240,10,306211752,20049408,1
HOPV15,MFGP,42,1.0,15,149,164,240,10,637435200,33172608,1
HOPV15,MFGP,43,0.1,2,15,17,240,10,1300500,2119152,1
HOPV15,MFGP,43,0.3,4,45,49,240,10,21090384,6936048,1
HOPV15,MFGP,43,0.5,8,74,82,240,10,114644200,13036032,1
HOPV15,MFGP,43,0.7,10,104,114,240,10,286769736,20049408,1
HOPV15,MFGP,43,1.0,15,149,164,240,10,713927424,33172608,1
HOPV15,NARGP,42,0.1,2,15,17,240,10,456456,2076584,1
HOPV15,NARGP,42,0.3,4,45,49,240,10,6071152,6648416,1
HOPV15,NARGP,42,0.5,8,74,82,240,10,39266368,12146624,1
HOPV15,NARGP,42,0.7,10,104,114,240,10,76921584,18429800,1
HOPV15,NARGP,42,1.0,15,149,164,240,10,150398520,29741850,1
HOPV15,NARGP,43,0.1,2,15,17,240,10,435408,2076584,1
HOPV15,NARGP,43,0.3,4,45,49,240,10,6068336,6648416,1
HOPV15,NARGP,43,0.5,8,74,82,240,10,36816592,12146624,1
HOPV15,NARGP,43,0.7,10,104,114,240,10,70911360,18429800,1
HOPV15,NARGP,43,1.0,15,149,164,240,10,158657292,29741850,1
HOPV15,DKL Multi-Fidelity,42,0.1,2,15,17,240,10,304414000,7778768,1
HOPV15,DKL Multi-Fidelity,42,0.3,4,45,49,240,10,1070270000,13001680,1
HOPV15,DKL Multi-Fidelity,42,0.5,8,74,82,240,10,2299784000,18559408,1
HOPV15,DKL Multi-Fidelity,42,0.7,10,104,114,240,10,4120200000,24115120,1
HOPV15,DKL Multi-Fidelity,42,1.0,15,149,164,240,10,8674300000,33123920,1
HOPV15,DKL Multi-Fidelity,43,0.1,2,15,17,240,10,304414000,7778768,1
HOPV15,DKL Multi-Fidelity,43,0.3,4,45,49,240,10,1070270000,13001680,1
HOPV15,DKL Multi-Fidelity,43,0.5,8,74,82,240,10,2299784000,18559408,1
HOPV15,DKL Multi-Fidelity,43,0.7,10,104,114,240,10,4120200000,24115120,1
HOPV15,DKL Multi-Fidelity,43,1.0,15,149,164,240,10,8674300000,33123920,1
HOPV15,Sparse MFGP,42,0.1,2,15,17,240,10,104035000,2137036,1
HOPV15,Sparse MFGP,42,0.3,4,45,49,240,10,1784739000,4669388,1
HOPV15,Sparse MFGP,42,0.5,8,74,82,240,10,7659960000,9400136,1
HOPV15,Sparse MFGP,42,0.7,10,104,114,240,10,15316172000,12887528,1
HOPV15,Sparse MFGP,42,1.0,15,149,164,240,10,21739772000,12887528,1
HOPV15,Sparse MFGP,43,0.1,2,15,17,240,10,104035000,2137036,1
HOPV15,Sparse MFGP,43,0.3,4,45,49,240,10,1784739000,4669388,1
HOPV15,Sparse MFGP,43,0.5,8,74,82,240,10,7659960000,9400136,1
HOPV15,Sparse MFGP,43,0.7,10,104,114,240,10,15316172000,12887528,1
HOPV15,Sparse MFGP,43,1.0,15,149,164,240,10,21739772000,12887528,1
HOPV15,Sequential,42,0.1,2,15,17,240,10,90177280,4638720,1
HOPV15,Sequential,42,0.3,4,45,49,240,10,263056640,4638720,1
HOPV15,Sequential,42,0.5,8,74,82,240,10,437897728,4638720,1
HOPV15,Sequential,42,0.7,10,104,114,240,10,610777088,4638720,1
HOPV15,Sequential,42,1.0,15,149,164,240,10,877571328,4638720,1
HOPV15,Sequential,43,0.1,2,15,17,240,10,90177280,4638720,1
HOPV15,Sequential,43,0.3,4,45,49,240,10,263056640,4638720,1
HOPV15,Sequential,43,0.5,8,74,82,240,10,437897728,4638720,1
HOPV15,Sequential,43,0.7,10,104,114,240,10,610777088,4638720,1
HOPV15,Sequential,43,1.0,15,149,164,240,10,877571328,4638720,1
HOPV15,Progressive,42,0.1,2,15,17,240,10,46145280,4638720,1
HOPV15,Progressive,42,0.3,4,45,49,240,10,133712640,4638720,1
HOPV15,Progressive,42,0.5,8,74,82,240,10,223241728,4638720,1
HOPV15,Progressive,42,0.7,10,104,114,240,10,310809088,4638720,1
HOPV15,Progressive,42,1.0,15,149,164,240,10,446883328,4638720,1
HOPV15,Progressive,43,0.1,2,15,17,240,10,46145280,4638720,1
HOPV15,Progressive,43,0.3,4,45,49,240,10,133712640,4638720,1
HOPV15,Progressive,43,0.5,8,74,82,240,10,223241728,4638720,1
HOPV15,Progressive,43,0.7,10,104,114,240,10,310809088,4638720,1
HOPV15,Progressive,43,1.0,15,149,164,240,10,446883328,4638720,1
HOPV15,Curriculum,42,0.1,2,15,17,240,10,97671680,4638720,1
HOPV15,Curriculum,42,0.3,4,45,49,240,10,265038592,4638720,1
HOPV15,Curriculum,42,0.5,8,74,82,240,10,437264384,4638720,1
HOPV15,Curriculum,42,0.7,10,104,114,240,10,609677056,4638720,1
HOPV15,Curriculum,42,1.0,15,149,164,240,10,875809152,4638720,1
HOPV15,Curriculum,43,0.1,2,15,17,240,10,97671680,4638720,1
HOPV15,Curriculum,43,0.3,4,45,49,240,10,265038592,4638720,1
HOPV15,Curriculum,43,0.5,8,74,82,240,10,437264384,4638720,1
HOPV15,Curriculum,43,0.7,10,104,114,240,10,609677056,4638720,1
HOPV15,Curriculum,43,1.0,15,149,164,240,10,875809152,4638720,1
HOPV15,Two-Stage Joint,42,0.1,2,15,17,240,10,94184960,4638720,1
HOPV15,Two-Stage Joint,42,0.3,4,45,49,240,10,271214080,4638720,1
HOPV15,Two-Stage Joint,42,0.5,8,74,82,240,10,454061056,4638720,1
HOPV15,Two-Stage Joint,42,0.7,10,104,114,240,10,631090176,4638720,1
HOPV15,Two-Stage Joint,42,1.0,15,149,164,240,10,907974656,4638720,1
HOPV15,Two-Stage Joint,43,0.1,2,15,17,240,10,94184960,4638720,1
HOPV15,Two-Stage Joint,43,0.3,4,45,49,240,10,271214080,4638720,1
HOPV15,Two-Stage Joint,43,0.5,8,74,82,240,10,454061056,4638720,1
HOPV15,Two-Stage Joint,43,0.7,10,104,114,240,10,631090176,4638720,1
HOPV15,Two-Stage Joint,43,1.0,15,149,164,240,10,907974656,4638720,1
HOPV15,DNGO-Joint,42,0.1,2,15,17,240,10,146407680,4638720,1
HOPV15,DNGO-Joint,42,0.3,4,45,49,240,10,416797440,4638720,1
HOPV15,DNGO-Joint,42,0.5,8,74,82,240,10,701347328,4638720,1
HOPV15,DNGO-Joint,42,0.7,10,104,114,240,10,971737088,4638720,1
HOPV15,DNGO-Joint,42,1.0,15,149,164,240,10,1399747328,4638720,1
HOPV15,DNGO-Joint,43,0.1,2,15,17,240,10,146407680,4638720,1
HOPV15,DNGO-Joint,43,0.3,4,45,49,240,10,416797440,4638720,1
HOPV15,DNGO-Joint,43,0.5,8,74,82,240,10,701347328,4638720,1
HOPV15,DNGO-Joint,43,0.7,10,104,114,240,10,971737088,4638720,1
HOPV15,DNGO-Joint,43,1.0,15,149,164,240,10,1399747328,4638720,1
HOPV15,DNGO-Gradient,42,0.1,2,15,17,240,10,158004480,4638720,1
HOPV15,DNGO-Gradient,42,0.3,4,45,49,240,10,439991040,4638720,1
HOPV15,DNGO-Gradient,42,0.5,8,74,82,240,10,747734528,4638720,1
HOPV15,DNGO-Gradient,42,0.7,10,104,114,240,10,1029721088,4638720,1
HOPV15,DNGO-Gradient,42,1.0,15,149,164,240,10,1486723328,4638720,1
HOPV15,DNGO-Gradient,43,0.1,2,15,17,240,10,158004480,4638720,1
HOPV15,DNGO-Gradient,43,0.3,4,45,49,240,10,439991040,4638720,1
HOPV15,DNGO-Gradient,43,0.5,8,74,82,240,10,747734528,4638720,1
HOPV15,DNGO-Gradient,43,0.7,10,104,114,240,10,1029721088,4638720,1
HOPV15,DNGO-Gradient,43,1.0,15,149,164,240,10,1486723328,4638720,1
HOPV15,Knowledge Distillation,42,0.1,2,15,17,240,10,90177280,4638720,1
HOPV15,Knowledge Distillation,42,0.3,4,45,49,240,10,263056640,4638720,1
HOPV15,Knowledge Distillation,42,0.5,8,74,82,240,10,437897728,4638720,1
HOPV15,Knowledge Distillation,42,0.7,10,104,114,240,10,610777088,4638720,1
HOPV15,Knowledge Distillation,42,1.0,15,149,164,240,10,877571328,4638720,1
HOPV15,Knowledge Distillation,43,0.1,2,15,17,240,10,90177280,4638720,1
HOPV15,Knowledge Distillation,43,0.3,4,45,49,240,10,263056640,4638720,1
HOPV15,Knowledge Distillation,43,0.5,8,74,82,240,10,437897728,4638720,1
HOPV15,Knowledge Distillation,43,0.7,10,104,114,240,10,610777088,4638720,1
HOPV15,Knowledge Distillation,43,1.0,15,149,164,240,10,877571328,4638720,1
HOPV15,Domain Adaptation (MMD),42,0.1,2,15,17,240,10,136501760,4638720,1
HOPV15,Domain Adaptation (MMD),42,0.3,4,45,49,240,10,396551680,4638720,1
HOPV15,Domain Adaptation (MMD),42,0.5,8,74,82,240,10,661318656,4638720,1
HOPV15,Domain Adaptation (MMD),42,0.7,10,104,114,240,10,921368576,4638720,1
HOPV15,Domain Adaptation (MMD),42,1.0,15,149,164,240,10,1324397056,4638720,1
HOPV15,Domain Adaptation (MMD),43,0.1,2,15,17,240,10,136501760,4638720,1
HOPV15,Domain Adaptation (MMD),43,0.3,4,45,49,240,10,396551680,4638720,1
HOPV15,Domain Adaptation (MMD),43,0.5,8,74,82,240,10,661318656,4638720,1
HOPV15,Domain Adaptation (MMD),43,0.7,10,104,114,240,10,921368576,4638720,1
HOPV15,Domain Adaptation (MMD),43,1.0,15,149,164,240,10,1324397056,4638720,1
HOPV15,Soft Parameter Sharing,42,0.1,2,15,17,240,10,105383680,4638720,1
HOPV15,Soft Parameter Sharing,42,0.3,4,45,49,240,10,293469440,4638720,1
HOPV15,Soft Parameter Sharing,42,0.5,8,74,82,240,10,498723328,4638720,1
HOPV15,Soft Parameter Sharing,42,0.7,10,104,114,240,10,686809088,4638720,1
HOPV15,Soft Parameter Sharing,42,1.0,15,149,164,240,10,991619328,4638720,1
HOPV15,Soft Parameter Sharing,43,0.1,2,15,17,240,10,105383680,4638720,1
HOPV15,Soft Parameter Sharing,43,0.3,4,45,49,240,10,293469440,4638720,1
HOPV15,Soft Parameter Sharing,43,0.5,8,74,82,240,10,498723328,4638720,1
HOPV15,Soft Parameter Sharing,43,0.7,10,104,114,240,10,686809088,4638720,1
HOPV15,Soft Parameter Sharing,43,1.0,15,149,164,240,10,991619328,4638720,1
HOPV15,Pseudo-Labeling,42,0.1,2,15,17,240,10,146404480,4638720,1
HOPV15,Pseudo-Labeling,42,0.3,4,45,49,240,10,431719040,4638720,1
HOPV15,Pseudo-Labeling,42,0.5,8,74,82,240,10,715267328,4638720,1
HOPV15,Pseudo-Labeling,42,0.7,10,104,114,240,10,1000581888,4638720,1
HOPV15,Pseudo-Labeling,42,1.0,15,149,164,240,10,1436048128,4638720,1
HOPV15,Pseudo-Labeling,43,0.1,2,15,17,240,10,146404480,4638720,1
HOPV15,Pseudo-Labeling,43,0.3,4,45,49,240,10,431719040,4638720,1
HOPV15,Pseudo-Labeling,43,0.5,8,74,82,240,10,715267328,4638720,1
HOPV15,Pseudo-Labeling,43,0.7,10,104,114,240,10,1000581888,4638720,1
HOPV15,Pseudo-Labeling,43,1.0,15,149,164,240,10,1436048128,4638720,1
HOPV15,Adapter,42,0.1,2,15,17,240,10,90817280,4270080,1
HOPV15,Adapter,42,0.3,4,45,49,240,10,264336640,4270080,1
HOPV15,Adapter,42,0.5,8,74,82,240,10,440457728,4270080,1
HOPV15,Adapter,42,0.7,10,104,114,240,10,613977088,4270080,1
HOPV15,Adapter,42,1.0,15,149,164,240,10,882371328,4270080,1
HOPV15,Adapter,43,0.1,2,15,17,240,10,90817280,4270080,1
HOPV15,Adapter,43,0.3,4,45,49,240,10,264336640,4270080,1
HOPV15,Adapter,43,0.5,8,74,82,240,10,440457728,4270080,1
HOPV15,Adapter,43,0.7,10,104,114,240,10,613977088,4270080,1
HOPV15,Adapter,43,1.0,15,149,164,240,10,882371328,4270080,1
Matbench-Gap,MFGP,42,0.1,2,20,22,3347,10,2023120,496316392,1
Matbench-Gap,MFGP,42,0.3,3,60,63,3347,10,32387040,1438684254,1
Matbench-Gap,MFGP,42,0.5,5,100,105,3347,10,141296400,2427539310,1
Matbench-Gap,MFGP,42,0.7,7,139,146,3347,10,448147584,3415793224,1
Matbench-Gap,MFGP,42,1.0,10,199,209,3347,10,1576709376,4978503310,1
Matbench-Gap,MFGP,43,0.1,2,20,22,3347,10,2666840,496316392,1
Matbench-Gap,MFGP,43,0.3,3,60,63,3347,10,74490192,1438684254,1
Matbench-Gap,MFGP,43,0.5,5,100,105,3347,10,145221300,2427539310,1
Matbench-Gap,MFGP,43,0.7,7,139,146,3347,10,382792728,3415793224,1
Matbench-Gap,MFGP,43,1.0,10,199,209,3347,10,1330348536,4978503310,1
Matbench-Gap,NARGP,42,0.1,2,20,22,3347,10,1890112,495757744,1
Matbench-Gap,NARGP,42,0.3,3,60,63,3347,10,22472172,1436084136,1
Matbench-Gap,NARGP,42,0.5,5,100,105,3347,10,183968750,2420316760,1
Matbench-Gap,NARGP,42,0.7,7,139,146,3347,10,490517916,3401744806,1
Matbench-Gap,NARGP,42,1.0,10,199,209,3347,10,1740341720,4949767102,1
Matbench-Gap,NARGP,43,0.1,2,20,22,3347,10,1889440,495757744,1
Matbench-Gap,NARGP,43,0.3,3,60,63,3347,10,27367164,1436084136,1
Matbench-Gap,NARGP,43,0.5,5,100,105,3347,10,159311000,2420316760,1
Matbench-Gap,NARGP,43,0.7,7,139,146,3347,10,470142576,3401744806,1
Matbench-Gap,NARGP,43,1.0,10,199,209,3347,10,1123556544,4949767102,1
Matbench-Gap,DKL Multi-Fidelity,42,0.1,2,20,22,3347,10,404504000,986170528,1
Matbench-Gap,DKL Multi-Fidelity,42,0.3,3,60,63,3347,10,1525116000,1917244776,1
Matbench-Gap,DKL Multi-Fidelity,42,0.5,5,100,105,3347,10,3534102000,2871307032,1
Matbench-Gap,DKL Multi-Fidelity,42,0.7,7,139,146,3347,10,6757768000,3802925760,1
Matbench-Gap,DKL Multi-Fidelity,42,1.0,10,199,209,3347,10,15098590000,5234961624,1
Matbench-Gap,DKL Multi-Fidelity,43,0.1,2,20,22,3347,10,404504000,986170528,1
Matbench-Gap,DKL Multi-Fidelity,43,0.3,3,60,63,3347,10,1525116000,1917244776,1
Matbench-Gap,DKL Multi-Fidelity,43,0.5,5,100,105,3347,10,3534102000,2871307032,1
Matbench-Gap,DKL Multi-Fidelity,43,0.7,7,139,146,3347,10,6757768000,3802925760,1
Matbench-Gap,DKL Multi-Fidelity,43,1.0,10,199,209,3347,10,15098590000,5234961624,1
Matbench-Gap,Sparse MFGP,42,0.1,2,20,22,3347,10,203160000,324458528,1
Matbench-Gap,Sparse MFGP,42,0.3,3,60,63,3347,10,3616779000,379172782,1
Matbench-Gap,Sparse MFGP,42,0.5,5,100,105,3347,10,14180102000,467267636,1
Matbench-Gap,Sparse MFGP,42,0.7,7,139,146,3347,10,19405388000,467267636,1
Matbench-Gap,Sparse MFGP,42,1.0,10,199,209,3347,10,27683462000,467267636,1
Matbench-Gap,Sparse MFGP,43,0.1,2,20,22,3347,10,203160000,324458528,1
Matbench-Gap,Sparse MFGP,43,0.3,3,60,63,3347,10,3616779000,379172782,1
Matbench-Gap,Sparse MFGP,43,0.5,5,100,105,3347,10,14180102000,467267636,1
Matbench-Gap,Sparse MFGP,43,0.7,7,139,146,3347,10,19405388000,467267636,1
Matbench-Gap,Sparse MFGP,43,1.0,10,199,209,3347,10,27683462000,467267636,1
Matbench-Gap,Sequential,42,0.1,2,20,22,3347,10,117744640,64690816,1
Matbench-Gap,Sequential,42,0.3,3,60,63,3347,10,342021120,64690816,1
Matbench-Gap,Sequential,42,0.5,5,100,105,3347,10,570035200,64690816,1
Matbench-Gap,Sequential,42,0.7,7,139,146,3347,10,792535808,64690816,1
Matbench-Gap,Sequential,42,1.0,10,199,209,3347,10,1134556928,64690816,1
Matbench-Gap,Sequential,43,0.1,2,20,22,3347,10,117744640,64690816,1
Matbench-Gap,Sequential,43,0.3,3,60,63,3347,10,342021120,64690816,1
Matbench-Gap,Sequential,43,0.5,5,100,105,3347,10,570035200,64690816,1
Matbench-Gap,Sequential,43,0.7,7,139,146,3347,10,792535808,64690816,1
Matbench-Gap,Sequential,43,1.0,10,199,209,3347,10,1134556928,64690816,1
Matbench-Gap,Progressive,42,0.1,2,20,22,3347,10,59952640,64690816,1
Matbench-Gap,Progressive,42,0.3,3,60,63,3347,10,172773120,64690816,1
Matbench-Gap,Progressive,42,0.5,5,100,105,3347,10,287955200,64690816,1
Matbench-Gap,Progressive,42,0.7,7,139,146,3347,10,400375808,64690816,1
Matbench-Gap,Progressive,42,1.0,10,199,209,3347,10,573148928,64690816,1
Matbench-Gap,Progressive,43,0.1,2,20,22,3347,10,59952640,64690816,1
Matbench-Gap,Progressive,43,0.3,3,60,63,3347,10,172773120,64690816,1
Matbench-Gap,Progressive,43,0.5,5,100,105,3347,10,287955200,64690816,1
Matbench-Gap,Progressive,43,0.7,7,139,146,3347,10,400375808,64690816,1
Matbench-Gap,Progressive,43,1.0,10,199,209,3347,10,573148928,64690816,1
Matbench-Gap,Curriculum,42,0.1,2,20,22,3347,10,125239040,64690816,1
Matbench-Gap,Curriculum,42,0.3,3,60,63,3347,10,345824896,64690816,1
Matbench-Gap,Curriculum,42,0.5,5,100,105,3347,10,570942848,64690816,1
Matbench-Gap,Curriculum,42,0.7,7,139,146,3347,10,792191872,64690816,1
Matbench-Gap,Curriculum,42,1.0,10,199,209,3347,10,1133456896,64690816,1
Matbench-Gap,Curriculum,43,0.1,2,20,22,3347,10,125239040,64690816,1
Matbench-Gap,Curriculum,43,0.3,3,60,63,3347,10,345824896,64690816,1
Matbench-Gap,Curriculum,43,0.5,5,100,105,3347,10,570942848,64690816,1
Matbench-Gap,Curriculum,43,0.7,7,139,146,3347,10,792191872,64690816,1
Matbench-Gap,Curriculum,43,1.0,10,199,209,3347,10,1133456896,64690816,1
Matbench-Gap,Two-Stage Joint,42,0.1,2,20,22,3347,10,121799680,64690816,1
Matbench-Gap,Two-Stage Joint,42,0.3,3,60,63,3347,10,348387840,64690816,1
Matbench-Gap,Two-Stage Joint,42,0.5,5,100,105,3347,10,580646400,64690816,1
Matbench-Gap,Two-Stage Joint,42,0.7,7,139,146,3347,10,807382016,64690816,1
Matbench-Gap,Two-Stage Joint,42,1.0,10,199,209,3347,10,1155769856,64690816,1
Matbench-Gap,Two-Stage Joint,43,0.1,2,20,22,3347,10,121799680,64690816,1
Matbench-Gap,Two-Stage Joint,43,0.3,3,60,63,3347,10,348387840,64690816,1
Matbench-Gap,Two-Stage Joint,43,0.5,5,100,105,3347,10,580646400,64690816,1
Matbench-Gap,Two-Stage Joint,43,0.7,7,139,146,3347,10,807382016,64690816,1
Matbench-Gap,Two-Stage Joint,43,1.0,10,199,209,3347,10,1155769856,64690816,1
Matbench-Gap,DNGO-Joint,42,0.1,2,20,22,3347,10,187735040,64690816,1
Matbench-Gap,DNGO-Joint,42,0.3,3,60,63,3347,10,529566720,64690816,1
Matbench-Gap,DNGO-Joint,42,0.5,5,100,105,3347,10,882611200,64690816,1
Matbench-Gap,DNGO-Joint,42,0.7,7,139,146,3347,10,1227390208,64690816,1
Matbench-Gap,DNGO-Joint,42,1.0,10,199,209,3347,10,1756956928,64690816,1
Matbench-Gap,DNGO-Joint,43,0.1,2,20,22,3347,10,187735040,64690816,1
Matbench-Gap,DNGO-Joint,43,0.3,3,60,63,3347,10,529566720,64690816,1
Matbench-Gap,DNGO-Joint,43,0.5,5,100,105,3347,10,882611200,64690816,1
Matbench-Gap,DNGO-Joint,43,0.7,7,139,146,3347,10,1227390208,64690816,1
Matbench-Gap,DNGO-Joint,43,1.0,10,199,209,3347,10,1756956928,64690816,1
Matbench-Gap,DNGO-Gradient,42,0.1,2,20,22,3347,10,199331840,64690816,1
Matbench-Gap,DNGO-Gradient,42,0.3,3,60,63,3347,10,546961920,64690816,1
Matbench-Gap,DNGO-Gradient,42,0.5,5,100,105,3347,10,911603200,64690816,1
Matbench-Gap,DNGO-Gradient,42,0.7,7,139,146,3347,10,1267979008,64690816,1
Matbench-Gap,DNGO-Gradient,42,1.0,10,199,209,3347,10,1814940928,64690816,1
Matbench-Gap,DNGO-Gradient,43,0.1,2,20,22,3347,10,199331840,64690816,1
Matbench-Gap,DNGO-Gradient,43,0.3,3,60,63,3347,10,546961920,64690816,1
Matbench-Gap,DNGO-Gradient,43,0.5,5,100,105,3347,10,911603200,64690816,1
Matbench-Gap,DNGO-Gradient,43,0.7,7,139,146,3347,10,1267979008,64690816,1
Matbench-Gap,DNGO-Gradient,43,1.0,10,199,209,3347,10,1814940928,64690816,1
Matbench-Gap,Knowledge Distillation,42,0.1,2,20,22,3347,10,117744640,64690816,1
Matbench-Gap,Knowledge Distillation,42,0.3,3,60,63,3347,10,342021120,64690816,1
Matbench-Gap,Knowledge Distillation,42,0.5,5,100,105,3347,10,570035200,64690816,1
Matbench-Gap,Knowledge Distillation,42,0.7,7,139,146,3347,10,792535808,64690816,1
Matbench-Gap,Knowledge Distillation,42,1.0,10,199,209,3347,10,1134556928,64690816,1
Matbench-Gap,Knowledge Distillation,43,0.1,2,20,22,3347,10,117744640,64690816,1
Matbench-Gap,Knowledge Distillation,43,0.3,3,60,63,3347,10,342021120,64690816,1
Matbench-Gap,Knowledge Distillation,43,0.5,5,100,105,3347,10,570035200,64690816,1
Matbench-Gap,Knowledge Distillation,43,0.7,7,139,146,3347,10,792535808,64690816,1
Matbench-Gap,Knowledge Distillation,43,1.0,10,199,209,3347,10,1134556928,64690816,1
Matbench-Gap,Domain Adaptation (MMD),42,0.1,2,20,22,3347,10,177684480,64690816,1
Matbench-Gap,Domain Adaptation (MMD),42,0.3,3,60,63,3347,10,513623040,64690816,1
Matbench-Gap,Domain Adaptation (MMD),42,0.5,5,100,105,3347,10,856038400,64690816,1
Matbench-Gap,Domain Adaptation (MMD),42,0.7,7,139,146,3347,10,1190217216,64690816,1
Matbench-Gap,Domain Adaptation (MMD),42,1.0,10,199,209,3347,10,1703840256,64690816,1
Matbench-Gap,Domain Adaptation (MMD),43,0.1,2,20,22,3347,10,177684480,64690816,1
Matbench-Gap,Domain Adaptation (MMD),43,0.3,3,60,63,3347,10,513623040,64690816,1
Matbench-Gap,Domain Adaptation (MMD),43,0.5,5,100,105,3347,10,856038400,64690816,1
Matbench-Gap,Domain Adaptation (MMD),43,0.7,7,139,146,3347,10,1190217216,64690816,1
Matbench-Gap,Domain Adaptation (MMD),43,1.0,10,199,209,3347,10,1703840256,64690816,1
Matbench-Gap,Soft Parameter Sharing,42,0.1,2,20,22,3347,10,132951040,64690816,1
Matbench-Gap,Soft Parameter Sharing,42,0.3,3,60,63,3347,10,364830720,64690816,1
Matbench-Gap,Soft Parameter Sharing,42,0.5,5,100,105,3347,10,608051200,64690816,1
Matbench-Gap,Soft Parameter Sharing,42,0.7,7,139,146,3347,10,845758208,64690816,1
Matbench-Gap,Soft Parameter Sharing,42,1.0,10,199,209,3347,10,1210588928,64690816,1
Matbench-Gap,Soft Parameter Sharing,43,0.1,2,20,22,3347,10,132951040,64690816,1
Matbench-Gap,Soft Parameter Sharing,43,0.3,3,60,63,3347,10,364830720,64690816,1
Matbench-Gap,Soft Parameter Sharing,43,0.5,5,100,105,3347,10,608051200,64690816,1
Matbench-Gap,Soft Parameter Sharing,43,0.7,7,139,146,3347,10,845758208,64690816,1
Matbench-Gap,Soft Parameter Sharing,43,1.0,10,199,209,3347,10,1210588928,64690816,1
Matbench-Gap,Pseudo-Labeling,42,0.1,2,20,22,3347,10,192707840,64690816,1
Matbench-Gap,Pseudo-Labeling,42,0.3,3,60,63,3347,10,566881920,64690816,1
Matbench-Gap,Pseudo-Labeling,42,0.5,5,100,105,3347,10,944803200,64690816,1
Matbench-Gap,Pseudo-Labeling,42,0.7,7,139,146,3347,10,1313463808,64690816,1
Matbench-Gap,Pseudo-Labeling,42,1.0,10,199,209,3347,10,1880345728,64690816,1
Matbench-Gap,Pseudo-Labeling,43,0.1,2,20,22,3347,10,192707840,64690816,1
Matbench-Gap,Pseudo-Labeling,43,0.3,3,60,63,3347,10,566881920,64690816,1
Matbench-Gap,Pseudo-Labeling,43,0.5,5,100,105,3347,10,944803200,64690816,1
Matbench-Gap,Pseudo-Labeling,43,0.7,7,139,146,3347,10,1313463808,64690816,1
Matbench-Gap,Pseudo-Labeling,43,1.0,10,199,209,3347,10,1880345728,64690816,1
Matbench-Gap,Adapter,42,0.1,2,20,22,3347,10,118384640,59549824,1
Matbench-Gap,Adapter,42,0.3,3,60,63,3347,10,342981120,59549824,1
Matbench-Gap,Adapter,42,0.5,5,100,105,3347,10,571635200,59549824,1
Matbench-Gap,Adapter,42,0.7,7,139,146,3347,10,794775808,59549824,1
Matbench-Gap,Adapter,42,1.0,10,199,209,3347,10,1137756928,59549824,1
Matbench-Gap,Adapter,43,0.1,2,20,22,3347,10,118384640,59549824,1
Matbench-Gap,Adapter,43,0.3,3,60,63,3347,10,342981120,59549824,1
Matbench-Gap,Adapter,43,0.5,5,100,105,3347,10,571635200,59549824,1
Matbench-Gap,Adapter,43,0.7,7,139,146,3347,10,794775808,59549824,1
Matbench-Gap,Adapter,43,1.0,10,199,209,3347,10,1137756928,59549824,1
