benchmark,model,seed,final_regret,n_hf,n_lf,best_y,elapsed_sec,calib_budget,lf_rmse,lf_nll,lf_ece,lf_sharpness,hf_rmse,n_held
COFs,DKL Multi-Fidelity,43,0.0,15,230,-18.53448594783226,2529.165,29.95,1.7343094536845947,11.827805876733741,0.2520661157024793,0.34365394711494446,2.078914395398985,363
COFs,DKL Multi-Fidelity,42,6.040486528414251,15,230,-12.493999419418008,2533.886,29.95,1.8193069897959904,15.549210356261865,0.2911845730027548,0.28556981682777405,1.5053185975177992,363
COFs,DKL Multi-Fidelity,44,3.542139991253217,15,230,-14.992345956579042,2590.491,29.95,1.6417264778706728,6.104114387860881,0.1559228650137741,0.42154234647750854,1.6570063567408828,363
COFs,DKL Multi-Fidelity,45,0.0,15,230,-18.53448594783226,2597.921,29.95,1.74896358016795,11.36994121315254,0.24297520661157018,0.3315064609050751,2.572937834016244,363
COFs,NARGP,49,3.287155915439582,15,230,-15.247330032392677,6199.274,29.95,2.103155948989439,3.1978477648497368,0.1099173553719008,0.9423108062772112,4.2108249934683375,363
COFs,NARGP,47,4.417357854172623,15,230,-14.117128093659636,6229.456,29.95,2.097858083092465,2.6564716850870527,0.08236914600550961,1.0275425974252301,2.9854243880606472,363
COFs,NARGP,50,2.768421691579954,15,230,-15.766064256252305,6819.376,29.95,1.8354511109787637,3.4116600900775045,0.09137741046831953,0.7615157632246848,4.708906374754726,363
COFs,NARGP,42,14.03570994208172,15,230,-4.498776005750538,7113.65,29.95,2.0097905016881987,4.228942590758329,0.045509641873278245,0.8246852671566024,2.5574809520640245,363
COFs,NARGP,51,10.846882109382225,15,230,-7.687603838450033,7165.021,29.95,2.2868071580458604,3.8848338127465327,0.0653168044077135,0.8689421449326322,2.324746853777577,363
COFs,NARGP,48,12.622180397922529,15,230,-5.91230554990973,7271.492,29.95,2.1532337375494803,2.4887352384606465,0.054269972451790605,1.1968244716780287,2.221888986545794,363
COFs,NARGP,46,2.768421691579954,15,230,-15.766064256252305,7289.121,29.95,2.020647401538316,3.605628033963329,0.11322314049586775,0.8127621117429699,5.3281593941727685,363
COFs,NARGP,43,1.6834527522225677,15,230,-16.85103319560969,7348.667,29.95,1.6641446513175333,4.701437466008293,0.05798898071625345,0.8000321230084209,3.1260800300830405,363
COFs,NARGP,44,13.975396845273291,15,230,-4.559089102558968,7661.729,29.95,2.215409331681345,3.120010874200589,0.0696143250688705,1.0888420539299233,2.0506873335065454,363
COFs,NARGP,45,2.768421691579954,15,230,-15.766064256252305,7806.354,29.95,2.011287004719317,3.5277413849601102,0.11983471074380163,0.8296021665790894,5.501253589183747,363
COFs,DKL Multi-Fidelity,46,2.768421691579954,15,230,-15.766064256252305,2721.523,29.95,1.7202168803055458,8.966033427390546,0.20027548209366391,0.41021913290023804,1.5410676876124134,363
COFs,DKL Multi-Fidelity,47,1.6834527522225677,15,230,-16.85103319560969,2725.318,29.95,1.9232188546811746,9.748728843671811,0.2330578512396694,0.38338857889175415,1.6196201142650826,363
COFs,DKL Multi-Fidelity,48,1.6834527522225677,15,230,-16.85103319560969,2830.996,29.95,1.8501304346119514,18.117574121188337,0.26887052341597795,0.28273025155067444,2.1601168059569194,363
COFs,DKL Multi-Fidelity,49,7.848507289350307,15,230,-10.685978658481952,2824.198,29.95,1.6872174013654746,7.96197413605742,0.18787878787878784,0.4073842465877533,1.281507827397714,363
COFs,DKL Multi-Fidelity,50,2.768421691579954,15,230,-15.766064256252305,2869.472,29.95,1.7232318113772043,19.720202217253902,0.31377410468319555,0.26378342509269714,1.807053762629148,363
COFs,DKL Multi-Fidelity,51,3.287155915439582,15,230,-15.247330032392677,2887.016,29.95,1.739039592999506,6.9375020431085215,0.2195592286501377,0.44423916935920715,1.5981326653798236,363
COFs,Sparse MFGP,42,1.6834527522225677,15,230,-16.85103319560969,4555.761,29.95,2.2349600301529637,2.2014255638408016,0.16217630853994494,1.4879180192947388,2.3586045129602473,363
COFs,Sparse MFGP,43,1.6834527522225677,15,230,-16.85103319560969,4539.124,29.95,1.7269536278323632,1.979896039509761,0.18614325068870524,1.4910234212875366,1.4036698561850778,363
COFs,Sparse MFGP,44,0.0,15,230,-18.53448594783226,4538.532,29.95,1.6637126864948755,1.9410364522704064,0.19743801652892562,1.5739210844039917,1.3347127887980694,363
COFs,Sparse MFGP,45,2.768421691579954,15,230,-15.766064256252305,4528.631,29.95,1.9420440844993527,2.1215546818232633,0.1687878787878788,1.4475314617156982,1.5144390205036022,363
COFs,Sparse MFGP,46,0.0,15,230,-18.53448594783226,4474.443,29.95,1.8407418642372257,2.0661855946919117,0.17760330578512398,1.476025104522705,1.4923466548738364,363
COFs,Sparse MFGP,47,0.13847037361159664,15,230,-18.396015574220662,4445.593,29.95,1.604647023279301,1.8945571135677215,0.19917355371900827,1.5744396448135376,1.2694113398705416,363
COFs,Sparse MFGP,48,4.417357854172623,15,230,-14.117128093659636,4431.491,29.95,1.7195996628236285,1.9265670652133693,0.1983471074380166,1.5387707948684692,1.3250385172869155,363
COFs,Sparse MFGP,49,3.287155915439582,15,230,-15.247330032392677,4428.725,29.95,2.3845130432194317,2.2570814858336234,0.16548209366391187,1.482916235923767,2.6862314588833645,363
FreeSolv,NARGP,43,4.59,24,259,1.16,2835.341,49.9,2.064768387273162,2.084399643077072,0.0529971988795518,1.551235252778714,2.9387369423258134,357
FreeSolv,NARGP,42,5.09,24,259,1.66,3263.181,49.9,2.1904691080181733,2.2820863519851056,0.07983193277310921,1.4058221279201315,3.326297800247042,357
COFs,Sparse MFGP,50,2.768421691579954,15,230,-15.766064256252305,4232.566,29.95,1.7635619243320777,1.9608207294347433,0.18614325068870524,1.5368016958236694,1.4414321165051522,363
COFs,Sparse MFGP,51,2.768421691579954,15,230,-15.766064256252305,4229.839,29.95,1.993974155316789,2.096143846934502,0.17595041322314048,1.4989984035491943,1.6828352187989808,363
FreeSolv,NARGP,45,4.890000000000001,24,259,1.46,3004.389,49.9,2.1569058018205376,2.334652874982914,0.10196078431372549,1.3645376473830102,2.8699701757757015,357
FreeSolv,NARGP,48,5.12,24,259,1.69,2685.628,49.9,2.1762362756744387,2.3738391650140898,0.08823529411764704,1.3957263183096755,3.109594374482393,357
FreeSolv,NARGP,47,5.12,24,259,1.69,3035.3,49.9,2.043558272753999,2.124515305645142,0.048823529411764696,1.40367734602155,3.465030051424536,357
FreeSolv,NARGP,50,5.12,24,259,1.69,2820.602,49.9,2.3046637458296106,2.4056011731513918,0.07142857142857141,1.5773235302460271,2.7792757592966253,357
FreeSolv,NARGP,44,4.88,24,259,1.45,3709.971,49.9,2.105118469236336,2.0735964121755917,0.0918767507002801,1.3240869067322214,4.6121990948239855,357
FreeSolv,NARGP,46,3.96,24,259,0.53,3873.343,49.9,2.310568508298794,2.4793664464321474,0.1137254901960784,1.4451072851239073,2.7668831566791763,357
FreeSolv,DKL Multi-Fidelity,42,0.5,24,259,-2.93,3168.813,49.9,3.108164232565892,31.369843538803664,0.36834733893557414,0.33997389674186707,3.81475087729528,357
FreeSolv,NARGP,51,3.73,24,259,0.3,3805.405,49.9,2.144478570386977,2.2249311609883766,0.0630252100840336,1.3977285427717332,2.3725512706758796,357
FreeSolv,DKL Multi-Fidelity,43,0.5,24,259,-2.93,3193.072,49.9,1.8680452628557307,29.771320726542985,0.36498599439775914,0.22108425199985504,2.197351794950689,357
FreeSolv,NARGP,49,4.88,24,259,1.45,4020.606,49.9,2.0527901354690328,2.07076857909417,0.08683473389355742,1.3121075715211146,3.794903438798098,357
FreeSolv,DKL Multi-Fidelity,44,0.5,24,259,-2.93,3233.007,49.9,3.4569065174588793,23.773265825251293,0.38683473389355744,0.46202921867370605,8.87186871741054,357
FreeSolv,DKL Multi-Fidelity,45,0.8700000000000001,24,259,-2.56,3237.703,49.9,2.4120247321126556,34.63508866555772,0.3714285714285714,0.28365638852119446,2.66853122505604,357
FreeSolv,DKL Multi-Fidelity,46,0.8700000000000001,24,259,-2.56,3413.323,49.9,3.201770836490622,47.829746123312496,0.39579831932773113,0.29041552543640137,4.01385627571223,357
FreeSolv,DKL Multi-Fidelity,47,0.9200000000000004,24,259,-2.51,3414.945,49.9,2.8416516694107337,53.85218253548929,0.43585434173669463,0.2695012092590332,3.5950780456906473,357
FreeSolv,DKL Multi-Fidelity,48,0.45999999999999996,24,259,-2.97,3420.156,49.9,1.8041092953902536,26.83519129331931,0.37030812324929974,0.24239611625671387,2.2786537450282736,357
FreeSolv,DKL Multi-Fidelity,49,0.30000000000000027,24,259,-3.13,3427.703,49.9,2.3389085906284914,17.063450730815195,0.3708683473389356,0.3828800320625305,2.23405591740541,357
FreeSolv,DKL Multi-Fidelity,50,0.27,24,259,-3.16,3436.695,49.9,3.867347462424116,32.73422310288459,0.34593837535014,0.4146246910095215,5.3346677496833435,357
FreeSolv,DKL Multi-Fidelity,51,0.7200000000000002,24,259,-2.71,3428.652,49.9,2.7674688431991155,52.880202587813045,0.3985994397759104,0.23288530111312866,3.5780860669999015,357
Polarizability,NARGP,42,0.44597186700767266,16,83,-0.5540281329923273,1217.048,29.86,0.04173952224897044,-1.9276105824787393,0.06946859903381644,0.046986662279517956,0.1356266719739387,1035
Polarizability,NARGP,43,0.4811381074168798,16,83,-0.5188618925831202,1216.903,29.86,0.069264661318365,-1.5870545027880403,0.10985507246376809,0.04001847216874477,0.059885403821956916,1035
Polarizability,NARGP,44,0.15281329923273657,16,83,-0.8471867007672634,1085.411,29.86,0.036859189792377046,-1.9754392566257444,0.033816425120772965,0.036828796120649404,0.17226803884947564,1035
FreeSolv,Sparse MFGP,42,0.5,24,259,-2.93,5404.2,49.9,1.8158066501716328,1.929977065592952,0.03672268907563026,1.5225417613983154,1.7571511060204366,357
FreeSolv,Sparse MFGP,43,0.8700000000000001,24,259,-2.56,5380.121,49.9,1.980439237284091,2.018170515646762,0.023585434173669477,1.5012723207473755,1.6507434141554609,357
FreeSolv,Sparse MFGP,44,0.7600000000000002,24,259,-2.67,5370.04,49.9,1.859960631204831,1.9444314004698129,0.042016806722689086,1.513137936592102,1.6595591492537844,357
FreeSolv,Sparse MFGP,45,0.5,24,259,-2.93,5341.354,49.9,1.8091061153602008,1.9377525307359014,0.032661064425770325,1.5031335353851318,1.8287078747482801,357
Polarizability,NARGP,45,0.44597186700767266,16,83,-0.5540281329923273,1322.577,29.86,0.043660753031081974,-1.9874534047607106,0.03458937198067635,0.03931171363544854,0.13638096391686275,1035
FreeSolv,Sparse MFGP,46,0.8700000000000001,24,259,-2.56,5287.565,49.9,1.9115812694938041,1.9829192119192918,0.034369747899159676,1.5229161977767944,1.6817079642138388,357
FreeSolv,Sparse MFGP,47,0.8800000000000003,24,259,-2.55,5284.833,49.9,1.8796214195632988,1.985831473285352,0.021540616246498605,1.49967622756958,1.9032037583543504,357
Polarizability,NARGP,46,0.0,16,83,-1.0,1163.557,29.86,0.0609287276313887,-1.8231138417674582,0.07140096618357486,0.03787431395407473,0.12613872839449963,1035
Polarizability,NARGP,47,0.44597186700767266,16,83,-0.5540281329923273,1117.957,29.86,0.053139626384710835,-1.9365419934441994,0.0344927536231884,0.03813374674569852,0.1909218639924873,1035
Polarizability,NARGP,50,0.48593350383631717,16,83,-0.5140664961636828,914.988,29.86,0.037006609433248766,-2.1080952049380337,0.06956521739130436,0.0364794626415708,0.08357877649047096,1035
Polarizability,NARGP,48,0.0,16,83,-1.0,1244.937,29.86,0.11737174404550192,-0.9410567922148295,0.06830917874396134,0.08803084569514952,0.09816880565581816,1035
Polarizability,DKL Multi-Fidelity,42,0.21483375959079287,16,83,-0.7851662404092071,1076.591,29.86,0.08751489645904185,-1.0593527710524198,0.06932367149758452,0.09382729977369308,0.06262577263603841,1035
Polarizability,DKL Multi-Fidelity,43,0.08919437340153435,16,83,-0.9108056265984656,1077.641,29.86,0.05269118520312401,-1.4512428337624084,0.0836714975845411,0.07259533554315567,0.05643513934638642,1035
Polarizability,NARGP,49,0.42966751918158574,16,83,-0.5703324808184143,1381.893,29.86,0.03789069249048818,-2.018686445047676,0.02531400966183575,0.034974695277657994,0.08865916334358492,1035
Polarizability,NARGP,51,0.0,16,83,-1.0,1267.369,29.86,0.04870777575022187,-1.9542829470931475,0.06637681159420293,0.04258580778394772,0.1431501320849622,1035
FreeSolv,Sparse MFGP,48,0.5,24,259,-2.93,5034.917,49.9,1.859428431873773,1.9407203372138253,0.03484593837535014,1.521902084350586,2.4752229762133133,357
FreeSolv,Sparse MFGP,49,0.5,24,259,-2.93,5037.685,49.9,1.8072267858509965,1.9211008826854938,0.03621848739495799,1.503284215927124,1.8022730093980859,357
FreeSolv,Sparse MFGP,50,0.5500000000000003,24,259,-2.88,5038.442,49.9,1.8703690646419118,1.9678344175126856,0.020980392156862752,1.4827734231948853,1.779154437257751,357
Polarizability,DKL Multi-Fidelity,44,0.08919437340153435,16,83,-0.9108056265984656,1125.494,29.86,0.04254773663741196,-1.5315481337505295,0.15120772946859903,0.07310646772384644,0.0643616360436582,1035
FreeSolv,Sparse MFGP,51,0.30000000000000027,24,259,-3.13,5034.141,49.9,1.7854596193975134,1.9214040880514944,0.03453781512605042,1.4978837966918945,1.6938843678372943,357
Polarizability,DKL Multi-Fidelity,45,0.2710997442455244,16,83,-0.7289002557544756,1133.693,29.86,0.047879530822401394,-1.4695316114087336,0.13922705314009662,0.07649080455303192,0.03740819658446429,1035
Polarizability,DKL Multi-Fidelity,46,0.0,16,83,-1.0,1134.354,29.86,0.0368892605538437,-1.5768675419234055,0.22685990338164252,0.07302412390708923,0.0816266771669823,1035
Polarizability,DKL Multi-Fidelity,47,0.15281329923273657,16,83,-0.8471867007672634,1134.192,29.86,0.037330323120580426,-1.5597455705240688,0.18859903381642512,0.07373640686273575,0.06287135776994134,1035
Polarizability,DKL Multi-Fidelity,48,0.0,16,83,-1.0,1132.007,29.86,0.05707753361260683,-1.384416189740327,0.055169082125603876,0.07376238703727722,0.06655185815046169,1035
Polarizability,DKL Multi-Fidelity,49,0.2710997442455244,16,83,-0.7289002557544756,1131.665,29.86,0.04216444939519299,-1.5317632901679445,0.1685990338164251,0.0737251490354538,0.05501665787747935,1035
Polarizability,DKL Multi-Fidelity,50,0.2119565217391305,16,83,-0.7880434782608695,1131.081,29.86,0.044061214755408036,-1.5355443989176434,0.19980676328502422,0.07387115806341171,0.03954922514019442,1035
Polarizability,DKL Multi-Fidelity,51,0.0,16,83,-1.0,1130.15,29.86,0.05158706960556907,-1.4596286507683787,0.12082125603864738,0.07418999820947647,0.07082068987463297,1035
Polarizability,Sparse MFGP,42,0.40441176470588236,16,83,-0.5955882352941176,1791.271,29.86,0.08459553897758713,-1.0711507408861318,0.16570048309178742,0.115916907787323,0.10980452853534807,1035
Polarizability,Sparse MFGP,43,0.39034526854219953,16,83,-0.6096547314578005,1792.489,29.86,0.06579894978566413,-1.1702744256998252,0.21468599033816424,0.10948076099157333,0.05998432332271155,1035
HOPV15,NARGP,43,2.469999999999999,15,149,-7.73,992.6,29.9,2.047871160538284,2.8333851578383524,0.08078947368421052,1.4706335100830437,2.233441251983796,76
Polarizability,Sparse MFGP,44,0.1275575447570333,16,83,-0.8724424552429667,1777.819,29.86,0.10886371134547652,-0.9054990364148343,0.10425120772946864,0.12210284918546677,0.12868083716350825,1035
HOPV15,NARGP,42,0.0,15,149,-10.2,1193.195,29.9,1.9897890325793037,3.245400993815425,0.10157894736842103,1.363824598502619,2.7289361421344736,76
Polarizability,Sparse MFGP,45,0.39034526854219953,16,83,-0.6096547314578005,1759.492,29.86,0.10931440153797922,-0.9294242695611575,0.07652173913043481,0.11585143208503723,0.14812402467826813,1035
Polarizability,Sparse MFGP,46,0.0,16,83,-1.0,1745.882,29.86,0.20682745668742047,-0.18526066223347834,0.06855072463768115,0.2183743268251419,0.25058437395188543,1035
Polarizability,Sparse MFGP,47,0.4635549872122763,16,83,-0.5364450127877237,1730.523,29.86,0.06875216776162918,-1.1782771096756992,0.20183574879227056,0.10703002661466599,0.2133192299929773,1035
Polarizability,Sparse MFGP,48,0.0,16,83,-1.0,1730.405,29.86,0.10233615234279547,-0.9422986786066899,0.12859903381642512,0.12337368726730347,0.15245284125120362,1035
Polarizability,Sparse MFGP,49,0.36476982097186716,16,83,-0.6352301790281328,1707.501,29.86,0.06741602244831763,-1.160417417860723,0.21536231884057971,0.11036748439073563,0.13278632792821854,1035
Polarizability,Sparse MFGP,50,0.21547314578005117,16,83,-0.7845268542199488,1696.688,29.86,0.06087603439485823,-1.187456660228827,0.23091787439613531,0.10982773452997208,0.07355253112750244,1035
Polarizability,Sparse MFGP,51,0.0,16,83,-1.0,1695.736,29.86,0.09943695951004032,-1.028021356852601,0.08512077294685992,0.1057366281747818,0.07961035608434877,1035
HOPV15,NARGP,45,4.129999999999999,15,149,-6.07,836.253,29.9,2.018122216121701,2.5794617422092165,0.10657894736842104,1.402446763906611,2.7686320306436905,76
HOPV15,NARGP,44,2.6099999999999994,15,149,-7.59,991.887,29.9,2.071600369853248,2.569705351107864,0.09657894736842101,1.498439904027353,2.3143434416002564,76
HOPV15,NARGP,49,4.299999999999999,15,149,-5.9,880.374,29.9,2.1392671802924403,2.8428330419343535,0.08026315789473683,1.4728651874568433,2.182889044023641,76
HOPV15,NARGP,46,2.469999999999999,15,149,-7.73,1063.679,29.9,2.2117078418982996,3.0159546734535905,0.08552631578947366,1.5291360956551856,2.2540015796167636,76
HOPV15,NARGP,47,3.789999999999999,15,149,-6.41,1003.316,29.9,2.1453116694619143,2.724623070531439,0.09789473684210524,1.4633722673561278,2.2766378283854376,76
HOPV15,NARGP,48,5.459999999999999,15,149,-4.74,924.642,29.9,1.955750150942998,2.3341164089441166,0.048157894736842094,1.5074832363892683,2.9831030885670486,76
HOPV15,NARGP,51,2.999999999999999,15,149,-7.2,890.156,29.9,1.994434931206109,2.865773431914684,0.08815789473684209,1.425216362954408,2.1662188873192343,76
HOPV15,NARGP,50,3.789999999999999,15,149,-6.41,1390.702,29.9,2.0165767771039103,3.297557017210713,0.13210526315789473,1.3292788455392894,2.2264651353636946,76
HOPV15,DKL Multi-Fidelity,42,1.5999999999999996,15,149,-8.6,1841.602,29.9,2.419960213921389,22.21805126940985,0.40394736842105256,0.37750691175460815,2.6951382349509756,76
HOPV15,DKL Multi-Fidelity,43,3.2799999999999994,15,149,-6.92,1868.353,29.9,1.9592009929480594,14.444132386137014,0.35526315789473684,0.36984026432037354,2.380593414755545,76
HOPV15,DKL Multi-Fidelity,44,0.0,15,149,-10.2,1890.534,29.9,1.991033121694946,22.107933531836217,0.4052631578947368,0.3075801730155945,2.9274645627035096,76
HOPV15,DKL Multi-Fidelity,45,3.5999999999999996,15,149,-6.6,1893.906,29.9,2.005389975663594,6.291017961737547,0.3078947368421052,0.604453980922699,2.6788643623763204,76
HOPV15,DKL Multi-Fidelity,46,1.5999999999999996,15,149,-8.6,1916.05,29.9,2.2480700091912893,15.219555575620108,0.3789473684210526,0.41134023666381836,2.5424784115573265,76
HOPV15,DKL Multi-Fidelity,47,2.3899999999999997,15,149,-7.81,1930.352,29.9,2.127635682353066,14.897943331978983,0.3447368421052631,0.4090039134025574,2.5844135898690714,76
HOPV15,DKL Multi-Fidelity,48,4.1499999999999995,15,149,-6.05,1935.386,29.9,1.9191087372827622,12.870591389109563,0.37763157894736843,0.3767290413379669,3.770032806398232,76
HOPV15,DKL Multi-Fidelity,49,0.0,15,149,-10.2,1936.903,29.9,2.1887807494340734,26.37347140978845,0.3802631578947368,0.3297559320926666,2.8050663440464385,76
HOPV15,DKL Multi-Fidelity,50,2.6999999999999993,15,149,-7.5,1937.081,29.9,2.0871224870258116,17.409826680716673,0.38815789473684215,0.3371964693069458,2.7005015695878187,76
HOPV15,DKL Multi-Fidelity,51,2.8999999999999995,15,149,-7.3,1936.996,29.9,2.124303705555546,16.17552542405445,0.3855263157894736,0.36433088779449463,3.3266232502410835,76
Matbench-Gap,NARGP,42,0.5800000000000001,10,199,0.5800000000000001,1120.037,19.95,0.5757491897537566,0.9371654560282333,0.18165073295092418,0.6132616061477892,0.7868403478566776,3138
Matbench-Gap,NARGP,43,0.1500000000000001,10,199,0.1500000000000001,1274.199,19.95,0.571641970319906,0.8822517341181829,0.13585086042065014,0.528228674967064,0.8092786941653161,3138
HOPV15,Sparse MFGP,42,3.5299999999999994,15,149,-6.67,3172.314,29.9,1.9991687268859528,2.2067516845201416,0.07526315789473684,1.4686435461044312,2.4611981716471902,76
HOPV15,Sparse MFGP,43,3.5999999999999996,15,149,-6.6,3084.841,29.9,1.8711598464559764,2.1323497950990427,0.06131578947368419,1.436611294746399,2.9235699434657754,76
HOPV15,Sparse MFGP,44,2.999999999999999,15,149,-7.2,2968.217,29.9,1.959573301853235,2.1632880990366434,0.07157894736842105,1.4773811101913452,2.3762491789190157,76
Matbench-Gap,NARGP,44,0.8999999999999999,10,199,0.8999999999999999,1107.549,19.95,0.5571819592234984,0.8555338379068466,0.14303377947737417,0.540033947655946,0.7867911730933156,3138
HOPV15,Sparse MFGP,45,0.0,15,149,-10.2,2923.135,29.9,1.655019275396756,1.9586800911729445,0.03263157894736842,1.5179443359375,2.3358908924607706,76
HOPV15,Sparse MFGP,46,0.0,15,149,-10.2,2896.692,29.9,2.012243316519733,2.202846512270016,0.06131578947368419,1.5809416770935059,2.523491785789661,76
HOPV15,Sparse MFGP,47,0.0,15,149,-10.2,2892.062,29.9,1.850318037446162,2.056164571173541,0.0544736842105263,1.4993093013763428,2.3420102803161624,76
HOPV15,Sparse MFGP,48,0.0,15,149,-10.2,2860.701,29.9,1.9896096595447672,2.212940239019314,0.07447368421052629,1.4848750829696655,2.339269653211326,76
Matbench-Gap,NARGP,46,0.5800000000000001,10,199,0.5800000000000001,1328.964,19.95,0.538464828838698,0.8280155962960588,0.17601657106437224,0.5236950874216678,0.7900078601946062,3138
Matbench-Gap,NARGP,45,1.4,10,199,1.4,1429.052,19.95,0.5783349913094915,0.8764257116059512,0.15576163161249207,0.5590030865066812,4.264564070631105,3138
HOPV15,Sparse MFGP,49,3.999999999999999,15,149,-6.2,2838.681,29.9,2.016309061390459,2.2205567834022544,0.07763157894736841,1.509466528892517,2.73234397310986,76
HOPV15,Sparse MFGP,50,3.789999999999999,15,149,-6.41,2834.322,29.9,1.7824702192969084,2.0194791844261264,0.06447368421052628,1.5381232500076294,3.143018686817165,76
HOPV15,Sparse MFGP,51,3.499999999999999,15,149,-6.7,2834.879,29.9,1.7566917446966432,2.0543849862223604,0.06052631578947365,1.541407585144043,2.4350615769349306,76
Matbench-Gap,NARGP,47,0.5800000000000001,10,199,0.5800000000000001,1189.46,19.95,0.6122423802792873,0.9423289841722725,0.148534098151689,0.5317983923516757,0.7917731872329369,3138
Matbench-Gap,NARGP,51,0.0,10,199,0.0,1304.876,19.95,0.6736553422617809,1.1040027703086963,0.06349904397705544,0.5970998239100023,0.8466133312722408,3138
Matbench-Gap,NARGP,48,1.4,10,199,1.4,1755.069,19.95,0.535081284900481,0.8379279971260468,0.18046526449968134,0.6063796672742938,0.8575608450040711,3138
Matbench-Gap,NARGP,49,0.7800000000000002,10,199,0.7800000000000002,1722.104,19.95,0.5973122855781735,0.9400574139571363,0.1518228170809433,0.5122338615669471,0.7951958090547698,3138
Matbench-Gap,NARGP,50,0.04,10,199,0.04,1956.734,19.95,0.6177933775331849,1.048874505655146,0.16580624601657107,0.4629264271205338,0.7992413858013699,3138
Matbench-Gap,DKL Multi-Fidelity,42,0.0,10,199,0.0,2426.624,19.95,0.6150954382665319,19.133433925531463,0.11663479923518164,0.09949216991662979,0.8207248773951998,3138
Matbench-Gap,DKL Multi-Fidelity,43,0.01,10,199,0.01,2455.683,19.95,0.9794092278664429,71.4512876177123,0.3595920968769917,0.07197029888629913,0.8598194417410604,3138
Matbench-Gap,DKL Multi-Fidelity,44,0.7599999999999999,10,199,0.7599999999999999,2466.653,19.95,0.7969861623411837,37.34605471015048,0.2545570427023582,0.0915224626660347,1.346144709176744,3138
Matbench-Gap,DKL Multi-Fidelity,45,0.1,10,199,0.1,2466.65,19.95,1.0330754667729072,49.16108420619385,0.23862332695984706,0.09738277643918991,2.4926843274612356,3138
Matbench-Gap,DKL Multi-Fidelity,46,0.55,10,199,0.55,2476.921,19.95,0.8574466278271724,38.66169471807825,0.3873167622689611,0.08716986328363419,0.7640617293046558,3138
Matbench-Gap,DKL Multi-Fidelity,47,0.3500000000000001,10,199,0.3500000000000001,2482.557,19.95,0.6174696342430285,18.222287970636426,0.14508604206500958,0.09663527458906174,1.475063404678639,3138
Matbench-Gap,DKL Multi-Fidelity,48,0.3700000000000001,10,199,0.3700000000000001,2480.446,19.95,1.0151427266457924,26.86598214957925,0.17940726577437854,0.11475224047899246,1.9113165033280044,3138
Matbench-Gap,DKL Multi-Fidelity,49,0.1,10,199,0.1,2472.055,19.95,0.9968083952685345,69.95500507825889,0.4355321861057998,0.08102844655513763,0.8056972751021899,3138
Matbench-Gap,DKL Multi-Fidelity,50,1.0,10,199,1.0,2486.598,19.95,0.6310839821878585,26.190850569855115,0.28228170809432757,0.08376779407262802,1.14931958585796,3138
Matbench-Gap,DKL Multi-Fidelity,51,0.0399999999999998,10,199,0.0399999999999998,2483.129,19.95,1.545142947122821,71.73359200140271,0.1805927342256214,0.11102510988712311,2.479169933362902,3138
Branin-Fav,NARGP,42,0.10339752042404704,24,259,0.501284520424047,928.888,49.9,0.7255123396747715,0.7753097815113977,0.10685611186287777,0.7706693881882234,67.08074253829689,2217
Branin-Fav,NARGP,43,0.0066056977871608025,24,259,0.4044926977871608,1057.02,49.9,1.6083042893081874,1.2381534385065545,0.022755976544880457,0.8894789507575073,50.534717673383,2217
Matbench-Gap,Sparse MFGP,42,0.1,10,199,0.1,4012.58,19.95,0.531773578319616,0.7900151506763653,0.16231357552581263,0.529015302658081,0.7957670835084992,3138
Branin-Fav,NARGP,44,0.10339752042404704,24,259,0.501284520424047,988.075,49.9,1.3385912361305536,1.09160160050113,0.04384303112313935,0.7842205663231038,56.300661874727176,2217
Matbench-Gap,Sparse MFGP,43,0.1500000000000001,10,199,0.1500000000000001,3936.339,19.95,0.5172380154409177,0.789041555945676,0.20742511153601023,0.5830459594726562,0.7731760275107952,3138
Branin-Fav,NARGP,45,0.009019962044670815,24,259,0.4069069620446708,883.058,49.9,2.0542806662901656,1.5085068664339012,0.05317997293640053,1.2395241863405735,69.69089424847513,2217
Matbench-Gap,Sparse MFGP,44,0.0,10,199,0.0,3780.097,19.95,0.549789314546948,0.8183008502960695,0.1348374760994264,0.5412607192993164,0.8307903616613929,3138
Matbench-Gap,Sparse MFGP,45,0.01,10,199,0.01,3726.656,19.95,0.6950748158705525,1.0897325246485863,0.08307202039515614,0.6134147644042969,1.8947581662171118,3138
Matbench-Gap,Sparse MFGP,46,0.7199999999999999,10,199,0.7199999999999999,3697.243,19.95,0.5364905214927642,0.8013423856650836,0.22916507329509242,0.5102496147155762,0.7886157153017703,3138
Matbench-Gap,Sparse MFGP,47,0.4499999999999999,10,199,0.4499999999999999,3698.51,19.95,0.5452433499114333,0.8485642572106756,0.19678138942001275,0.6555914878845215,1.0505954021205093,3138
Matbench-Gap,Sparse MFGP,48,0.7000000000000002,10,199,0.7000000000000002,3693.653,19.95,0.6508793650656368,0.9914634225982336,0.138565965583174,0.6669188737869263,0.9991784720897121,3138
Branin-Fav,NARGP,46,3.3101252989814514,24,259,3.7080122989814512,992.489,49.9,1.3165452815972922,1.0601947017096611,0.0281235904375282,0.9788676849252048,45.20867477325234,2217
Matbench-Gap,Sparse MFGP,49,0.2799999999999998,10,199,0.2799999999999998,3679.874,19.95,0.5204838403386566,0.7789141795041469,0.16332058636073932,0.5569660067558289,0.7962083585768536,3138
Branin-Fav,NARGP,47,0.0066056977871608025,24,259,0.4044926977871608,864.897,49.9,1.0163000460762608,1.0303962428346667,0.07768606224627876,0.8821761428005814,69.6954362662817,2217
Matbench-Gap,Sparse MFGP,50,0.2000000000000001,10,199,0.2000000000000001,3680.428,19.95,0.529473666452967,0.7918215681231106,0.2324792861695347,0.5040149688720703,0.7929389202505617,3138
Matbench-Gap,Sparse MFGP,51,0.1999999999999999,10,199,0.1999999999999999,3672.453,19.95,0.5473933445290958,1.0800899711259466,0.2679413639260676,1.0145320892333984,0.7549523304792599,3138
Branin-Fav,NARGP,48,0.10339752042404704,24,259,0.501284520424047,896.921,49.9,2.167073082651142,1.573096992566597,0.08331078033378439,1.3449763866426487,62.030751034468544,2217
Branin-Fav,NARGP,49,0.10339752042404704,24,259,0.501284520424047,1019.307,49.9,1.3457187271037188,1.1849636736862528,0.019142986017140297,1.0715855306633697,15.942639075009984,2217
Branin-Fav,NARGP,50,0.10339752042404704,24,259,0.501284520424047,1075.39,49.9,1.6505244485467194,1.229618167745771,0.03792061344158774,0.8380893708023988,41.4579081593098,2217
Branin-Fav,NARGP,51,1.2867713173764246,24,259,1.6846583173764245,999.321,49.9,0.5906364319730146,0.728349378596896,0.1408209291835814,0.7247134768713326,72.65657505397495,2217
Branin-Fav,DKL Multi-Fidelity,42,0.4845747529975498,24,259,0.8824617529975498,3544.077,49.9,5.851909779936681,8.22003265275488,0.22476319350473611,1.4298964738845825,20.357993035983156,2217
Branin-Fav,DKL Multi-Fidelity,43,0.0066056977871608025,24,259,0.4044926977871608,3545.103,49.9,6.921303339694874,11.01986605600142,0.2064952638700947,1.4357547760009766,22.92541965093764,2217
Branin-Fav,DKL Multi-Fidelity,44,0.10339752042404704,24,259,0.501284520424047,3550.737,49.9,7.729600800667393,18.655806944361196,0.341362201172756,1.2507398128509521,23.513821899317,2217
Branin-Fav,DKL Multi-Fidelity,45,1.1736227615764419,24,259,1.5715097615764417,3559.935,49.9,6.044258219180883,10.704735377799091,0.2713576905728462,1.3217105865478516,9.9386657991892,2217
Branin-Fav,DKL Multi-Fidelity,46,0.9996735772930457,24,259,1.3975605772930457,3560.514,49.9,6.411700275382316,11.473308099601725,0.2343256653134867,1.356257677078247,22.76103614562727,2217
Branin-Fav,DKL Multi-Fidelity,47,0.0066056977871608025,24,259,0.4044926977871608,3561.655,49.9,6.376989748368249,10.702867617916082,0.2390166892196662,1.3774455785751343,37.96686226084149,2217
Branin-Fav,DKL Multi-Fidelity,48,0.0066056977871608025,24,259,0.4044926977871608,3562.135,49.9,6.769529546652317,9.999654949483002,0.2098782138024357,1.5566537380218506,25.344413257377106,2217
Branin-Fav,DKL Multi-Fidelity,49,0.07480380217855298,24,259,0.47269080217855297,3564.509,49.9,7.34899891117595,11.878725730880511,0.21380243572395125,1.436273455619812,10.367197005959241,2217
Branin-Fav,DKL Multi-Fidelity,50,0.7993584558967805,24,259,1.1972454558967804,3565.989,49.9,6.470373077037199,10.699338596649639,0.22543978349120436,1.4190746545791626,18.047165153240062,2217
Branin-Unfav,NARGP,42,0.2705594724235735,24,52,0.6684464724235735,254.421,50.0,32.66493403009364,4.373019364972329,0.05379537953795378,18.41729870419976,46.39331183812336,2424
Branin-Fav,DKL Multi-Fidelity,51,0.19156022909624404,24,259,0.589447229096244,3566.504,49.9,6.595237615650279,13.241701164313765,0.2953540820929183,1.3113045692443848,12.036960029824844,2217
Branin-Unfav,NARGP,44,0.0066056977871608025,24,52,0.4044926977871608,242.688,50.0,39.412738891852015,4.628750264276921,0.21340759075907587,18.800747416332687,58.42769831591428,2424
Branin-Unfav,NARGP,43,0.07480380217855298,24,52,0.47269080217855297,262.996,50.0,35.18575440804416,4.727041308915906,0.15907590759075907,23.372792730186077,40.696592020801326,2424
Branin-Unfav,NARGP,45,0.5187714398244382,24,52,0.9166584398244382,251.433,50.0,51.66876992873936,6.5297648927338505,0.3095709570957096,15.914242289029541,79.03393317190914,2424
Branin-Unfav,NARGP,46,0.07480380217855298,24,52,0.47269080217855297,256.688,50.0,33.845566939043245,4.51226550862294,0.0512046204620462,29.423189099401725,51.06764637959195,2424
Branin-Unfav,NARGP,47,0.0066056977871608025,24,52,0.4044926977871608,272.768,50.0,22.136546369742838,4.039603677260312,0.07314356435643563,14.571954478613263,27.633782607473968,2424
Branin-Unfav,NARGP,48,0.07480380217855298,24,52,0.47269080217855297,265.201,50.0,30.522797035019046,4.557327678438611,0.1386963696369637,22.081281881560567,42.155436081822636,2424
Branin-Unfav,NARGP,49,0.0066056977871608025,24,52,0.4044926977871608,216.476,50.0,49.93387574788039,6.472801416629161,0.2669141914191419,13.670514643792071,49.56657685082785,2424
Branin-Unfav,NARGP,50,0.07480380217855298,24,52,0.47269080217855297,270.708,50.0,31.052875693630885,4.52816293751748,0.11303630363036303,22.617933265580167,37.00987912866316,2424
Branin-Unfav,NARGP,51,0.07480380217855298,24,52,0.47269080217855297,284.003,50.0,26.269114336315354,4.385061118693707,0.05984323432343236,26.88649775399346,41.52802864667305,2424
Branin-Unfav,DKL Multi-Fidelity,42,0.07480380217855298,24,52,0.47269080217855297,915.261,50.0,45.233682759638484,76.85921849768728,0.3957095709570957,3.5794827938079834,33.376396045200956,2424
Branin-Unfav,DKL Multi-Fidelity,43,0.052375427876019454,24,52,0.45026242787601944,929.338,50.0,22.085879791284526,37.58728167791564,0.36307755775577555,2.155167579650879,41.12525758014219,2424
Branin-Fav,Sparse MFGP,42,0.14546928279938853,24,259,0.5433562827993885,5774.155,49.9,15.750651821263219,42.774314903345704,0.4206134415877312,1.7095186710357666,20.076849776087926,2217
Branin-Fav,Sparse MFGP,43,0.0066056977871608025,24,259,0.4044926977871608,5765.332,49.9,15.088739792594836,31.53109393722917,0.42124492557510146,1.818384051322937,20.052881909615458,2217
Branin-Unfav,DKL Multi-Fidelity,44,0.009019962044670815,24,52,0.4069069620446708,915.365,50.0,57.92979446428704,167.17101200928207,0.40750825082508246,2.3116986751556396,32.09409150195883,2424
Branin-Unfav,DKL Multi-Fidelity,45,0.5187714398244382,24,52,0.9166584398244382,919.386,50.0,31.48159008239805,92.13244716192185,0.3942244224422442,2.003709554672241,19.954203869767404,2424
Branin-Unfav,DKL Multi-Fidelity,46,0.14546928279938853,24,52,0.5433562827993885,916.568,50.0,36.15511441252384,42.86545828030499,0.3923267326732673,3.223034620285034,43.87137167447783,2424
Branin-Unfav,DKL Multi-Fidelity,47,0.14546928279938853,24,52,0.5433562827993885,922.758,50.0,36.34393541023043,75.29267908154709,0.39723597359735974,2.7771196365356445,21.621948275815452,2424
Branin-Unfav,DKL Multi-Fidelity,48,0.07480380217855298,24,52,0.47269080217855297,914.312,50.0,65.83657094218246,475.74833042829846,0.3601897689768977,2.1513121128082275,37.31834369866423,2424
Branin-Unfav,DKL Multi-Fidelity,49,0.14546928279938853,24,52,0.5433562827993885,919.443,50.0,40.271932244533296,122.21212061949656,0.42223597359735976,2.5093610286712646,30.773640068285783,2424
Branin-Unfav,DKL Multi-Fidelity,50,0.4035566709587507,24,52,0.8014436709587507,917.019,50.0,75.60626258773551,341.98511979287537,0.44381188118811876,2.338977575302124,41.7042522595207,2424
Branin-Unfav,DKL Multi-Fidelity,51,0.052375427876019454,24,52,0.45026242787601944,922.122,50.0,27.141222765107834,42.941209053906555,0.41468646864686465,2.369845151901245,41.564131353464056,2424
Branin-Fav,Sparse MFGP,44,0.37528777512896283,24,259,0.7731747751289628,5152.625,49.9,13.56348066133745,32.38558974163788,0.4024357239512855,1.7675703763961792,18.485658011356616,2217
Branin-Fav,Sparse MFGP,45,0.37528777512896283,24,259,0.7731747751289628,5152.468,49.9,12.93184464416361,26.472200960490284,0.4024357239512855,1.9923605918884277,16.444562606314047,2217
Branin-Fav,Sparse MFGP,46,0.07480380217855298,24,259,0.47269080217855297,5144.096,49.9,16.503332310182763,42.802612117743266,0.42106450157871,1.6899725198745728,21.469731897205186,2217
Branin-Fav,Sparse MFGP,47,0.0066056977871608025,24,259,0.4044926977871608,5128.455,49.9,13.53412998511868,26.775877538534004,0.4045557059088859,1.8035415410995483,20.388796059576087,2217
Branin-Fav,Sparse MFGP,48,0.10339752042404704,24,259,0.501284520424047,5126.564,49.9,13.934244713206162,32.00370460647099,0.4063148398737032,1.7283332347869873,20.84662887872209,2217
Branin-Fav,Sparse MFGP,49,0.07480380217855298,24,259,0.47269080217855297,5124.695,49.9,15.061309601203257,36.98279981740024,0.41114118177717635,1.6665420532226562,22.940590861032035,2217
Branin-Fav,Sparse MFGP,50,0.0066056977871608025,24,259,0.4044926977871608,5121.52,49.9,15.639309039599201,36.99151604213922,0.4175462336490753,1.7890561819076538,23.382796232419917,2217
Branin-Fav,Sparse MFGP,51,0.3474885137832534,24,259,0.7453755137832534,5113.548,49.9,13.971750938508222,35.67590488197199,0.41204330175913395,1.5891155004501343,20.32758847248833,2217
Branin-Unfav,Sparse MFGP,42,0.23697428159646783,24,52,0.6348612815964678,1358.722,50.0,22.114060048545085,16.087873771709294,0.4263613861386138,3.9019558429718018,32.65759919165191,2424
Branin-Unfav,Sparse MFGP,43,2.7838475918926227,24,52,3.1817345918926225,1339.333,50.0,22.157772570252323,35.16080737931347,0.42755775577557753,2.6914544105529785,28.344792029132023,2424
Branin-Unfav,Sparse MFGP,44,0.9873388055472007,24,52,1.3852258055472007,1311.438,50.0,36.789304428097395,28.53588203465386,0.4013613861386138,4.299134254455566,34.96678617647005,2424
Branin-Unfav,Sparse MFGP,45,0.19156022909624404,24,52,0.589447229096244,1307.788,50.0,33.15855228547644,27.475565327786825,0.3912541254125413,4.415262699127197,35.151797844641976,2424
Branin-Unfav,Sparse MFGP,46,1.6663609550804663,24,52,2.064247955080466,1298.01,50.0,29.881011797334,39.84246058782754,0.4010726072607261,3.510650396347046,38.265652210519505,2424
Branin-Unfav,Sparse MFGP,47,4.57687635040767,24,52,4.97476335040767,1297.505,50.0,17.733113687190162,22.180562927343033,0.3878712871287129,3.0121910572052,28.8806065724995,2424
Branin-Unfav,Sparse MFGP,48,0.07480380217855298,24,52,0.47269080217855297,1296.8,50.0,18.6589745337194,20.8801653771456,0.41877062706270635,2.941906452178955,30.369518009989424,2424
Branin-Unfav,Sparse MFGP,49,0.23697428159646783,24,52,0.6348612815964678,1293.976,50.0,18.214279815920317,13.276081327294577,0.33242574257425744,4.5260114669799805,40.61699105172031,2424
Branin-Unfav,Sparse MFGP,50,1.592260801894752,24,52,1.9901478018947518,1292.499,50.0,24.711775779164398,42.65559317465966,0.4502887788778878,2.742853879928589,30.81845995732369,2424
Branin-Unfav,Sparse MFGP,51,1.4819971698930496,24,52,1.8798841698930495,1291.818,50.0,30.932916578011294,34.559314746023354,0.4471122112211221,3.6953494548797607,34.64104357291143,2424
Park-Fav,NARGP,42,3.770460938633972,4,55,3.770460938633972,1659.54,9.5,0.19132531278332723,-0.19275492798370825,0.08578680203045683,0.1286533272820451,6.456125392380201,197
Park-Fav,NARGP,43,1.8121879671878183,4,55,1.8121879671878183,1707.406,9.5,0.11320944157471065,-0.5558073259017499,0.11928934010152284,0.06596150416628974,9.7114715335561,197
Park-Fav,NARGP,44,3.3632731480082785,4,55,3.3632731480082785,1685.666,9.5,0.1334196094074024,-0.8516736991713336,0.0513705583756345,0.09237096790665263,7.500025404868375,197
Park-Fav,NARGP,45,3.3632731480082785,4,55,3.3632731480082785,1590.96,9.5,0.15176817413600663,-0.07865711972236251,0.16345177664974617,0.0792792268807593,8.915910881645754,197
Park-Fav,NARGP,46,1.2568338725877952,4,55,1.2568338725877952,1634.488,9.5,0.09657664514404658,-0.544441978266493,0.13248730964467004,0.059082716994637546,8.576527346644928,197
Park-Fav,NARGP,49,10.282169078756231,4,55,10.282169078756231,1559.492,9.5,0.13175042703833717,-0.15090905571929236,0.14736040609137055,0.06814400992628267,6.1080404619367865,197
Park-Fav,NARGP,47,3.624375771278727,4,55,3.624375771278727,1836.257,9.5,0.10953591476501598,-0.6294825931269448,0.1096446700507614,0.07239734845569297,5.979044314624659,197
Park-Fav,NARGP,50,3.3632731480082785,4,55,3.3632731480082785,1652.367,9.5,0.1351562602891733,-0.5379839376594147,0.12436548223350252,0.0730112459634777,6.438916122447783,197
Park-Fav,NARGP,48,3.624375771278727,4,55,3.624375771278727,1868.427,9.5,0.1620979799578394,-0.287380476850442,0.1482233502538071,0.08601713860093937,6.513711854148566,197
Park-Fav,NARGP,51,7.733352645617666,4,55,7.733352645617666,1812.685,9.5,0.1259753920993145,-0.5208471490310485,0.07055837563451775,0.08498039216875264,5.547537335775471,197
Park-Fav,DKL Multi-Fidelity,42,1.2568699105471763,4,55,1.2568699105471763,3295.691,9.5,0.21889797092763263,0.5936892393088362,0.31065989847715736,0.6886012554168701,1.2254224747568254,197
Park-Fav,DKL Multi-Fidelity,43,1.541513844536675e-07,4,55,1.541513844536675e-07,3299.213,9.5,0.19912806336328315,1.1257030837605115,0.18730964467005073,0.07819607853889465,2.706458929783955,197
Park-Fav,DKL Multi-Fidelity,44,2.5800579021124985e-07,4,55,2.5800579021124985e-07,3388.588,9.5,0.18204688609759834,-0.35294392585741796,0.07375634517766497,0.16629372537136078,5.063207918117658,197
Park-Fav,DKL Multi-Fidelity,45,2.0780363189549918e-07,4,55,2.0780363189549918e-07,3401.643,9.5,0.12239871114820453,-0.5675286613438059,0.10812182741116749,0.08214487135410309,2.3656207620906984,197
Park-Fav,DKL Multi-Fidelity,46,2.0780363189549918e-07,4,55,2.0780363189549918e-07,3446.407,9.5,0.10820360838119981,-0.8748507510897647,0.024670050761421317,0.09287047386169434,2.9522037325532517,197
Park-Fav,DKL Multi-Fidelity,47,1.5248471779533417e-07,4,55,1.5248471779533417e-07,3463.217,9.5,0.27420873471600576,0.07920931231603491,0.04467005076142134,0.28626278042793274,1.6603671303619425,197
Park-Fav,DKL Multi-Fidelity,48,1.2568699105471763,4,55,1.2568699105471763,3498.365,9.5,0.26638466780190023,0.49982523617120767,0.13857868020304565,0.14863772690296173,1.4764057215503397,197
Park-Fav,DKL Multi-Fidelity,49,1.560885138775958e-07,4,55,1.560885138775958e-07,3507.57,9.5,0.12067586525390867,-0.7509258834822085,0.020507614213197984,0.11511478573083878,2.0069966109239727,197
Park-Fav,DKL Multi-Fidelity,50,2.051277131164388e-07,4,55,2.051277131164388e-07,3510.971,9.5,0.20897421817067527,0.12154746115691217,0.059847715736040606,0.11060439050197601,1.987894326132075,197
Park-Fav,DKL Multi-Fidelity,51,1.137312731133618e-07,4,55,1.137312731133618e-07,3510.782,9.5,0.21845825297065777,-0.0742002839306354,0.05649746192893398,0.1648320108652115,1.6142870749534093,197
Park-Unfav,NARGP,43,10.87312731383618,4,11,10.87312731383618,546.481,9.5,0.24961207470715346,0.2921848998636916,0.2804979253112033,0.6490526098119763,8.393851053917722,241
Park-Unfav,NARGP,42,5.43656365691809,4,11,5.43656365691809,573.071,9.5,1.8970429817836683,1.6447641723150124,0.10684647302904564,0.9059934526736203,7.631369965889994,241
Park-Unfav,NARGP,44,8.154874380073268,4,11,8.154874380073268,451.312,9.5,0.8330524743259774,1.0954150090848584,0.2004149377593361,1.5720938354685674,7.141849472498602,241
Park-Unfav,NARGP,45,5.436563684100908,4,11,5.436563684100908,456.809,9.5,0.3756581472086994,0.8765369975097397,0.3228215767634855,1.2130756188162723,6.179001189105471,241
Park-Unfav,NARGP,46,1.137312731133618e-07,4,11,1.137312731133618e-07,565.847,9.5,0.16637441039670225,-0.47753863045743594,0.055767634854771805,0.17351374111060613,10.246766490681509,241
Park-Unfav,NARGP,47,1.087312731383618e-07,4,11,1.087312731383618e-07,739.399,9.5,0.5633411323101037,0.927513776060497,0.12614107883817427,1.03364523698566,7.927512883044281,241
Park-Unfav,NARGP,48,6.3058573778794935,4,11,6.3058573778794935,448.237,9.5,0.4170183677583123,1.2679389508490657,0.3381742738589212,1.7774536885764145,6.064477435313122,241
Park-Unfav,NARGP,49,4.530469714098408,4,11,4.530469714098408,505.428,9.5,1.0476854435574645,0.8954778921443726,0.045601659751037346,0.8842220184311262,7.3384215692647805,241
Park-Fav,Sparse MFGP,42,2.586872597596253e-07,4,55,2.586872597596253e-07,5645.843,9.5,0.45013130990009964,1.081233259300355,0.2751269035532995,1.083439826965332,3.6140858989743654,197
Park-Fav,Sparse MFGP,43,2.0780363189549918e-07,4,55,2.0780363189549918e-07,5640.621,9.5,0.34069704798313505,1.0026316443543704,0.3258883248730965,1.0338832139968872,5.00200651880028,197
Park-Unfav,NARGP,50,1.087312731383618e-07,4,11,1.087312731383618e-07,569.525,9.5,0.17938280286852118,0.16375131783043298,0.3033195020746888,0.5772286942149497,7.895062832994499,241
Park-Unfav,NARGP,51,2.572322875232211e-07,4,11,2.572322875232211e-07,684.209,9.5,0.4021791288324363,0.703651570545241,0.1709128630705394,0.6987537149643839,10.475133031878888,241
Park-Unfav,DKL Multi-Fidelity,42,1.137312731133618e-07,4,11,1.137312731133618e-07,906.014,9.5,6.596463349942609,8.16737186185739,0.18464730290456427,1.6728497743606567,11.078854037447524,241
Park-Unfav,DKL Multi-Fidelity,43,2.586872597596253e-07,4,11,2.586872597596253e-07,904.882,9.5,1.9576121696086908,2.444356938668173,0.17468879668049792,1.1708914041519165,7.292253607781271,241
Park-Fav,Sparse MFGP,44,2.051277131164388e-07,4,55,2.051277131164388e-07,5287.884,9.5,0.3501013665355986,1.0373652774788227,0.31624365482233496,1.0679330825805664,4.048156899269804,197
Park-Fav,Sparse MFGP,45,2.5800579021124985e-07,4,55,2.5800579021124985e-07,5287.163,9.5,0.3346661915382551,1.016735512004633,0.3289340101522843,1.0514075756072998,4.913920386298071,197
Park-Unfav,DKL Multi-Fidelity,44,1.5248471779533417e-07,4,11,1.5248471779533417e-07,912.329,9.5,2.34877639982786,13.234714829463295,0.4024896265560166,0.4151560962200165,5.642053529805932,241
Park-Unfav,DKL Multi-Fidelity,45,1.087312731383618e-07,4,11,1.087312731383618e-07,911.725,9.5,0.27193486294691754,1.28426266499057,0.14481327800829874,0.12544706463813782,4.94676589551186,241
Park-Fav,Sparse MFGP,46,2.586872597596253e-07,4,55,2.586872597596253e-07,5217.996,9.5,0.3713212575314549,1.0086342262214858,0.31421319796954317,1.0310193300247192,4.306426617863952,197
Park-Fav,Sparse MFGP,47,0.9061440243658865,4,55,0.9061440243658865,5195.568,9.5,0.4017369287101568,1.045859977465325,0.30558375634517765,1.0637036561965942,2.6111946835481312,197
Park-Unfav,DKL Multi-Fidelity,46,1.137312731133618e-07,4,11,1.137312731133618e-07,903.508,9.5,0.7935791908464853,8.042950800364137,0.35062240663900407,0.1877768486738205,6.565259471751546,241
Park-Unfav,DKL Multi-Fidelity,47,1.087312731383618e-07,4,11,1.087312731383618e-07,902.73,9.5,0.5144906427872621,0.9087428834629104,0.11535269709543569,0.8077980279922485,4.431245500435955,241
Park-Fav,Sparse MFGP,48,2.586872597596253e-07,4,55,2.586872597596253e-07,5153.077,9.5,0.3026158342056089,1.0185815943902747,0.3319796954314721,1.061407446861267,3.598622821240019,197
Park-Unfav,DKL Multi-Fidelity,48,1.541513844536675e-07,4,11,1.541513844536675e-07,892.515,9.5,0.3912269768285061,7.218433942967749,0.3186721991701245,0.09624923020601273,5.194289123445012,241
Park-Unfav,DKL Multi-Fidelity,49,5.43656365691809,4,11,5.43656365691809,892.594,9.5,3.261855553655754,3.387214599725815,0.06688796680497926,1.5631542205810547,8.575331482081953,241
Park-Unfav,DKL Multi-Fidelity,50,1.087312731383618e-07,4,11,1.087312731383618e-07,892.332,9.5,5.977196890959898,11.710279801950408,0.3755186721991701,0.8549700975418091,12.823343254572649,241
Park-Fav,Sparse MFGP,49,2.5930335532473125e-07,4,55,2.5930335532473125e-07,5140.414,9.5,0.32582814835610113,1.0446991731060207,0.3284263959390863,1.086391568183899,2.504410850592569,197
Park-Unfav,DKL Multi-Fidelity,51,1.5248471779533417e-07,4,11,1.5248471779533417e-07,883.047,9.5,0.8156819906730983,19.612400127280036,0.2639004149377593,0.1294601857662201,9.350813615823665,241
Park-Fav,Sparse MFGP,50,0.9061440243658865,4,55,0.9061440243658865,5082.092,9.5,0.35137376435989465,1.055348360039015,0.32335025380710664,1.0890926122665405,1.8555316526939634,197
Park-Fav,Sparse MFGP,51,0.9061440243658865,4,55,0.9061440243658865,5046.108,9.5,0.35570550996253913,1.0322879089944508,0.30862944162436545,1.0609779357910156,2.5119457601374027,197
Park-Unfav,Sparse MFGP,42,1.137312731133618e-07,4,11,1.137312731133618e-07,1310.096,9.5,4.909729348313673,7.4100090428983725,0.1546473029045643,1.4482955932617188,9.361007698078527,241
Park-Unfav,Sparse MFGP,43,2.586872597596253e-07,4,11,2.586872597596253e-07,1285.485,9.5,1.129224352224225,1.584016561624396,0.06406639004149381,1.375294804573059,2.2878486298797016,241
Park-Unfav,Sparse MFGP,44,1.1281375602258802e-07,4,11,1.1281375602258802e-07,1219.407,9.5,0.5160628014972571,1.3083324589322605,0.2804979253112033,1.3802158832550049,2.879458782239277,241
Park-Unfav,Sparse MFGP,45,1.5248471779533417e-07,4,11,1.5248471779533417e-07,1213.674,9.5,0.30748639262213423,1.1844563714925733,0.3568464730290456,1.2702723741531372,5.287831312355339,241
Park-Unfav,Sparse MFGP,46,1.137312731133618e-07,4,11,1.137312731133618e-07,1148.885,9.5,0.2700100157330536,1.195711748998732,0.36680497925311206,1.291332483291626,3.7669324803414814,241
Park-Unfav,Sparse MFGP,47,1.087312731383618e-07,4,11,1.087312731383618e-07,1096.614,9.5,0.2786229186449342,1.1667033459920884,0.3767634854771784,1.2540007829666138,5.413832408346797,241
Park-Unfav,Sparse MFGP,48,1.1281375602258802e-07,4,11,1.1281375602258802e-07,1088.704,9.5,0.35435417048317963,1.2028759791922523,0.3257261410788382,1.2844970226287842,5.229343661645832,241
Park-Unfav,Sparse MFGP,49,0.9061228918802969,4,11,0.9061228918802969,1079.861,9.5,1.5436149866321767,1.8743578391703348,0.09705394190871368,1.2512069940567017,2.8518285771862137,241
Park-Unfav,Sparse MFGP,50,1.087312731383618e-07,4,11,1.087312731383618e-07,1068.253,9.5,0.533899503561642,1.2968052697058556,0.2609958506224067,1.353360891342163,3.9490533411154525,241
Park-Unfav,Sparse MFGP,51,1.541513844536675e-07,4,11,1.541513844536675e-07,795.405,9.5,0.4061886152664918,1.170465945668697,0.2941908713692946,1.231168270111084,9.301466856986785,241
