benchmark,model,seed,budget,regret
Polarizability,KnowledgeDistillation,42,3.336,0.4635549872122763
Polarizability,KnowledgeDistillation,42,3.503,0.4635549872122763
Polarizability,KnowledgeDistillation,42,3.67,0.4635549872122763
Polarizability,KnowledgeDistillation,42,3.837,0.4635549872122763
Polarizability,KnowledgeDistillation,42,4.004,0.4635549872122763
Polarizability,KnowledgeDistillation,42,4.171,0.4635549872122763
Polarizability,KnowledgeDistillation,42,5.171,0.1275575447570333
Polarizability,KnowledgeDistillation,42,5.338,0.1275575447570333
Polarizability,KnowledgeDistillation,42,5.505,0.1275575447570333
Polarizability,KnowledgeDistillation,42,5.672,0.1275575447570333
Polarizability,KnowledgeDistillation,42,5.839,0.1275575447570333
Polarizability,KnowledgeDistillation,42,6.006,0.1275575447570333
Polarizability,KnowledgeDistillation,42,7.006,0.0
Polarizability,KnowledgeDistillation,42,7.173,0.0
Polarizability,KnowledgeDistillation,42,7.34,0.0
Polarizability,KnowledgeDistillation,42,7.507,0.0
Polarizability,KnowledgeDistillation,42,7.674,0.0
Polarizability,KnowledgeDistillation,42,7.841,0.0
Polarizability,KnowledgeDistillation,42,8.841,0.0
Polarizability,KnowledgeDistillation,42,9.008,0.0
Polarizability,KnowledgeDistillation,42,9.175,0.0
Polarizability,KnowledgeDistillation,42,9.342,0.0
Polarizability,KnowledgeDistillation,42,9.509,0.0
Polarizability,KnowledgeDistillation,42,9.676,0.0
Polarizability,KnowledgeDistillation,42,10.676,0.0
Polarizability,KnowledgeDistillation,42,10.843,0.0
Polarizability,KnowledgeDistillation,42,11.01,0.0
Polarizability,KnowledgeDistillation,42,11.177,0.0
Polarizability,KnowledgeDistillation,42,11.344,0.0
Polarizability,KnowledgeDistillation,42,11.511,0.0
Polarizability,KnowledgeDistillation,42,12.511,0.0
Polarizability,KnowledgeDistillation,42,12.678,0.0
Polarizability,KnowledgeDistillation,42,12.845,0.0
Polarizability,KnowledgeDistillation,42,13.012,0.0
Polarizability,KnowledgeDistillation,42,13.179,0.0
Polarizability,KnowledgeDistillation,42,13.346,0.0
Polarizability,KnowledgeDistillation,42,14.346,0.0
Polarizability,KnowledgeDistillation,42,14.513,0.0
Polarizability,KnowledgeDistillation,42,14.68,0.0
Polarizability,KnowledgeDistillation,42,14.847,0.0
Polarizability,KnowledgeDistillation,42,15.014,0.0
Polarizability,KnowledgeDistillation,42,15.181,0.0
Polarizability,KnowledgeDistillation,42,16.181,0.0
Polarizability,KnowledgeDistillation,42,16.348,0.0
Polarizability,KnowledgeDistillation,42,16.515,0.0
Polarizability,KnowledgeDistillation,42,16.682,0.0
Polarizability,KnowledgeDistillation,42,16.849,0.0
Polarizability,KnowledgeDistillation,42,17.016,0.0
Polarizability,KnowledgeDistillation,42,18.016,0.0
Polarizability,KnowledgeDistillation,42,18.183,0.0
Polarizability,KnowledgeDistillation,42,18.35,0.0
Polarizability,KnowledgeDistillation,42,18.517,0.0
Polarizability,KnowledgeDistillation,42,18.684,0.0
Polarizability,KnowledgeDistillation,42,18.851,0.0
Polarizability,KnowledgeDistillation,42,19.851,0.0
Polarizability,KnowledgeDistillation,42,20.018,0.0
Polarizability,KnowledgeDistillation,42,20.185,0.0
Polarizability,KnowledgeDistillation,42,20.352,0.0
Polarizability,KnowledgeDistillation,42,20.519,0.0
Polarizability,KnowledgeDistillation,42,20.686,0.0
Polarizability,KnowledgeDistillation,42,21.686,0.0
Polarizability,KnowledgeDistillation,42,21.853,0.0
Polarizability,KnowledgeDistillation,42,22.02,0.0
Polarizability,KnowledgeDistillation,42,22.187,0.0
Polarizability,KnowledgeDistillation,42,22.354,0.0
Polarizability,KnowledgeDistillation,42,22.521,0.0
Polarizability,KnowledgeDistillation,42,23.521,0.0
Polarizability,KnowledgeDistillation,42,23.688,0.0
Polarizability,KnowledgeDistillation,42,23.855,0.0
Polarizability,KnowledgeDistillation,42,24.022,0.0
Polarizability,KnowledgeDistillation,42,24.189,0.0
Polarizability,KnowledgeDistillation,42,24.356,0.0
Polarizability,KnowledgeDistillation,42,25.356,0.0
Polarizability,KnowledgeDistillation,42,25.523,0.0
Polarizability,KnowledgeDistillation,42,25.69,0.0
Polarizability,KnowledgeDistillation,42,25.857,0.0
Polarizability,KnowledgeDistillation,42,26.024,0.0
Polarizability,KnowledgeDistillation,42,26.191,0.0
Polarizability,KnowledgeDistillation,42,27.191,0.0
Polarizability,KnowledgeDistillation,42,27.358,0.0
Polarizability,KnowledgeDistillation,42,27.525,0.0
Polarizability,KnowledgeDistillation,42,27.692,0.0
Polarizability,KnowledgeDistillation,42,27.859,0.0
Polarizability,KnowledgeDistillation,42,28.026,0.0
Polarizability,KnowledgeDistillation,42,29.026,0.0
Polarizability,KnowledgeDistillation,42,29.193,0.0
Polarizability,KnowledgeDistillation,42,29.36,0.0
Polarizability,KnowledgeDistillation,42,29.527,0.0
Polarizability,KnowledgeDistillation,42,29.694,0.0
Polarizability,KnowledgeDistillation,42,29.861,0.0
Polarizability,KnowledgeDistillation,43,3.336,0.8554987212276215
Polarizability,KnowledgeDistillation,43,3.503,0.8554987212276215
Polarizability,KnowledgeDistillation,43,3.67,0.8554987212276215
Polarizability,KnowledgeDistillation,43,3.837,0.8554987212276215
Polarizability,KnowledgeDistillation,43,4.004,0.8554987212276215
Polarizability,KnowledgeDistillation,43,4.171,0.8554987212276215
Polarizability,KnowledgeDistillation,43,5.171,0.0
Polarizability,KnowledgeDistillation,43,5.338,0.0
Polarizability,KnowledgeDistillation,43,5.505,0.0
Polarizability,KnowledgeDistillation,43,5.672,0.0
Polarizability,KnowledgeDistillation,43,5.839,0.0
Polarizability,KnowledgeDistillation,43,6.006,0.0
Polarizability,KnowledgeDistillation,43,7.006,0.0
Polarizability,KnowledgeDistillation,43,7.173,0.0
Polarizability,KnowledgeDistillation,43,7.34,0.0
Polarizability,KnowledgeDistillation,43,7.507,0.0
Polarizability,KnowledgeDistillation,43,7.674,0.0
Polarizability,KnowledgeDistillation,43,7.841,0.0
Polarizability,KnowledgeDistillation,43,8.841,0.0
Polarizability,KnowledgeDistillation,43,9.008,0.0
Polarizability,KnowledgeDistillation,43,9.175,0.0
Polarizability,KnowledgeDistillation,43,9.342,0.0
Polarizability,KnowledgeDistillation,43,9.509,0.0
Polarizability,KnowledgeDistillation,43,9.676,0.0
Polarizability,KnowledgeDistillation,43,10.676,0.0
Polarizability,KnowledgeDistillation,43,10.843,0.0
Polarizability,KnowledgeDistillation,43,11.01,0.0
Polarizability,KnowledgeDistillation,43,11.177,0.0
Polarizability,KnowledgeDistillation,43,11.344,0.0
Polarizability,KnowledgeDistillation,43,11.511,0.0
Polarizability,KnowledgeDistillation,43,12.511,0.0
Polarizability,KnowledgeDistillation,43,12.678,0.0
Polarizability,KnowledgeDistillation,43,12.845,0.0
Polarizability,KnowledgeDistillation,43,13.012,0.0
Polarizability,KnowledgeDistillation,43,13.179,0.0
Polarizability,KnowledgeDistillation,43,13.346,0.0
Polarizability,KnowledgeDistillation,43,14.346,0.0
Polarizability,KnowledgeDistillation,43,14.513,0.0
Polarizability,KnowledgeDistillation,43,14.68,0.0
Polarizability,KnowledgeDistillation,43,14.847,0.0
Polarizability,KnowledgeDistillation,43,15.014,0.0
Polarizability,KnowledgeDistillation,43,15.181,0.0
Polarizability,KnowledgeDistillation,43,16.181,0.0
Polarizability,KnowledgeDistillation,43,16.348,0.0
Polarizability,KnowledgeDistillation,43,16.515,0.0
Polarizability,KnowledgeDistillation,43,16.682,0.0
Polarizability,KnowledgeDistillation,43,16.849,0.0
Polarizability,KnowledgeDistillation,43,17.016,0.0
Polarizability,KnowledgeDistillation,43,18.016,0.0
Polarizability,KnowledgeDistillation,43,18.183,0.0
Polarizability,KnowledgeDistillation,43,18.35,0.0
Polarizability,KnowledgeDistillation,43,18.517,0.0
Polarizability,KnowledgeDistillation,43,18.684,0.0
Polarizability,KnowledgeDistillation,43,18.851,0.0
Polarizability,KnowledgeDistillation,43,19.851,0.0
Polarizability,KnowledgeDistillation,43,20.018,0.0
Polarizability,KnowledgeDistillation,43,20.185,0.0
Polarizability,KnowledgeDistillation,43,20.352,0.0
Polarizability,KnowledgeDistillation,43,20.519,0.0
Polarizability,KnowledgeDistillation,43,20.686,0.0
Polarizability,KnowledgeDistillation,43,21.686,0.0
Polarizability,KnowledgeDistillation,43,21.853,0.0
Polarizability,KnowledgeDistillation,43,22.02,0.0
Polarizability,KnowledgeDistillation,43,22.187,0.0
Polarizability,KnowledgeDistillation,43,22.354,0.0
Polarizability,KnowledgeDistillation,43,22.521,0.0
Polarizability,KnowledgeDistillation,43,23.521,0.0
Polarizability,KnowledgeDistillation,43,23.688,0.0
Polarizability,KnowledgeDistillation,43,23.855,0.0
Polarizability,KnowledgeDistillation,43,24.022,0.0
Polarizability,KnowledgeDistillation,43,24.189,0.0
Polarizability,KnowledgeDistillation,43,24.356,0.0
Polarizability,KnowledgeDistillation,43,25.356,0.0
Polarizability,KnowledgeDistillation,43,25.523,0.0
Polarizability,KnowledgeDistillation,43,25.69,0.0
Polarizability,KnowledgeDistillation,43,25.857,0.0
Polarizability,KnowledgeDistillation,43,26.024,0.0
Polarizability,KnowledgeDistillation,43,26.191,0.0
Polarizability,KnowledgeDistillation,43,27.191,0.0
Polarizability,KnowledgeDistillation,43,27.358,0.0
Polarizability,KnowledgeDistillation,43,27.525,0.0
Polarizability,KnowledgeDistillation,43,27.692,0.0
Polarizability,KnowledgeDistillation,43,27.859,0.0
Polarizability,KnowledgeDistillation,43,28.026,0.0
Polarizability,KnowledgeDistillation,43,29.026,0.0
Polarizability,KnowledgeDistillation,43,29.193,0.0
Polarizability,KnowledgeDistillation,43,29.36,0.0
Polarizability,KnowledgeDistillation,43,29.527,0.0
Polarizability,KnowledgeDistillation,43,29.694,0.0
Polarizability,KnowledgeDistillation,43,29.861,0.0
Polarizability,KnowledgeDistillation,44,3.336,0.1528132992327365
Polarizability,KnowledgeDistillation,44,3.503,0.1528132992327365
Polarizability,KnowledgeDistillation,44,3.67,0.1528132992327365
Polarizability,KnowledgeDistillation,44,3.837,0.1528132992327365
Polarizability,KnowledgeDistillation,44,4.004,0.1528132992327365
Polarizability,KnowledgeDistillation,44,4.171,0.1528132992327365
Polarizability,KnowledgeDistillation,44,5.171,0.0
Polarizability,KnowledgeDistillation,44,5.338,0.0
Polarizability,KnowledgeDistillation,44,5.505,0.0
Polarizability,KnowledgeDistillation,44,5.672,0.0
Polarizability,KnowledgeDistillation,44,5.839,0.0
Polarizability,KnowledgeDistillation,44,6.006,0.0
Polarizability,KnowledgeDistillation,44,7.006,0.0
Polarizability,KnowledgeDistillation,44,7.173,0.0
Polarizability,KnowledgeDistillation,44,7.34,0.0
Polarizability,KnowledgeDistillation,44,7.507,0.0
Polarizability,KnowledgeDistillation,44,7.674,0.0
Polarizability,KnowledgeDistillation,44,7.841,0.0
Polarizability,KnowledgeDistillation,44,8.841,0.0
Polarizability,KnowledgeDistillation,44,9.008,0.0
Polarizability,KnowledgeDistillation,44,9.175,0.0
Polarizability,KnowledgeDistillation,44,9.342,0.0
Polarizability,KnowledgeDistillation,44,9.509,0.0
Polarizability,KnowledgeDistillation,44,9.676,0.0
Polarizability,KnowledgeDistillation,44,10.676,0.0
Polarizability,KnowledgeDistillation,44,10.843,0.0
Polarizability,KnowledgeDistillation,44,11.01,0.0
Polarizability,KnowledgeDistillation,44,11.177,0.0
Polarizability,KnowledgeDistillation,44,11.344,0.0
Polarizability,KnowledgeDistillation,44,11.511,0.0
Polarizability,KnowledgeDistillation,44,12.511,0.0
Polarizability,KnowledgeDistillation,44,12.678,0.0
Polarizability,KnowledgeDistillation,44,12.845,0.0
Polarizability,KnowledgeDistillation,44,13.012,0.0
Polarizability,KnowledgeDistillation,44,13.179,0.0
Polarizability,KnowledgeDistillation,44,13.346,0.0
Polarizability,KnowledgeDistillation,44,14.346,0.0
Polarizability,KnowledgeDistillation,44,14.513,0.0
Polarizability,KnowledgeDistillation,44,14.68,0.0
Polarizability,KnowledgeDistillation,44,14.847,0.0
Polarizability,KnowledgeDistillation,44,15.014,0.0
Polarizability,KnowledgeDistillation,44,15.181,0.0
Polarizability,KnowledgeDistillation,44,16.181,0.0
Polarizability,KnowledgeDistillation,44,16.348,0.0
Polarizability,KnowledgeDistillation,44,16.515,0.0
Polarizability,KnowledgeDistillation,44,16.682,0.0
Polarizability,KnowledgeDistillation,44,16.849,0.0
Polarizability,KnowledgeDistillation,44,17.016,0.0
Polarizability,KnowledgeDistillation,44,18.016,0.0
Polarizability,KnowledgeDistillation,44,18.183,0.0
Polarizability,KnowledgeDistillation,44,18.35,0.0
Polarizability,KnowledgeDistillation,44,18.517,0.0
Polarizability,KnowledgeDistillation,44,18.684,0.0
Polarizability,KnowledgeDistillation,44,18.851,0.0
Polarizability,KnowledgeDistillation,44,19.851,0.0
Polarizability,KnowledgeDistillation,44,20.018,0.0
Polarizability,KnowledgeDistillation,44,20.185,0.0
Polarizability,KnowledgeDistillation,44,20.352,0.0
Polarizability,KnowledgeDistillation,44,20.519,0.0
Polarizability,KnowledgeDistillation,44,20.686,0.0
Polarizability,KnowledgeDistillation,44,21.686,0.0
Polarizability,KnowledgeDistillation,44,21.853,0.0
Polarizability,KnowledgeDistillation,44,22.02,0.0
Polarizability,KnowledgeDistillation,44,22.187,0.0
Polarizability,KnowledgeDistillation,44,22.354,0.0
Polarizability,KnowledgeDistillation,44,22.521,0.0
Polarizability,KnowledgeDistillation,44,23.521,0.0
Polarizability,KnowledgeDistillation,44,23.688,0.0
Polarizability,KnowledgeDistillation,44,23.855,0.0
Polarizability,KnowledgeDistillation,44,24.022,0.0
Polarizability,KnowledgeDistillation,44,24.189,0.0
Polarizability,KnowledgeDistillation,44,24.356,0.0
Polarizability,KnowledgeDistillation,44,25.356,0.0
Polarizability,KnowledgeDistillation,44,25.523,0.0
Polarizability,KnowledgeDistillation,44,25.69,0.0
Polarizability,KnowledgeDistillation,44,25.857,0.0
Polarizability,KnowledgeDistillation,44,26.024,0.0
Polarizability,KnowledgeDistillation,44,26.191,0.0
Polarizability,KnowledgeDistillation,44,27.191,0.0
Polarizability,KnowledgeDistillation,44,27.358,0.0
Polarizability,KnowledgeDistillation,44,27.525,0.0
Polarizability,KnowledgeDistillation,44,27.692,0.0
Polarizability,KnowledgeDistillation,44,27.859,0.0
Polarizability,KnowledgeDistillation,44,28.026,0.0
Polarizability,KnowledgeDistillation,44,29.026,0.0
Polarizability,KnowledgeDistillation,44,29.193,0.0
Polarizability,KnowledgeDistillation,44,29.36,0.0
Polarizability,KnowledgeDistillation,44,29.527,0.0
Polarizability,KnowledgeDistillation,44,29.694,0.0
Polarizability,KnowledgeDistillation,44,29.861,0.0
Polarizability,KnowledgeDistillation,45,3.336,0.4635549872122763
Polarizability,KnowledgeDistillation,45,3.503,0.4635549872122763
Polarizability,KnowledgeDistillation,45,3.67,0.4635549872122763
Polarizability,KnowledgeDistillation,45,3.837,0.4635549872122763
Polarizability,KnowledgeDistillation,45,4.004,0.4635549872122763
Polarizability,KnowledgeDistillation,45,4.171,0.4635549872122763
Polarizability,KnowledgeDistillation,45,5.171,0.0
Polarizability,KnowledgeDistillation,45,5.338,0.0
Polarizability,KnowledgeDistillation,45,5.505,0.0
Polarizability,KnowledgeDistillation,45,5.672,0.0
Polarizability,KnowledgeDistillation,45,5.839,0.0
Polarizability,KnowledgeDistillation,45,6.006,0.0
Polarizability,KnowledgeDistillation,45,7.006,0.0
Polarizability,KnowledgeDistillation,45,7.173,0.0
Polarizability,KnowledgeDistillation,45,7.34,0.0
Polarizability,KnowledgeDistillation,45,7.507,0.0
Polarizability,KnowledgeDistillation,45,7.674,0.0
Polarizability,KnowledgeDistillation,45,7.841,0.0
Polarizability,KnowledgeDistillation,45,8.841,0.0
Polarizability,KnowledgeDistillation,45,9.008,0.0
Polarizability,KnowledgeDistillation,45,9.175,0.0
Polarizability,KnowledgeDistillation,45,9.342,0.0
Polarizability,KnowledgeDistillation,45,9.509,0.0
Polarizability,KnowledgeDistillation,45,9.676,0.0
Polarizability,KnowledgeDistillation,45,10.676,0.0
Polarizability,KnowledgeDistillation,45,10.843,0.0
Polarizability,KnowledgeDistillation,45,11.01,0.0
Polarizability,KnowledgeDistillation,45,11.177,0.0
Polarizability,KnowledgeDistillation,45,11.344,0.0
Polarizability,KnowledgeDistillation,45,11.511,0.0
Polarizability,KnowledgeDistillation,45,12.511,0.0
Polarizability,KnowledgeDistillation,45,12.678,0.0
Polarizability,KnowledgeDistillation,45,12.845,0.0
Polarizability,KnowledgeDistillation,45,13.012,0.0
Polarizability,KnowledgeDistillation,45,13.179,0.0
Polarizability,KnowledgeDistillation,45,13.346,0.0
Polarizability,KnowledgeDistillation,45,14.346,0.0
Polarizability,KnowledgeDistillation,45,14.513,0.0
Polarizability,KnowledgeDistillation,45,14.68,0.0
Polarizability,KnowledgeDistillation,45,14.847,0.0
Polarizability,KnowledgeDistillation,45,15.014,0.0
Polarizability,KnowledgeDistillation,45,15.181,0.0
Polarizability,KnowledgeDistillation,45,16.181,0.0
Polarizability,KnowledgeDistillation,45,16.348,0.0
Polarizability,KnowledgeDistillation,45,16.515,0.0
Polarizability,KnowledgeDistillation,45,16.682,0.0
Polarizability,KnowledgeDistillation,45,16.849,0.0
Polarizability,KnowledgeDistillation,45,17.016,0.0
Polarizability,KnowledgeDistillation,45,18.016,0.0
Polarizability,KnowledgeDistillation,45,18.183,0.0
Polarizability,KnowledgeDistillation,45,18.35,0.0
Polarizability,KnowledgeDistillation,45,18.517,0.0
Polarizability,KnowledgeDistillation,45,18.684,0.0
Polarizability,KnowledgeDistillation,45,18.851,0.0
Polarizability,KnowledgeDistillation,45,19.851,0.0
Polarizability,KnowledgeDistillation,45,20.018,0.0
Polarizability,KnowledgeDistillation,45,20.185,0.0
Polarizability,KnowledgeDistillation,45,20.352,0.0
Polarizability,KnowledgeDistillation,45,20.519,0.0
Polarizability,KnowledgeDistillation,45,20.686,0.0
Polarizability,KnowledgeDistillation,45,21.686,0.0
Polarizability,KnowledgeDistillation,45,21.853,0.0
Polarizability,KnowledgeDistillation,45,22.02,0.0
Polarizability,KnowledgeDistillation,45,22.187,0.0
Polarizability,KnowledgeDistillation,45,22.354,0.0
Polarizability,KnowledgeDistillation,45,22.521,0.0
Polarizability,KnowledgeDistillation,45,23.521,0.0
Polarizability,KnowledgeDistillation,45,23.688,0.0
Polarizability,KnowledgeDistillation,45,23.855,0.0
Polarizability,KnowledgeDistillation,45,24.022,0.0
Polarizability,KnowledgeDistillation,45,24.189,0.0
Polarizability,KnowledgeDistillation,45,24.356,0.0
Polarizability,KnowledgeDistillation,45,25.356,0.0
Polarizability,KnowledgeDistillation,45,25.523,0.0
Polarizability,KnowledgeDistillation,45,25.69,0.0
Polarizability,KnowledgeDistillation,45,25.857,0.0
Polarizability,KnowledgeDistillation,45,26.024,0.0
Polarizability,KnowledgeDistillation,45,26.191,0.0
Polarizability,KnowledgeDistillation,45,27.191,0.0
Polarizability,KnowledgeDistillation,45,27.358,0.0
Polarizability,KnowledgeDistillation,45,27.525,0.0
Polarizability,KnowledgeDistillation,45,27.692,0.0
Polarizability,KnowledgeDistillation,45,27.859,0.0
Polarizability,KnowledgeDistillation,45,28.026,0.0
Polarizability,KnowledgeDistillation,45,29.026,0.0
Polarizability,KnowledgeDistillation,45,29.193,0.0
Polarizability,KnowledgeDistillation,45,29.36,0.0
Polarizability,KnowledgeDistillation,45,29.527,0.0
Polarizability,KnowledgeDistillation,45,29.694,0.0
Polarizability,KnowledgeDistillation,45,29.861,0.0
Polarizability,KnowledgeDistillation,46,3.336,0.0
Polarizability,KnowledgeDistillation,46,3.503,0.0
Polarizability,KnowledgeDistillation,46,3.67,0.0
Polarizability,KnowledgeDistillation,46,3.837,0.0
Polarizability,KnowledgeDistillation,46,4.004,0.0
Polarizability,KnowledgeDistillation,46,4.171,0.0
Polarizability,KnowledgeDistillation,46,5.171,0.0
Polarizability,KnowledgeDistillation,46,5.338,0.0
Polarizability,KnowledgeDistillation,46,5.505,0.0
Polarizability,KnowledgeDistillation,46,5.672,0.0
Polarizability,KnowledgeDistillation,46,5.839,0.0
Polarizability,KnowledgeDistillation,46,6.006,0.0
Polarizability,KnowledgeDistillation,46,7.006,0.0
Polarizability,KnowledgeDistillation,46,7.173,0.0
Polarizability,KnowledgeDistillation,46,7.34,0.0
Polarizability,KnowledgeDistillation,46,7.507,0.0
Polarizability,KnowledgeDistillation,46,7.674,0.0
Polarizability,KnowledgeDistillation,46,7.841,0.0
Polarizability,KnowledgeDistillation,46,8.841,0.0
Polarizability,KnowledgeDistillation,46,9.008,0.0
Polarizability,KnowledgeDistillation,46,9.175,0.0
Polarizability,KnowledgeDistillation,46,9.342,0.0
Polarizability,KnowledgeDistillation,46,9.509,0.0
Polarizability,KnowledgeDistillation,46,9.676,0.0
Polarizability,KnowledgeDistillation,46,10.676,0.0
Polarizability,KnowledgeDistillation,46,10.843,0.0
Polarizability,KnowledgeDistillation,46,11.01,0.0
Polarizability,KnowledgeDistillation,46,11.177,0.0
Polarizability,KnowledgeDistillation,46,11.344,0.0
Polarizability,KnowledgeDistillation,46,11.511,0.0
Polarizability,KnowledgeDistillation,46,12.511,0.0
Polarizability,KnowledgeDistillation,46,12.678,0.0
Polarizability,KnowledgeDistillation,46,12.845,0.0
Polarizability,KnowledgeDistillation,46,13.012,0.0
Polarizability,KnowledgeDistillation,46,13.179,0.0
Polarizability,KnowledgeDistillation,46,13.346,0.0
Polarizability,KnowledgeDistillation,46,14.346,0.0
Polarizability,KnowledgeDistillation,46,14.513,0.0
Polarizability,KnowledgeDistillation,46,14.68,0.0
Polarizability,KnowledgeDistillation,46,14.847,0.0
Polarizability,KnowledgeDistillation,46,15.014,0.0
Polarizability,KnowledgeDistillation,46,15.181,0.0
Polarizability,KnowledgeDistillation,46,16.181,0.0
Polarizability,KnowledgeDistillation,46,16.348,0.0
Polarizability,KnowledgeDistillation,46,16.515,0.0
Polarizability,KnowledgeDistillation,46,16.682,0.0
Polarizability,KnowledgeDistillation,46,16.849,0.0
Polarizability,KnowledgeDistillation,46,17.016,0.0
Polarizability,KnowledgeDistillation,46,18.016,0.0
Polarizability,KnowledgeDistillation,46,18.183,0.0
Polarizability,KnowledgeDistillation,46,18.35,0.0
Polarizability,KnowledgeDistillation,46,18.517,0.0
Polarizability,KnowledgeDistillation,46,18.684,0.0
Polarizability,KnowledgeDistillation,46,18.851,0.0
Polarizability,KnowledgeDistillation,46,19.851,0.0
Polarizability,KnowledgeDistillation,46,20.018,0.0
Polarizability,KnowledgeDistillation,46,20.185,0.0
Polarizability,KnowledgeDistillation,46,20.352,0.0
Polarizability,KnowledgeDistillation,46,20.519,0.0
Polarizability,KnowledgeDistillation,46,20.686,0.0
Polarizability,KnowledgeDistillation,46,21.686,0.0
Polarizability,KnowledgeDistillation,46,21.853,0.0
Polarizability,KnowledgeDistillation,46,22.02,0.0
Polarizability,KnowledgeDistillation,46,22.187,0.0
Polarizability,KnowledgeDistillation,46,22.354,0.0
Polarizability,KnowledgeDistillation,46,22.521,0.0
Polarizability,KnowledgeDistillation,46,23.521,0.0
Polarizability,KnowledgeDistillation,46,23.688,0.0
Polarizability,KnowledgeDistillation,46,23.855,0.0
Polarizability,KnowledgeDistillation,46,24.022,0.0
Polarizability,KnowledgeDistillation,46,24.189,0.0
Polarizability,KnowledgeDistillation,46,24.356,0.0
Polarizability,KnowledgeDistillation,46,25.356,0.0
Polarizability,KnowledgeDistillation,46,25.523,0.0
Polarizability,KnowledgeDistillation,46,25.69,0.0
Polarizability,KnowledgeDistillation,46,25.857,0.0
Polarizability,KnowledgeDistillation,46,26.024,0.0
Polarizability,KnowledgeDistillation,46,26.191,0.0
Polarizability,KnowledgeDistillation,46,27.191,0.0
Polarizability,KnowledgeDistillation,46,27.358,0.0
Polarizability,KnowledgeDistillation,46,27.525,0.0
Polarizability,KnowledgeDistillation,46,27.692,0.0
Polarizability,KnowledgeDistillation,46,27.859,0.0
Polarizability,KnowledgeDistillation,46,28.026,0.0
Polarizability,KnowledgeDistillation,46,29.026,0.0
Polarizability,KnowledgeDistillation,46,29.193,0.0
Polarizability,KnowledgeDistillation,46,29.36,0.0
Polarizability,KnowledgeDistillation,46,29.527,0.0
Polarizability,KnowledgeDistillation,46,29.694,0.0
Polarizability,KnowledgeDistillation,46,29.861,0.0
Polarizability,KnowledgeDistillation,47,3.336,0.5505115089514068
Polarizability,KnowledgeDistillation,47,3.503,0.5505115089514068
Polarizability,KnowledgeDistillation,47,3.67,0.5505115089514068
Polarizability,KnowledgeDistillation,47,3.837,0.5505115089514068
Polarizability,KnowledgeDistillation,47,4.004,0.5505115089514068
Polarizability,KnowledgeDistillation,47,4.171,0.5505115089514068
Polarizability,KnowledgeDistillation,47,5.171,0.0
Polarizability,KnowledgeDistillation,47,5.338,0.0
Polarizability,KnowledgeDistillation,47,5.505,0.0
Polarizability,KnowledgeDistillation,47,5.672,0.0
Polarizability,KnowledgeDistillation,47,5.839,0.0
Polarizability,KnowledgeDistillation,47,6.006,0.0
Polarizability,KnowledgeDistillation,47,7.006,0.0
Polarizability,KnowledgeDistillation,47,7.173,0.0
Polarizability,KnowledgeDistillation,47,7.34,0.0
Polarizability,KnowledgeDistillation,47,7.507,0.0
Polarizability,KnowledgeDistillation,47,7.674,0.0
Polarizability,KnowledgeDistillation,47,7.841,0.0
Polarizability,KnowledgeDistillation,47,8.841,0.0
Polarizability,KnowledgeDistillation,47,9.008,0.0
Polarizability,KnowledgeDistillation,47,9.175,0.0
Polarizability,KnowledgeDistillation,47,9.342,0.0
Polarizability,KnowledgeDistillation,47,9.509,0.0
Polarizability,KnowledgeDistillation,47,9.676,0.0
Polarizability,KnowledgeDistillation,47,10.676,0.0
Polarizability,KnowledgeDistillation,47,10.843,0.0
Polarizability,KnowledgeDistillation,47,11.01,0.0
Polarizability,KnowledgeDistillation,47,11.177,0.0
Polarizability,KnowledgeDistillation,47,11.344,0.0
Polarizability,KnowledgeDistillation,47,11.511,0.0
Polarizability,KnowledgeDistillation,47,12.511,0.0
Polarizability,KnowledgeDistillation,47,12.678,0.0
Polarizability,KnowledgeDistillation,47,12.845,0.0
Polarizability,KnowledgeDistillation,47,13.012,0.0
Polarizability,KnowledgeDistillation,47,13.179,0.0
Polarizability,KnowledgeDistillation,47,13.346,0.0
Polarizability,KnowledgeDistillation,47,14.346,0.0
Polarizability,KnowledgeDistillation,47,14.513,0.0
Polarizability,KnowledgeDistillation,47,14.68,0.0
Polarizability,KnowledgeDistillation,47,14.847,0.0
Polarizability,KnowledgeDistillation,47,15.014,0.0
Polarizability,KnowledgeDistillation,47,15.181,0.0
Polarizability,KnowledgeDistillation,47,16.181,0.0
Polarizability,KnowledgeDistillation,47,16.348,0.0
Polarizability,KnowledgeDistillation,47,16.515,0.0
Polarizability,KnowledgeDistillation,47,16.682,0.0
Polarizability,KnowledgeDistillation,47,16.849,0.0
Polarizability,KnowledgeDistillation,47,17.016,0.0
Polarizability,KnowledgeDistillation,47,18.016,0.0
Polarizability,KnowledgeDistillation,47,18.183,0.0
Polarizability,KnowledgeDistillation,47,18.35,0.0
Polarizability,KnowledgeDistillation,47,18.517,0.0
Polarizability,KnowledgeDistillation,47,18.684,0.0
Polarizability,KnowledgeDistillation,47,18.851,0.0
Polarizability,KnowledgeDistillation,47,19.851,0.0
Polarizability,KnowledgeDistillation,47,20.018,0.0
Polarizability,KnowledgeDistillation,47,20.185,0.0
Polarizability,KnowledgeDistillation,47,20.352,0.0
Polarizability,KnowledgeDistillation,47,20.519,0.0
Polarizability,KnowledgeDistillation,47,20.686,0.0
Polarizability,KnowledgeDistillation,47,21.686,0.0
Polarizability,KnowledgeDistillation,47,21.853,0.0
Polarizability,KnowledgeDistillation,47,22.02,0.0
Polarizability,KnowledgeDistillation,47,22.187,0.0
Polarizability,KnowledgeDistillation,47,22.354,0.0
Polarizability,KnowledgeDistillation,47,22.521,0.0
Polarizability,KnowledgeDistillation,47,23.521,0.0
Polarizability,KnowledgeDistillation,47,23.688,0.0
Polarizability,KnowledgeDistillation,47,23.855,0.0
Polarizability,KnowledgeDistillation,47,24.022,0.0
Polarizability,KnowledgeDistillation,47,24.189,0.0
Polarizability,KnowledgeDistillation,47,24.356,0.0
Polarizability,KnowledgeDistillation,47,25.356,0.0
Polarizability,KnowledgeDistillation,47,25.523,0.0
Polarizability,KnowledgeDistillation,47,25.69,0.0
Polarizability,KnowledgeDistillation,47,25.857,0.0
Polarizability,KnowledgeDistillation,47,26.024,0.0
Polarizability,KnowledgeDistillation,47,26.191,0.0
Polarizability,KnowledgeDistillation,47,27.191,0.0
Polarizability,KnowledgeDistillation,47,27.358,0.0
Polarizability,KnowledgeDistillation,47,27.525,0.0
Polarizability,KnowledgeDistillation,47,27.692,0.0
Polarizability,KnowledgeDistillation,47,27.859,0.0
Polarizability,KnowledgeDistillation,47,28.026,0.0
Polarizability,KnowledgeDistillation,47,29.026,0.0
Polarizability,KnowledgeDistillation,47,29.193,0.0
Polarizability,KnowledgeDistillation,47,29.36,0.0
Polarizability,KnowledgeDistillation,47,29.527,0.0
Polarizability,KnowledgeDistillation,47,29.694,0.0
Polarizability,KnowledgeDistillation,47,29.861,0.0
Polarizability,KnowledgeDistillation,48,3.336,0.0
Polarizability,KnowledgeDistillation,48,3.503,0.0
Polarizability,KnowledgeDistillation,48,3.67,0.0
Polarizability,KnowledgeDistillation,48,3.837,0.0
Polarizability,KnowledgeDistillation,48,4.004,0.0
Polarizability,KnowledgeDistillation,48,4.171,0.0
Polarizability,KnowledgeDistillation,48,5.171,0.0
Polarizability,KnowledgeDistillation,48,5.338,0.0
Polarizability,KnowledgeDistillation,48,5.505,0.0
Polarizability,KnowledgeDistillation,48,5.672,0.0
Polarizability,KnowledgeDistillation,48,5.839,0.0
Polarizability,KnowledgeDistillation,48,6.006,0.0
Polarizability,KnowledgeDistillation,48,7.006,0.0
Polarizability,KnowledgeDistillation,48,7.173,0.0
Polarizability,KnowledgeDistillation,48,7.34,0.0
Polarizability,KnowledgeDistillation,48,7.507,0.0
Polarizability,KnowledgeDistillation,48,7.674,0.0
Polarizability,KnowledgeDistillation,48,7.841,0.0
Polarizability,KnowledgeDistillation,48,8.841,0.0
Polarizability,KnowledgeDistillation,48,9.008,0.0
Polarizability,KnowledgeDistillation,48,9.175,0.0
Polarizability,KnowledgeDistillation,48,9.342,0.0
Polarizability,KnowledgeDistillation,48,9.509,0.0
Polarizability,KnowledgeDistillation,48,9.676,0.0
Polarizability,KnowledgeDistillation,48,10.676,0.0
Polarizability,KnowledgeDistillation,48,10.843,0.0
Polarizability,KnowledgeDistillation,48,11.01,0.0
Polarizability,KnowledgeDistillation,48,11.177,0.0
Polarizability,KnowledgeDistillation,48,11.344,0.0
Polarizability,KnowledgeDistillation,48,11.511,0.0
Polarizability,KnowledgeDistillation,48,12.511,0.0
Polarizability,KnowledgeDistillation,48,12.678,0.0
Polarizability,KnowledgeDistillation,48,12.845,0.0
Polarizability,KnowledgeDistillation,48,13.012,0.0
Polarizability,KnowledgeDistillation,48,13.179,0.0
Polarizability,KnowledgeDistillation,48,13.346,0.0
Polarizability,KnowledgeDistillation,48,14.346,0.0
Polarizability,KnowledgeDistillation,48,14.513,0.0
Polarizability,KnowledgeDistillation,48,14.68,0.0
Polarizability,KnowledgeDistillation,48,14.847,0.0
Polarizability,KnowledgeDistillation,48,15.014,0.0
Polarizability,KnowledgeDistillation,48,15.181,0.0
Polarizability,KnowledgeDistillation,48,16.181,0.0
Polarizability,KnowledgeDistillation,48,16.348,0.0
Polarizability,KnowledgeDistillation,48,16.515,0.0
Polarizability,KnowledgeDistillation,48,16.682,0.0
Polarizability,KnowledgeDistillation,48,16.849,0.0
Polarizability,KnowledgeDistillation,48,17.016,0.0
Polarizability,KnowledgeDistillation,48,18.016,0.0
Polarizability,KnowledgeDistillation,48,18.183,0.0
Polarizability,KnowledgeDistillation,48,18.35,0.0
Polarizability,KnowledgeDistillation,48,18.517,0.0
Polarizability,KnowledgeDistillation,48,18.684,0.0
Polarizability,KnowledgeDistillation,48,18.851,0.0
Polarizability,KnowledgeDistillation,48,19.851,0.0
Polarizability,KnowledgeDistillation,48,20.018,0.0
Polarizability,KnowledgeDistillation,48,20.185,0.0
Polarizability,KnowledgeDistillation,48,20.352,0.0
Polarizability,KnowledgeDistillation,48,20.519,0.0
Polarizability,KnowledgeDistillation,48,20.686,0.0
Polarizability,KnowledgeDistillation,48,21.686,0.0
Polarizability,KnowledgeDistillation,48,21.853,0.0
Polarizability,KnowledgeDistillation,48,22.02,0.0
Polarizability,KnowledgeDistillation,48,22.187,0.0
Polarizability,KnowledgeDistillation,48,22.354,0.0
Polarizability,KnowledgeDistillation,48,22.521,0.0
Polarizability,KnowledgeDistillation,48,23.521,0.0
Polarizability,KnowledgeDistillation,48,23.688,0.0
Polarizability,KnowledgeDistillation,48,23.855,0.0
Polarizability,KnowledgeDistillation,48,24.022,0.0
Polarizability,KnowledgeDistillation,48,24.189,0.0
Polarizability,KnowledgeDistillation,48,24.356,0.0
Polarizability,KnowledgeDistillation,48,25.356,0.0
Polarizability,KnowledgeDistillation,48,25.523,0.0
Polarizability,KnowledgeDistillation,48,25.69,0.0
Polarizability,KnowledgeDistillation,48,25.857,0.0
Polarizability,KnowledgeDistillation,48,26.024,0.0
Polarizability,KnowledgeDistillation,48,26.191,0.0
Polarizability,KnowledgeDistillation,48,27.191,0.0
Polarizability,KnowledgeDistillation,48,27.358,0.0
Polarizability,KnowledgeDistillation,48,27.525,0.0
Polarizability,KnowledgeDistillation,48,27.692,0.0
Polarizability,KnowledgeDistillation,48,27.859,0.0
Polarizability,KnowledgeDistillation,48,28.026,0.0
Polarizability,KnowledgeDistillation,48,29.026,0.0
Polarizability,KnowledgeDistillation,48,29.193,0.0
Polarizability,KnowledgeDistillation,48,29.36,0.0
Polarizability,KnowledgeDistillation,48,29.527,0.0
Polarizability,KnowledgeDistillation,48,29.694,0.0
Polarizability,KnowledgeDistillation,48,29.861,0.0
Polarizability,KnowledgeDistillation,49,3.336,0.5242966751918159
Polarizability,KnowledgeDistillation,49,3.503,0.5242966751918159
Polarizability,KnowledgeDistillation,49,3.67,0.5242966751918159
Polarizability,KnowledgeDistillation,49,3.837,0.5242966751918159
Polarizability,KnowledgeDistillation,49,4.004,0.5242966751918159
Polarizability,KnowledgeDistillation,49,4.171,0.5242966751918159
Polarizability,KnowledgeDistillation,49,5.171,0.0
Polarizability,KnowledgeDistillation,49,5.338,0.0
Polarizability,KnowledgeDistillation,49,5.505,0.0
Polarizability,KnowledgeDistillation,49,5.672,0.0
Polarizability,KnowledgeDistillation,49,5.839,0.0
Polarizability,KnowledgeDistillation,49,6.006,0.0
Polarizability,KnowledgeDistillation,49,7.006,0.0
Polarizability,KnowledgeDistillation,49,7.173,0.0
Polarizability,KnowledgeDistillation,49,7.34,0.0
Polarizability,KnowledgeDistillation,49,7.507,0.0
Polarizability,KnowledgeDistillation,49,7.674,0.0
Polarizability,KnowledgeDistillation,49,7.841,0.0
Polarizability,KnowledgeDistillation,49,8.841,0.0
Polarizability,KnowledgeDistillation,49,9.008,0.0
Polarizability,KnowledgeDistillation,49,9.175,0.0
Polarizability,KnowledgeDistillation,49,9.342,0.0
Polarizability,KnowledgeDistillation,49,9.509,0.0
Polarizability,KnowledgeDistillation,49,9.676,0.0
Polarizability,KnowledgeDistillation,49,10.676,0.0
Polarizability,KnowledgeDistillation,49,10.843,0.0
Polarizability,KnowledgeDistillation,49,11.01,0.0
Polarizability,KnowledgeDistillation,49,11.177,0.0
Polarizability,KnowledgeDistillation,49,11.344,0.0
Polarizability,KnowledgeDistillation,49,11.511,0.0
Polarizability,KnowledgeDistillation,49,12.511,0.0
Polarizability,KnowledgeDistillation,49,12.678,0.0
Polarizability,KnowledgeDistillation,49,12.845,0.0
Polarizability,KnowledgeDistillation,49,13.012,0.0
Polarizability,KnowledgeDistillation,49,13.179,0.0
Polarizability,KnowledgeDistillation,49,13.346,0.0
Polarizability,KnowledgeDistillation,49,14.346,0.0
Polarizability,KnowledgeDistillation,49,14.513,0.0
Polarizability,KnowledgeDistillation,49,14.68,0.0
Polarizability,KnowledgeDistillation,49,14.847,0.0
Polarizability,KnowledgeDistillation,49,15.014,0.0
Polarizability,KnowledgeDistillation,49,15.181,0.0
Polarizability,KnowledgeDistillation,49,16.181,0.0
Polarizability,KnowledgeDistillation,49,16.348,0.0
Polarizability,KnowledgeDistillation,49,16.515,0.0
Polarizability,KnowledgeDistillation,49,16.682,0.0
Polarizability,KnowledgeDistillation,49,16.849,0.0
Polarizability,KnowledgeDistillation,49,17.016,0.0
Polarizability,KnowledgeDistillation,49,18.016,0.0
Polarizability,KnowledgeDistillation,49,18.183,0.0
Polarizability,KnowledgeDistillation,49,18.35,0.0
Polarizability,KnowledgeDistillation,49,18.517,0.0
Polarizability,KnowledgeDistillation,49,18.684,0.0
Polarizability,KnowledgeDistillation,49,18.851,0.0
Polarizability,KnowledgeDistillation,49,19.851,0.0
Polarizability,KnowledgeDistillation,49,20.018,0.0
Polarizability,KnowledgeDistillation,49,20.185,0.0
Polarizability,KnowledgeDistillation,49,20.352,0.0
Polarizability,KnowledgeDistillation,49,20.519,0.0
Polarizability,KnowledgeDistillation,49,20.686,0.0
Polarizability,KnowledgeDistillation,49,21.686,0.0
Polarizability,KnowledgeDistillation,49,21.853,0.0
Polarizability,KnowledgeDistillation,49,22.02,0.0
Polarizability,KnowledgeDistillation,49,22.187,0.0
Polarizability,KnowledgeDistillation,49,22.354,0.0
Polarizability,KnowledgeDistillation,49,22.521,0.0
Polarizability,KnowledgeDistillation,49,23.521,0.0
Polarizability,KnowledgeDistillation,49,23.688,0.0
Polarizability,KnowledgeDistillation,49,23.855,0.0
Polarizability,KnowledgeDistillation,49,24.022,0.0
Polarizability,KnowledgeDistillation,49,24.189,0.0
Polarizability,KnowledgeDistillation,49,24.356,0.0
Polarizability,KnowledgeDistillation,49,25.356,0.0
Polarizability,KnowledgeDistillation,49,25.523,0.0
Polarizability,KnowledgeDistillation,49,25.69,0.0
Polarizability,KnowledgeDistillation,49,25.857,0.0
Polarizability,KnowledgeDistillation,49,26.024,0.0
Polarizability,KnowledgeDistillation,49,26.191,0.0
Polarizability,KnowledgeDistillation,49,27.191,0.0
Polarizability,KnowledgeDistillation,49,27.358,0.0
Polarizability,KnowledgeDistillation,49,27.525,0.0
Polarizability,KnowledgeDistillation,49,27.692,0.0
Polarizability,KnowledgeDistillation,49,27.859,0.0
Polarizability,KnowledgeDistillation,49,28.026,0.0
Polarizability,KnowledgeDistillation,49,29.026,0.0
Polarizability,KnowledgeDistillation,49,29.193,0.0
Polarizability,KnowledgeDistillation,49,29.36,0.0
Polarizability,KnowledgeDistillation,49,29.527,0.0
Polarizability,KnowledgeDistillation,49,29.694,0.0
Polarizability,KnowledgeDistillation,49,29.861,0.0
Polarizability,KnowledgeDistillation,50,3.336,0.5569053708439897
Polarizability,KnowledgeDistillation,50,3.503,0.5569053708439897
Polarizability,KnowledgeDistillation,50,3.67,0.5569053708439897
Polarizability,KnowledgeDistillation,50,3.837,0.5569053708439897
Polarizability,KnowledgeDistillation,50,4.004,0.5569053708439897
Polarizability,KnowledgeDistillation,50,4.171,0.5569053708439897
Polarizability,KnowledgeDistillation,50,5.171,0.0
Polarizability,KnowledgeDistillation,50,5.338,0.0
Polarizability,KnowledgeDistillation,50,5.505,0.0
Polarizability,KnowledgeDistillation,50,5.672,0.0
Polarizability,KnowledgeDistillation,50,5.839,0.0
Polarizability,KnowledgeDistillation,50,6.006,0.0
Polarizability,KnowledgeDistillation,50,7.006,0.0
Polarizability,KnowledgeDistillation,50,7.173,0.0
Polarizability,KnowledgeDistillation,50,7.34,0.0
Polarizability,KnowledgeDistillation,50,7.507,0.0
Polarizability,KnowledgeDistillation,50,7.674,0.0
Polarizability,KnowledgeDistillation,50,7.841,0.0
Polarizability,KnowledgeDistillation,50,8.841,0.0
Polarizability,KnowledgeDistillation,50,9.008,0.0
Polarizability,KnowledgeDistillation,50,9.175,0.0
Polarizability,KnowledgeDistillation,50,9.342,0.0
Polarizability,KnowledgeDistillation,50,9.509,0.0
Polarizability,KnowledgeDistillation,50,9.676,0.0
Polarizability,KnowledgeDistillation,50,10.676,0.0
Polarizability,KnowledgeDistillation,50,10.843,0.0
Polarizability,KnowledgeDistillation,50,11.01,0.0
Polarizability,KnowledgeDistillation,50,11.177,0.0
Polarizability,KnowledgeDistillation,50,11.344,0.0
Polarizability,KnowledgeDistillation,50,11.511,0.0
Polarizability,KnowledgeDistillation,50,12.511,0.0
Polarizability,KnowledgeDistillation,50,12.678,0.0
Polarizability,KnowledgeDistillation,50,12.845,0.0
Polarizability,KnowledgeDistillation,50,13.012,0.0
Polarizability,KnowledgeDistillation,50,13.179,0.0
Polarizability,KnowledgeDistillation,50,13.346,0.0
Polarizability,KnowledgeDistillation,50,14.346,0.0
Polarizability,KnowledgeDistillation,50,14.513,0.0
Polarizability,KnowledgeDistillation,50,14.68,0.0
Polarizability,KnowledgeDistillation,50,14.847,0.0
Polarizability,KnowledgeDistillation,50,15.014,0.0
Polarizability,KnowledgeDistillation,50,15.181,0.0
Polarizability,KnowledgeDistillation,50,16.181,0.0
Polarizability,KnowledgeDistillation,50,16.348,0.0
Polarizability,KnowledgeDistillation,50,16.515,0.0
Polarizability,KnowledgeDistillation,50,16.682,0.0
Polarizability,KnowledgeDistillation,50,16.849,0.0
Polarizability,KnowledgeDistillation,50,17.016,0.0
Polarizability,KnowledgeDistillation,50,18.016,0.0
Polarizability,KnowledgeDistillation,50,18.183,0.0
Polarizability,KnowledgeDistillation,50,18.35,0.0
Polarizability,KnowledgeDistillation,50,18.517,0.0
Polarizability,KnowledgeDistillation,50,18.684,0.0
Polarizability,KnowledgeDistillation,50,18.851,0.0
Polarizability,KnowledgeDistillation,50,19.851,0.0
Polarizability,KnowledgeDistillation,50,20.018,0.0
Polarizability,KnowledgeDistillation,50,20.185,0.0
Polarizability,KnowledgeDistillation,50,20.352,0.0
Polarizability,KnowledgeDistillation,50,20.519,0.0
Polarizability,KnowledgeDistillation,50,20.686,0.0
Polarizability,KnowledgeDistillation,50,21.686,0.0
Polarizability,KnowledgeDistillation,50,21.853,0.0
Polarizability,KnowledgeDistillation,50,22.02,0.0
Polarizability,KnowledgeDistillation,50,22.187,0.0
Polarizability,KnowledgeDistillation,50,22.354,0.0
Polarizability,KnowledgeDistillation,50,22.521,0.0
Polarizability,KnowledgeDistillation,50,23.521,0.0
Polarizability,KnowledgeDistillation,50,23.688,0.0
Polarizability,KnowledgeDistillation,50,23.855,0.0
Polarizability,KnowledgeDistillation,50,24.022,0.0
Polarizability,KnowledgeDistillation,50,24.189,0.0
Polarizability,KnowledgeDistillation,50,24.356,0.0
Polarizability,KnowledgeDistillation,50,25.356,0.0
Polarizability,KnowledgeDistillation,50,25.523,0.0
Polarizability,KnowledgeDistillation,50,25.69,0.0
Polarizability,KnowledgeDistillation,50,25.857,0.0
Polarizability,KnowledgeDistillation,50,26.024,0.0
Polarizability,KnowledgeDistillation,50,26.191,0.0
Polarizability,KnowledgeDistillation,50,27.191,0.0
Polarizability,KnowledgeDistillation,50,27.358,0.0
Polarizability,KnowledgeDistillation,50,27.525,0.0
Polarizability,KnowledgeDistillation,50,27.692,0.0
Polarizability,KnowledgeDistillation,50,27.859,0.0
Polarizability,KnowledgeDistillation,50,28.026,0.0
Polarizability,KnowledgeDistillation,50,29.026,0.0
Polarizability,KnowledgeDistillation,50,29.193,0.0
Polarizability,KnowledgeDistillation,50,29.36,0.0
Polarizability,KnowledgeDistillation,50,29.527,0.0
Polarizability,KnowledgeDistillation,50,29.694,0.0
Polarizability,KnowledgeDistillation,50,29.861,0.0
Polarizability,KnowledgeDistillation,51,3.336,0.0
Polarizability,KnowledgeDistillation,51,3.503,0.0
Polarizability,KnowledgeDistillation,51,3.67,0.0
Polarizability,KnowledgeDistillation,51,3.837,0.0
Polarizability,KnowledgeDistillation,51,4.004,0.0
Polarizability,KnowledgeDistillation,51,4.171,0.0
Polarizability,KnowledgeDistillation,51,5.171,0.0
Polarizability,KnowledgeDistillation,51,5.338,0.0
Polarizability,KnowledgeDistillation,51,5.505,0.0
Polarizability,KnowledgeDistillation,51,5.672,0.0
Polarizability,KnowledgeDistillation,51,5.839,0.0
Polarizability,KnowledgeDistillation,51,6.006,0.0
Polarizability,KnowledgeDistillation,51,7.006,0.0
Polarizability,KnowledgeDistillation,51,7.173,0.0
Polarizability,KnowledgeDistillation,51,7.34,0.0
Polarizability,KnowledgeDistillation,51,7.507,0.0
Polarizability,KnowledgeDistillation,51,7.674,0.0
Polarizability,KnowledgeDistillation,51,7.841,0.0
Polarizability,KnowledgeDistillation,51,8.841,0.0
Polarizability,KnowledgeDistillation,51,9.008,0.0
Polarizability,KnowledgeDistillation,51,9.175,0.0
Polarizability,KnowledgeDistillation,51,9.342,0.0
Polarizability,KnowledgeDistillation,51,9.509,0.0
Polarizability,KnowledgeDistillation,51,9.676,0.0
Polarizability,KnowledgeDistillation,51,10.676,0.0
Polarizability,KnowledgeDistillation,51,10.843,0.0
Polarizability,KnowledgeDistillation,51,11.01,0.0
Polarizability,KnowledgeDistillation,51,11.177,0.0
Polarizability,KnowledgeDistillation,51,11.344,0.0
Polarizability,KnowledgeDistillation,51,11.511,0.0
Polarizability,KnowledgeDistillation,51,12.511,0.0
Polarizability,KnowledgeDistillation,51,12.678,0.0
Polarizability,KnowledgeDistillation,51,12.845,0.0
Polarizability,KnowledgeDistillation,51,13.012,0.0
Polarizability,KnowledgeDistillation,51,13.179,0.0
Polarizability,KnowledgeDistillation,51,13.346,0.0
Polarizability,KnowledgeDistillation,51,14.346,0.0
Polarizability,KnowledgeDistillation,51,14.513,0.0
Polarizability,KnowledgeDistillation,51,14.68,0.0
Polarizability,KnowledgeDistillation,51,14.847,0.0
Polarizability,KnowledgeDistillation,51,15.014,0.0
Polarizability,KnowledgeDistillation,51,15.181,0.0
Polarizability,KnowledgeDistillation,51,16.181,0.0
Polarizability,KnowledgeDistillation,51,16.348,0.0
Polarizability,KnowledgeDistillation,51,16.515,0.0
Polarizability,KnowledgeDistillation,51,16.682,0.0
Polarizability,KnowledgeDistillation,51,16.849,0.0
Polarizability,KnowledgeDistillation,51,17.016,0.0
Polarizability,KnowledgeDistillation,51,18.016,0.0
Polarizability,KnowledgeDistillation,51,18.183,0.0
Polarizability,KnowledgeDistillation,51,18.35,0.0
Polarizability,KnowledgeDistillation,51,18.517,0.0
Polarizability,KnowledgeDistillation,51,18.684,0.0
Polarizability,KnowledgeDistillation,51,18.851,0.0
Polarizability,KnowledgeDistillation,51,19.851,0.0
Polarizability,KnowledgeDistillation,51,20.018,0.0
Polarizability,KnowledgeDistillation,51,20.185,0.0
Polarizability,KnowledgeDistillation,51,20.352,0.0
Polarizability,KnowledgeDistillation,51,20.519,0.0
Polarizability,KnowledgeDistillation,51,20.686,0.0
Polarizability,KnowledgeDistillation,51,21.686,0.0
Polarizability,KnowledgeDistillation,51,21.853,0.0
Polarizability,KnowledgeDistillation,51,22.02,0.0
Polarizability,KnowledgeDistillation,51,22.187,0.0
Polarizability,KnowledgeDistillation,51,22.354,0.0
Polarizability,KnowledgeDistillation,51,22.521,0.0
Polarizability,KnowledgeDistillation,51,23.521,0.0
Polarizability,KnowledgeDistillation,51,23.688,0.0
Polarizability,KnowledgeDistillation,51,23.855,0.0
Polarizability,KnowledgeDistillation,51,24.022,0.0
Polarizability,KnowledgeDistillation,51,24.189,0.0
Polarizability,KnowledgeDistillation,51,24.356,0.0
Polarizability,KnowledgeDistillation,51,25.356,0.0
Polarizability,KnowledgeDistillation,51,25.523,0.0
Polarizability,KnowledgeDistillation,51,25.69,0.0
Polarizability,KnowledgeDistillation,51,25.857,0.0
Polarizability,KnowledgeDistillation,51,26.024,0.0
Polarizability,KnowledgeDistillation,51,26.191,0.0
Polarizability,KnowledgeDistillation,51,27.191,0.0
Polarizability,KnowledgeDistillation,51,27.358,0.0
Polarizability,KnowledgeDistillation,51,27.525,0.0
Polarizability,KnowledgeDistillation,51,27.692,0.0
Polarizability,KnowledgeDistillation,51,27.859,0.0
Polarizability,KnowledgeDistillation,51,28.026,0.0
Polarizability,KnowledgeDistillation,51,29.026,0.0
Polarizability,KnowledgeDistillation,51,29.193,0.0
Polarizability,KnowledgeDistillation,51,29.36,0.0
Polarizability,KnowledgeDistillation,51,29.527,0.0
Polarizability,KnowledgeDistillation,51,29.694,0.0
Polarizability,KnowledgeDistillation,51,29.861,0.0
Polarizability,KnowledgeDistillation,52,3.336,0.0
Polarizability,KnowledgeDistillation,52,3.503,0.0
Polarizability,KnowledgeDistillation,52,3.67,0.0
Polarizability,KnowledgeDistillation,52,3.837,0.0
Polarizability,KnowledgeDistillation,52,4.004,0.0
Polarizability,KnowledgeDistillation,52,4.171,0.0
Polarizability,KnowledgeDistillation,52,5.171,0.0
Polarizability,KnowledgeDistillation,52,5.338,0.0
Polarizability,KnowledgeDistillation,52,5.505,0.0
Polarizability,KnowledgeDistillation,52,5.672,0.0
Polarizability,KnowledgeDistillation,52,5.839,0.0
Polarizability,KnowledgeDistillation,52,6.006,0.0
Polarizability,KnowledgeDistillation,52,7.006,0.0
Polarizability,KnowledgeDistillation,52,7.173,0.0
Polarizability,KnowledgeDistillation,52,7.34,0.0
Polarizability,KnowledgeDistillation,52,7.507,0.0
Polarizability,KnowledgeDistillation,52,7.674,0.0
Polarizability,KnowledgeDistillation,52,7.841,0.0
Polarizability,KnowledgeDistillation,52,8.841,0.0
Polarizability,KnowledgeDistillation,52,9.008,0.0
Polarizability,KnowledgeDistillation,52,9.175,0.0
Polarizability,KnowledgeDistillation,52,9.342,0.0
Polarizability,KnowledgeDistillation,52,9.509,0.0
Polarizability,KnowledgeDistillation,52,9.676,0.0
Polarizability,KnowledgeDistillation,52,10.676,0.0
Polarizability,KnowledgeDistillation,52,10.843,0.0
Polarizability,KnowledgeDistillation,52,11.01,0.0
Polarizability,KnowledgeDistillation,52,11.177,0.0
Polarizability,KnowledgeDistillation,52,11.344,0.0
Polarizability,KnowledgeDistillation,52,11.511,0.0
Polarizability,KnowledgeDistillation,52,12.511,0.0
Polarizability,KnowledgeDistillation,52,12.678,0.0
Polarizability,KnowledgeDistillation,52,12.845,0.0
Polarizability,KnowledgeDistillation,52,13.012,0.0
Polarizability,KnowledgeDistillation,52,13.179,0.0
Polarizability,KnowledgeDistillation,52,13.346,0.0
Polarizability,KnowledgeDistillation,52,14.346,0.0
Polarizability,KnowledgeDistillation,52,14.513,0.0
Polarizability,KnowledgeDistillation,52,14.68,0.0
Polarizability,KnowledgeDistillation,52,14.847,0.0
Polarizability,KnowledgeDistillation,52,15.014,0.0
Polarizability,KnowledgeDistillation,52,15.181,0.0
Polarizability,KnowledgeDistillation,52,16.181,0.0
Polarizability,KnowledgeDistillation,52,16.348,0.0
Polarizability,KnowledgeDistillation,52,16.515,0.0
Polarizability,KnowledgeDistillation,52,16.682,0.0
Polarizability,KnowledgeDistillation,52,16.849,0.0
Polarizability,KnowledgeDistillation,52,17.016,0.0
Polarizability,KnowledgeDistillation,52,18.016,0.0
Polarizability,KnowledgeDistillation,52,18.183,0.0
Polarizability,KnowledgeDistillation,52,18.35,0.0
Polarizability,KnowledgeDistillation,52,18.517,0.0
Polarizability,KnowledgeDistillation,52,18.684,0.0
Polarizability,KnowledgeDistillation,52,18.851,0.0
Polarizability,KnowledgeDistillation,52,19.851,0.0
Polarizability,KnowledgeDistillation,52,20.018,0.0
Polarizability,KnowledgeDistillation,52,20.185,0.0
Polarizability,KnowledgeDistillation,52,20.352,0.0
Polarizability,KnowledgeDistillation,52,20.519,0.0
Polarizability,KnowledgeDistillation,52,20.686,0.0
Polarizability,KnowledgeDistillation,52,21.686,0.0
Polarizability,KnowledgeDistillation,52,21.853,0.0
Polarizability,KnowledgeDistillation,52,22.02,0.0
Polarizability,KnowledgeDistillation,52,22.187,0.0
Polarizability,KnowledgeDistillation,52,22.354,0.0
Polarizability,KnowledgeDistillation,52,22.521,0.0
Polarizability,KnowledgeDistillation,52,23.521,0.0
Polarizability,KnowledgeDistillation,52,23.688,0.0
Polarizability,KnowledgeDistillation,52,23.855,0.0
Polarizability,KnowledgeDistillation,52,24.022,0.0
Polarizability,KnowledgeDistillation,52,24.189,0.0
Polarizability,KnowledgeDistillation,52,24.356,0.0
Polarizability,KnowledgeDistillation,52,25.356,0.0
Polarizability,KnowledgeDistillation,52,25.523,0.0
Polarizability,KnowledgeDistillation,52,25.69,0.0
Polarizability,KnowledgeDistillation,52,25.857,0.0
Polarizability,KnowledgeDistillation,52,26.024,0.0
Polarizability,KnowledgeDistillation,52,26.191,0.0
Polarizability,KnowledgeDistillation,52,27.191,0.0
Polarizability,KnowledgeDistillation,52,27.358,0.0
Polarizability,KnowledgeDistillation,52,27.525,0.0
Polarizability,KnowledgeDistillation,52,27.692,0.0
Polarizability,KnowledgeDistillation,52,27.859,0.0
Polarizability,KnowledgeDistillation,52,28.026,0.0
Polarizability,KnowledgeDistillation,52,29.026,0.0
Polarizability,KnowledgeDistillation,52,29.193,0.0
Polarizability,KnowledgeDistillation,52,29.36,0.0
Polarizability,KnowledgeDistillation,52,29.527,0.0
Polarizability,KnowledgeDistillation,52,29.694,0.0
Polarizability,KnowledgeDistillation,52,29.861,0.0
Polarizability,KnowledgeDistillation,53,3.336,0.4635549872122763
Polarizability,KnowledgeDistillation,53,3.503,0.4635549872122763
Polarizability,KnowledgeDistillation,53,3.67,0.4635549872122763
Polarizability,KnowledgeDistillation,53,3.837,0.4635549872122763
Polarizability,KnowledgeDistillation,53,4.004,0.4635549872122763
Polarizability,KnowledgeDistillation,53,4.171,0.4635549872122763
Polarizability,KnowledgeDistillation,53,5.171,0.1275575447570333
Polarizability,KnowledgeDistillation,53,5.338,0.1275575447570333
Polarizability,KnowledgeDistillation,53,5.505,0.1275575447570333
Polarizability,KnowledgeDistillation,53,5.672,0.1275575447570333
Polarizability,KnowledgeDistillation,53,5.839,0.1275575447570333
Polarizability,KnowledgeDistillation,53,6.006,0.1275575447570333
Polarizability,KnowledgeDistillation,53,7.006,0.0
Polarizability,KnowledgeDistillation,53,7.173,0.0
Polarizability,KnowledgeDistillation,53,7.34,0.0
Polarizability,KnowledgeDistillation,53,7.507,0.0
Polarizability,KnowledgeDistillation,53,7.674,0.0
Polarizability,KnowledgeDistillation,53,7.841,0.0
Polarizability,KnowledgeDistillation,53,8.841,0.0
Polarizability,KnowledgeDistillation,53,9.008,0.0
Polarizability,KnowledgeDistillation,53,9.175,0.0
Polarizability,KnowledgeDistillation,53,9.342,0.0
Polarizability,KnowledgeDistillation,53,9.509,0.0
Polarizability,KnowledgeDistillation,53,9.676,0.0
Polarizability,KnowledgeDistillation,53,10.676,0.0
Polarizability,KnowledgeDistillation,53,10.843,0.0
Polarizability,KnowledgeDistillation,53,11.01,0.0
Polarizability,KnowledgeDistillation,53,11.177,0.0
Polarizability,KnowledgeDistillation,53,11.344,0.0
Polarizability,KnowledgeDistillation,53,11.511,0.0
Polarizability,KnowledgeDistillation,53,12.511,0.0
Polarizability,KnowledgeDistillation,53,12.678,0.0
Polarizability,KnowledgeDistillation,53,12.845,0.0
Polarizability,KnowledgeDistillation,53,13.012,0.0
Polarizability,KnowledgeDistillation,53,13.179,0.0
Polarizability,KnowledgeDistillation,53,13.346,0.0
Polarizability,KnowledgeDistillation,53,14.346,0.0
Polarizability,KnowledgeDistillation,53,14.513,0.0
Polarizability,KnowledgeDistillation,53,14.68,0.0
Polarizability,KnowledgeDistillation,53,14.847,0.0
Polarizability,KnowledgeDistillation,53,15.014,0.0
Polarizability,KnowledgeDistillation,53,15.181,0.0
Polarizability,KnowledgeDistillation,53,16.181,0.0
Polarizability,KnowledgeDistillation,53,16.348,0.0
Polarizability,KnowledgeDistillation,53,16.515,0.0
Polarizability,KnowledgeDistillation,53,16.682,0.0
Polarizability,KnowledgeDistillation,53,16.849,0.0
Polarizability,KnowledgeDistillation,53,17.016,0.0
Polarizability,KnowledgeDistillation,53,18.016,0.0
Polarizability,KnowledgeDistillation,53,18.183,0.0
Polarizability,KnowledgeDistillation,53,18.35,0.0
Polarizability,KnowledgeDistillation,53,18.517,0.0
Polarizability,KnowledgeDistillation,53,18.684,0.0
Polarizability,KnowledgeDistillation,53,18.851,0.0
Polarizability,KnowledgeDistillation,53,19.851,0.0
Polarizability,KnowledgeDistillation,53,20.018,0.0
Polarizability,KnowledgeDistillation,53,20.185,0.0
Polarizability,KnowledgeDistillation,53,20.352,0.0
Polarizability,KnowledgeDistillation,53,20.519,0.0
Polarizability,KnowledgeDistillation,53,20.686,0.0
Polarizability,KnowledgeDistillation,53,21.686,0.0
Polarizability,KnowledgeDistillation,53,21.853,0.0
Polarizability,KnowledgeDistillation,53,22.02,0.0
Polarizability,KnowledgeDistillation,53,22.187,0.0
Polarizability,KnowledgeDistillation,53,22.354,0.0
Polarizability,KnowledgeDistillation,53,22.521,0.0
Polarizability,KnowledgeDistillation,53,23.521,0.0
Polarizability,KnowledgeDistillation,53,23.688,0.0
Polarizability,KnowledgeDistillation,53,23.855,0.0
Polarizability,KnowledgeDistillation,53,24.022,0.0
Polarizability,KnowledgeDistillation,53,24.189,0.0
Polarizability,KnowledgeDistillation,53,24.356,0.0
Polarizability,KnowledgeDistillation,53,25.356,0.0
Polarizability,KnowledgeDistillation,53,25.523,0.0
Polarizability,KnowledgeDistillation,53,25.69,0.0
Polarizability,KnowledgeDistillation,53,25.857,0.0
Polarizability,KnowledgeDistillation,53,26.024,0.0
Polarizability,KnowledgeDistillation,53,26.191,0.0
Polarizability,KnowledgeDistillation,53,27.191,0.0
Polarizability,KnowledgeDistillation,53,27.358,0.0
Polarizability,KnowledgeDistillation,53,27.525,0.0
Polarizability,KnowledgeDistillation,53,27.692,0.0
Polarizability,KnowledgeDistillation,53,27.859,0.0
Polarizability,KnowledgeDistillation,53,28.026,0.0
Polarizability,KnowledgeDistillation,53,29.026,0.0
Polarizability,KnowledgeDistillation,53,29.193,0.0
Polarizability,KnowledgeDistillation,53,29.36,0.0
Polarizability,KnowledgeDistillation,53,29.527,0.0
Polarizability,KnowledgeDistillation,53,29.694,0.0
Polarizability,KnowledgeDistillation,53,29.861,0.0
Polarizability,KnowledgeDistillation,54,3.336,0.1275575447570333
Polarizability,KnowledgeDistillation,54,3.503,0.1275575447570333
Polarizability,KnowledgeDistillation,54,3.67,0.1275575447570333
Polarizability,KnowledgeDistillation,54,3.837,0.1275575447570333
Polarizability,KnowledgeDistillation,54,4.004,0.1275575447570333
Polarizability,KnowledgeDistillation,54,4.171,0.1275575447570333
Polarizability,KnowledgeDistillation,54,5.171,0.0
Polarizability,KnowledgeDistillation,54,5.338,0.0
Polarizability,KnowledgeDistillation,54,5.505,0.0
Polarizability,KnowledgeDistillation,54,5.672,0.0
Polarizability,KnowledgeDistillation,54,5.839,0.0
Polarizability,KnowledgeDistillation,54,6.006,0.0
Polarizability,KnowledgeDistillation,54,7.006,0.0
Polarizability,KnowledgeDistillation,54,7.173,0.0
Polarizability,KnowledgeDistillation,54,7.34,0.0
Polarizability,KnowledgeDistillation,54,7.507,0.0
Polarizability,KnowledgeDistillation,54,7.674,0.0
Polarizability,KnowledgeDistillation,54,7.841,0.0
Polarizability,KnowledgeDistillation,54,8.841,0.0
Polarizability,KnowledgeDistillation,54,9.008,0.0
Polarizability,KnowledgeDistillation,54,9.175,0.0
Polarizability,KnowledgeDistillation,54,9.342,0.0
Polarizability,KnowledgeDistillation,54,9.509,0.0
Polarizability,KnowledgeDistillation,54,9.676,0.0
Polarizability,KnowledgeDistillation,54,10.676,0.0
Polarizability,KnowledgeDistillation,54,10.843,0.0
Polarizability,KnowledgeDistillation,54,11.01,0.0
Polarizability,KnowledgeDistillation,54,11.177,0.0
Polarizability,KnowledgeDistillation,54,11.344,0.0
Polarizability,KnowledgeDistillation,54,11.511,0.0
Polarizability,KnowledgeDistillation,54,12.511,0.0
Polarizability,KnowledgeDistillation,54,12.678,0.0
Polarizability,KnowledgeDistillation,54,12.845,0.0
Polarizability,KnowledgeDistillation,54,13.012,0.0
Polarizability,KnowledgeDistillation,54,13.179,0.0
Polarizability,KnowledgeDistillation,54,13.346,0.0
Polarizability,KnowledgeDistillation,54,14.346,0.0
Polarizability,KnowledgeDistillation,54,14.513,0.0
Polarizability,KnowledgeDistillation,54,14.68,0.0
Polarizability,KnowledgeDistillation,54,14.847,0.0
Polarizability,KnowledgeDistillation,54,15.014,0.0
Polarizability,KnowledgeDistillation,54,15.181,0.0
Polarizability,KnowledgeDistillation,54,16.181,0.0
Polarizability,KnowledgeDistillation,54,16.348,0.0
Polarizability,KnowledgeDistillation,54,16.515,0.0
Polarizability,KnowledgeDistillation,54,16.682,0.0
Polarizability,KnowledgeDistillation,54,16.849,0.0
Polarizability,KnowledgeDistillation,54,17.016,0.0
Polarizability,KnowledgeDistillation,54,18.016,0.0
Polarizability,KnowledgeDistillation,54,18.183,0.0
Polarizability,KnowledgeDistillation,54,18.35,0.0
Polarizability,KnowledgeDistillation,54,18.517,0.0
Polarizability,KnowledgeDistillation,54,18.684,0.0
Polarizability,KnowledgeDistillation,54,18.851,0.0
Polarizability,KnowledgeDistillation,54,19.851,0.0
Polarizability,KnowledgeDistillation,54,20.018,0.0
Polarizability,KnowledgeDistillation,54,20.185,0.0
Polarizability,KnowledgeDistillation,54,20.352,0.0
Polarizability,KnowledgeDistillation,54,20.519,0.0
Polarizability,KnowledgeDistillation,54,20.686,0.0
Polarizability,KnowledgeDistillation,54,21.686,0.0
Polarizability,KnowledgeDistillation,54,21.853,0.0
Polarizability,KnowledgeDistillation,54,22.02,0.0
Polarizability,KnowledgeDistillation,54,22.187,0.0
Polarizability,KnowledgeDistillation,54,22.354,0.0
Polarizability,KnowledgeDistillation,54,22.521,0.0
Polarizability,KnowledgeDistillation,54,23.521,0.0
Polarizability,KnowledgeDistillation,54,23.688,0.0
Polarizability,KnowledgeDistillation,54,23.855,0.0
Polarizability,KnowledgeDistillation,54,24.022,0.0
Polarizability,KnowledgeDistillation,54,24.189,0.0
Polarizability,KnowledgeDistillation,54,24.356,0.0
Polarizability,KnowledgeDistillation,54,25.356,0.0
Polarizability,KnowledgeDistillation,54,25.523,0.0
Polarizability,KnowledgeDistillation,54,25.69,0.0
Polarizability,KnowledgeDistillation,54,25.857,0.0
Polarizability,KnowledgeDistillation,54,26.024,0.0
Polarizability,KnowledgeDistillation,54,26.191,0.0
Polarizability,KnowledgeDistillation,54,27.191,0.0
Polarizability,KnowledgeDistillation,54,27.358,0.0
Polarizability,KnowledgeDistillation,54,27.525,0.0
Polarizability,KnowledgeDistillation,54,27.692,0.0
Polarizability,KnowledgeDistillation,54,27.859,0.0
Polarizability,KnowledgeDistillation,54,28.026,0.0
Polarizability,KnowledgeDistillation,54,29.026,0.0
Polarizability,KnowledgeDistillation,54,29.193,0.0
Polarizability,KnowledgeDistillation,54,29.36,0.0
Polarizability,KnowledgeDistillation,54,29.527,0.0
Polarizability,KnowledgeDistillation,54,29.694,0.0
Polarizability,KnowledgeDistillation,54,29.861,0.0
Polarizability,KnowledgeDistillation,55,3.336,0.1275575447570333
Polarizability,KnowledgeDistillation,55,3.503,0.1275575447570333
Polarizability,KnowledgeDistillation,55,3.67,0.1275575447570333
Polarizability,KnowledgeDistillation,55,3.837,0.1275575447570333
Polarizability,KnowledgeDistillation,55,4.004,0.1275575447570333
Polarizability,KnowledgeDistillation,55,4.171,0.1275575447570333
Polarizability,KnowledgeDistillation,55,5.171,0.0
Polarizability,KnowledgeDistillation,55,5.338,0.0
Polarizability,KnowledgeDistillation,55,5.505,0.0
Polarizability,KnowledgeDistillation,55,5.672,0.0
Polarizability,KnowledgeDistillation,55,5.839,0.0
Polarizability,KnowledgeDistillation,55,6.006,0.0
Polarizability,KnowledgeDistillation,55,7.006,0.0
Polarizability,KnowledgeDistillation,55,7.173,0.0
Polarizability,KnowledgeDistillation,55,7.34,0.0
Polarizability,KnowledgeDistillation,55,7.507,0.0
Polarizability,KnowledgeDistillation,55,7.674,0.0
Polarizability,KnowledgeDistillation,55,7.841,0.0
Polarizability,KnowledgeDistillation,55,8.841,0.0
Polarizability,KnowledgeDistillation,55,9.008,0.0
Polarizability,KnowledgeDistillation,55,9.175,0.0
Polarizability,KnowledgeDistillation,55,9.342,0.0
Polarizability,KnowledgeDistillation,55,9.509,0.0
Polarizability,KnowledgeDistillation,55,9.676,0.0
Polarizability,KnowledgeDistillation,55,10.676,0.0
Polarizability,KnowledgeDistillation,55,10.843,0.0
Polarizability,KnowledgeDistillation,55,11.01,0.0
Polarizability,KnowledgeDistillation,55,11.177,0.0
Polarizability,KnowledgeDistillation,55,11.344,0.0
Polarizability,KnowledgeDistillation,55,11.511,0.0
Polarizability,KnowledgeDistillation,55,12.511,0.0
Polarizability,KnowledgeDistillation,55,12.678,0.0
Polarizability,KnowledgeDistillation,55,12.845,0.0
Polarizability,KnowledgeDistillation,55,13.012,0.0
Polarizability,KnowledgeDistillation,55,13.179,0.0
Polarizability,KnowledgeDistillation,55,13.346,0.0
Polarizability,KnowledgeDistillation,55,14.346,0.0
Polarizability,KnowledgeDistillation,55,14.513,0.0
Polarizability,KnowledgeDistillation,55,14.68,0.0
Polarizability,KnowledgeDistillation,55,14.847,0.0
Polarizability,KnowledgeDistillation,55,15.014,0.0
Polarizability,KnowledgeDistillation,55,15.181,0.0
Polarizability,KnowledgeDistillation,55,16.181,0.0
Polarizability,KnowledgeDistillation,55,16.348,0.0
Polarizability,KnowledgeDistillation,55,16.515,0.0
Polarizability,KnowledgeDistillation,55,16.682,0.0
Polarizability,KnowledgeDistillation,55,16.849,0.0
Polarizability,KnowledgeDistillation,55,17.016,0.0
Polarizability,KnowledgeDistillation,55,18.016,0.0
Polarizability,KnowledgeDistillation,55,18.183,0.0
Polarizability,KnowledgeDistillation,55,18.35,0.0
Polarizability,KnowledgeDistillation,55,18.517,0.0
Polarizability,KnowledgeDistillation,55,18.684,0.0
Polarizability,KnowledgeDistillation,55,18.851,0.0
Polarizability,KnowledgeDistillation,55,19.851,0.0
Polarizability,KnowledgeDistillation,55,20.018,0.0
Polarizability,KnowledgeDistillation,55,20.185,0.0
Polarizability,KnowledgeDistillation,55,20.352,0.0
Polarizability,KnowledgeDistillation,55,20.519,0.0
Polarizability,KnowledgeDistillation,55,20.686,0.0
Polarizability,KnowledgeDistillation,55,21.686,0.0
Polarizability,KnowledgeDistillation,55,21.853,0.0
Polarizability,KnowledgeDistillation,55,22.02,0.0
Polarizability,KnowledgeDistillation,55,22.187,0.0
Polarizability,KnowledgeDistillation,55,22.354,0.0
Polarizability,KnowledgeDistillation,55,22.521,0.0
Polarizability,KnowledgeDistillation,55,23.521,0.0
Polarizability,KnowledgeDistillation,55,23.688,0.0
Polarizability,KnowledgeDistillation,55,23.855,0.0
Polarizability,KnowledgeDistillation,55,24.022,0.0
Polarizability,KnowledgeDistillation,55,24.189,0.0
Polarizability,KnowledgeDistillation,55,24.356,0.0
Polarizability,KnowledgeDistillation,55,25.356,0.0
Polarizability,KnowledgeDistillation,55,25.523,0.0
Polarizability,KnowledgeDistillation,55,25.69,0.0
Polarizability,KnowledgeDistillation,55,25.857,0.0
Polarizability,KnowledgeDistillation,55,26.024,0.0
Polarizability,KnowledgeDistillation,55,26.191,0.0
Polarizability,KnowledgeDistillation,55,27.191,0.0
Polarizability,KnowledgeDistillation,55,27.358,0.0
Polarizability,KnowledgeDistillation,55,27.525,0.0
Polarizability,KnowledgeDistillation,55,27.692,0.0
Polarizability,KnowledgeDistillation,55,27.859,0.0
Polarizability,KnowledgeDistillation,55,28.026,0.0
Polarizability,KnowledgeDistillation,55,29.026,0.0
Polarizability,KnowledgeDistillation,55,29.193,0.0
Polarizability,KnowledgeDistillation,55,29.36,0.0
Polarizability,KnowledgeDistillation,55,29.527,0.0
Polarizability,KnowledgeDistillation,55,29.694,0.0
Polarizability,KnowledgeDistillation,55,29.861,0.0
Polarizability,KnowledgeDistillation,56,3.336,0.1275575447570333
Polarizability,KnowledgeDistillation,56,3.503,0.1275575447570333
Polarizability,KnowledgeDistillation,56,3.67,0.1275575447570333
Polarizability,KnowledgeDistillation,56,3.837,0.1275575447570333
Polarizability,KnowledgeDistillation,56,4.004,0.1275575447570333
Polarizability,KnowledgeDistillation,56,4.171,0.1275575447570333
Polarizability,KnowledgeDistillation,56,5.171,0.0
Polarizability,KnowledgeDistillation,56,5.338,0.0
Polarizability,KnowledgeDistillation,56,5.505,0.0
Polarizability,KnowledgeDistillation,56,5.672,0.0
Polarizability,KnowledgeDistillation,56,5.839,0.0
Polarizability,KnowledgeDistillation,56,6.006,0.0
Polarizability,KnowledgeDistillation,56,7.006,0.0
Polarizability,KnowledgeDistillation,56,7.173,0.0
Polarizability,KnowledgeDistillation,56,7.34,0.0
Polarizability,KnowledgeDistillation,56,7.507,0.0
Polarizability,KnowledgeDistillation,56,7.674,0.0
Polarizability,KnowledgeDistillation,56,7.841,0.0
Polarizability,KnowledgeDistillation,56,8.841,0.0
Polarizability,KnowledgeDistillation,56,9.008,0.0
Polarizability,KnowledgeDistillation,56,9.175,0.0
Polarizability,KnowledgeDistillation,56,9.342,0.0
Polarizability,KnowledgeDistillation,56,9.509,0.0
Polarizability,KnowledgeDistillation,56,9.676,0.0
Polarizability,KnowledgeDistillation,56,10.676,0.0
Polarizability,KnowledgeDistillation,56,10.843,0.0
Polarizability,KnowledgeDistillation,56,11.01,0.0
Polarizability,KnowledgeDistillation,56,11.177,0.0
Polarizability,KnowledgeDistillation,56,11.344,0.0
Polarizability,KnowledgeDistillation,56,11.511,0.0
Polarizability,KnowledgeDistillation,56,12.511,0.0
Polarizability,KnowledgeDistillation,56,12.678,0.0
Polarizability,KnowledgeDistillation,56,12.845,0.0
Polarizability,KnowledgeDistillation,56,13.012,0.0
Polarizability,KnowledgeDistillation,56,13.179,0.0
Polarizability,KnowledgeDistillation,56,13.346,0.0
Polarizability,KnowledgeDistillation,56,14.346,0.0
Polarizability,KnowledgeDistillation,56,14.513,0.0
Polarizability,KnowledgeDistillation,56,14.68,0.0
Polarizability,KnowledgeDistillation,56,14.847,0.0
Polarizability,KnowledgeDistillation,56,15.014,0.0
Polarizability,KnowledgeDistillation,56,15.181,0.0
Polarizability,KnowledgeDistillation,56,16.181,0.0
Polarizability,KnowledgeDistillation,56,16.348,0.0
Polarizability,KnowledgeDistillation,56,16.515,0.0
Polarizability,KnowledgeDistillation,56,16.682,0.0
Polarizability,KnowledgeDistillation,56,16.849,0.0
Polarizability,KnowledgeDistillation,56,17.016,0.0
Polarizability,KnowledgeDistillation,56,18.016,0.0
Polarizability,KnowledgeDistillation,56,18.183,0.0
Polarizability,KnowledgeDistillation,56,18.35,0.0
Polarizability,KnowledgeDistillation,56,18.517,0.0
Polarizability,KnowledgeDistillation,56,18.684,0.0
Polarizability,KnowledgeDistillation,56,18.851,0.0
Polarizability,KnowledgeDistillation,56,19.851,0.0
Polarizability,KnowledgeDistillation,56,20.018,0.0
Polarizability,KnowledgeDistillation,56,20.185,0.0
Polarizability,KnowledgeDistillation,56,20.352,0.0
Polarizability,KnowledgeDistillation,56,20.519,0.0
Polarizability,KnowledgeDistillation,56,20.686,0.0
Polarizability,KnowledgeDistillation,56,21.686,0.0
Polarizability,KnowledgeDistillation,56,21.853,0.0
Polarizability,KnowledgeDistillation,56,22.02,0.0
Polarizability,KnowledgeDistillation,56,22.187,0.0
Polarizability,KnowledgeDistillation,56,22.354,0.0
Polarizability,KnowledgeDistillation,56,22.521,0.0
Polarizability,KnowledgeDistillation,56,23.521,0.0
Polarizability,KnowledgeDistillation,56,23.688,0.0
Polarizability,KnowledgeDistillation,56,23.855,0.0
Polarizability,KnowledgeDistillation,56,24.022,0.0
Polarizability,KnowledgeDistillation,56,24.189,0.0
Polarizability,KnowledgeDistillation,56,24.356,0.0
Polarizability,KnowledgeDistillation,56,25.356,0.0
Polarizability,KnowledgeDistillation,56,25.523,0.0
Polarizability,KnowledgeDistillation,56,25.69,0.0
Polarizability,KnowledgeDistillation,56,25.857,0.0
Polarizability,KnowledgeDistillation,56,26.024,0.0
Polarizability,KnowledgeDistillation,56,26.191,0.0
Polarizability,KnowledgeDistillation,56,27.191,0.0
Polarizability,KnowledgeDistillation,56,27.358,0.0
Polarizability,KnowledgeDistillation,56,27.525,0.0
Polarizability,KnowledgeDistillation,56,27.692,0.0
Polarizability,KnowledgeDistillation,56,27.859,0.0
Polarizability,KnowledgeDistillation,56,28.026,0.0
Polarizability,KnowledgeDistillation,56,29.026,0.0
Polarizability,KnowledgeDistillation,56,29.193,0.0
Polarizability,KnowledgeDistillation,56,29.36,0.0
Polarizability,KnowledgeDistillation,56,29.527,0.0
Polarizability,KnowledgeDistillation,56,29.694,0.0
Polarizability,KnowledgeDistillation,56,29.861,0.0
Polarizability,KnowledgeDistillation,57,3.336,0.5505115089514068
Polarizability,KnowledgeDistillation,57,3.503,0.5505115089514068
Polarizability,KnowledgeDistillation,57,3.67,0.5505115089514068
Polarizability,KnowledgeDistillation,57,3.837,0.5505115089514068
Polarizability,KnowledgeDistillation,57,4.004,0.5505115089514068
Polarizability,KnowledgeDistillation,57,4.171,0.5505115089514068
Polarizability,KnowledgeDistillation,57,5.171,0.0
Polarizability,KnowledgeDistillation,57,5.338,0.0
Polarizability,KnowledgeDistillation,57,5.505,0.0
Polarizability,KnowledgeDistillation,57,5.672,0.0
Polarizability,KnowledgeDistillation,57,5.839,0.0
Polarizability,KnowledgeDistillation,57,6.006,0.0
Polarizability,KnowledgeDistillation,57,7.006,0.0
Polarizability,KnowledgeDistillation,57,7.173,0.0
Polarizability,KnowledgeDistillation,57,7.34,0.0
Polarizability,KnowledgeDistillation,57,7.507,0.0
Polarizability,KnowledgeDistillation,57,7.674,0.0
Polarizability,KnowledgeDistillation,57,7.841,0.0
Polarizability,KnowledgeDistillation,57,8.841,0.0
Polarizability,KnowledgeDistillation,57,9.008,0.0
Polarizability,KnowledgeDistillation,57,9.175,0.0
Polarizability,KnowledgeDistillation,57,9.342,0.0
Polarizability,KnowledgeDistillation,57,9.509,0.0
Polarizability,KnowledgeDistillation,57,9.676,0.0
Polarizability,KnowledgeDistillation,57,10.676,0.0
Polarizability,KnowledgeDistillation,57,10.843,0.0
Polarizability,KnowledgeDistillation,57,11.01,0.0
Polarizability,KnowledgeDistillation,57,11.177,0.0
Polarizability,KnowledgeDistillation,57,11.344,0.0
Polarizability,KnowledgeDistillation,57,11.511,0.0
Polarizability,KnowledgeDistillation,57,12.511,0.0
Polarizability,KnowledgeDistillation,57,12.678,0.0
Polarizability,KnowledgeDistillation,57,12.845,0.0
Polarizability,KnowledgeDistillation,57,13.012,0.0
Polarizability,KnowledgeDistillation,57,13.179,0.0
Polarizability,KnowledgeDistillation,57,13.346,0.0
Polarizability,KnowledgeDistillation,57,14.346,0.0
Polarizability,KnowledgeDistillation,57,14.513,0.0
Polarizability,KnowledgeDistillation,57,14.68,0.0
Polarizability,KnowledgeDistillation,57,14.847,0.0
Polarizability,KnowledgeDistillation,57,15.014,0.0
Polarizability,KnowledgeDistillation,57,15.181,0.0
Polarizability,KnowledgeDistillation,57,16.181,0.0
Polarizability,KnowledgeDistillation,57,16.348,0.0
Polarizability,KnowledgeDistillation,57,16.515,0.0
Polarizability,KnowledgeDistillation,57,16.682,0.0
Polarizability,KnowledgeDistillation,57,16.849,0.0
Polarizability,KnowledgeDistillation,57,17.016,0.0
Polarizability,KnowledgeDistillation,57,18.016,0.0
Polarizability,KnowledgeDistillation,57,18.183,0.0
Polarizability,KnowledgeDistillation,57,18.35,0.0
Polarizability,KnowledgeDistillation,57,18.517,0.0
Polarizability,KnowledgeDistillation,57,18.684,0.0
Polarizability,KnowledgeDistillation,57,18.851,0.0
Polarizability,KnowledgeDistillation,57,19.851,0.0
Polarizability,KnowledgeDistillation,57,20.018,0.0
Polarizability,KnowledgeDistillation,57,20.185,0.0
Polarizability,KnowledgeDistillation,57,20.352,0.0
Polarizability,KnowledgeDistillation,57,20.519,0.0
Polarizability,KnowledgeDistillation,57,20.686,0.0
Polarizability,KnowledgeDistillation,57,21.686,0.0
Polarizability,KnowledgeDistillation,57,21.853,0.0
Polarizability,KnowledgeDistillation,57,22.02,0.0
Polarizability,KnowledgeDistillation,57,22.187,0.0
Polarizability,KnowledgeDistillation,57,22.354,0.0
Polarizability,KnowledgeDistillation,57,22.521,0.0
Polarizability,KnowledgeDistillation,57,23.521,0.0
Polarizability,KnowledgeDistillation,57,23.688,0.0
Polarizability,KnowledgeDistillation,57,23.855,0.0
Polarizability,KnowledgeDistillation,57,24.022,0.0
Polarizability,KnowledgeDistillation,57,24.189,0.0
Polarizability,KnowledgeDistillation,57,24.356,0.0
Polarizability,KnowledgeDistillation,57,25.356,0.0
Polarizability,KnowledgeDistillation,57,25.523,0.0
Polarizability,KnowledgeDistillation,57,25.69,0.0
Polarizability,KnowledgeDistillation,57,25.857,0.0
Polarizability,KnowledgeDistillation,57,26.024,0.0
Polarizability,KnowledgeDistillation,57,26.191,0.0
Polarizability,KnowledgeDistillation,57,27.191,0.0
Polarizability,KnowledgeDistillation,57,27.358,0.0
Polarizability,KnowledgeDistillation,57,27.525,0.0
Polarizability,KnowledgeDistillation,57,27.692,0.0
Polarizability,KnowledgeDistillation,57,27.859,0.0
Polarizability,KnowledgeDistillation,57,28.026,0.0
Polarizability,KnowledgeDistillation,57,29.026,0.0
Polarizability,KnowledgeDistillation,57,29.193,0.0
Polarizability,KnowledgeDistillation,57,29.36,0.0
Polarizability,KnowledgeDistillation,57,29.527,0.0
Polarizability,KnowledgeDistillation,57,29.694,0.0
Polarizability,KnowledgeDistillation,57,29.861,0.0
Polarizability,KnowledgeDistillation,58,3.336,0.0
Polarizability,KnowledgeDistillation,58,3.503,0.0
Polarizability,KnowledgeDistillation,58,3.67,0.0
Polarizability,KnowledgeDistillation,58,3.837,0.0
Polarizability,KnowledgeDistillation,58,4.004,0.0
Polarizability,KnowledgeDistillation,58,4.171,0.0
Polarizability,KnowledgeDistillation,58,5.171,0.0
Polarizability,KnowledgeDistillation,58,5.338,0.0
Polarizability,KnowledgeDistillation,58,5.505,0.0
Polarizability,KnowledgeDistillation,58,5.672,0.0
Polarizability,KnowledgeDistillation,58,5.839,0.0
Polarizability,KnowledgeDistillation,58,6.006,0.0
Polarizability,KnowledgeDistillation,58,7.006,0.0
Polarizability,KnowledgeDistillation,58,7.173,0.0
Polarizability,KnowledgeDistillation,58,7.34,0.0
Polarizability,KnowledgeDistillation,58,7.507,0.0
Polarizability,KnowledgeDistillation,58,7.674,0.0
Polarizability,KnowledgeDistillation,58,7.841,0.0
Polarizability,KnowledgeDistillation,58,8.841,0.0
Polarizability,KnowledgeDistillation,58,9.008,0.0
Polarizability,KnowledgeDistillation,58,9.175,0.0
Polarizability,KnowledgeDistillation,58,9.342,0.0
Polarizability,KnowledgeDistillation,58,9.509,0.0
Polarizability,KnowledgeDistillation,58,9.676,0.0
Polarizability,KnowledgeDistillation,58,10.676,0.0
Polarizability,KnowledgeDistillation,58,10.843,0.0
Polarizability,KnowledgeDistillation,58,11.01,0.0
Polarizability,KnowledgeDistillation,58,11.177,0.0
Polarizability,KnowledgeDistillation,58,11.344,0.0
Polarizability,KnowledgeDistillation,58,11.511,0.0
Polarizability,KnowledgeDistillation,58,12.511,0.0
Polarizability,KnowledgeDistillation,58,12.678,0.0
Polarizability,KnowledgeDistillation,58,12.845,0.0
Polarizability,KnowledgeDistillation,58,13.012,0.0
Polarizability,KnowledgeDistillation,58,13.179,0.0
Polarizability,KnowledgeDistillation,58,13.346,0.0
Polarizability,KnowledgeDistillation,58,14.346,0.0
Polarizability,KnowledgeDistillation,58,14.513,0.0
Polarizability,KnowledgeDistillation,58,14.68,0.0
Polarizability,KnowledgeDistillation,58,14.847,0.0
Polarizability,KnowledgeDistillation,58,15.014,0.0
Polarizability,KnowledgeDistillation,58,15.181,0.0
Polarizability,KnowledgeDistillation,58,16.181,0.0
Polarizability,KnowledgeDistillation,58,16.348,0.0
Polarizability,KnowledgeDistillation,58,16.515,0.0
Polarizability,KnowledgeDistillation,58,16.682,0.0
Polarizability,KnowledgeDistillation,58,16.849,0.0
Polarizability,KnowledgeDistillation,58,17.016,0.0
Polarizability,KnowledgeDistillation,58,18.016,0.0
Polarizability,KnowledgeDistillation,58,18.183,0.0
Polarizability,KnowledgeDistillation,58,18.35,0.0
Polarizability,KnowledgeDistillation,58,18.517,0.0
Polarizability,KnowledgeDistillation,58,18.684,0.0
Polarizability,KnowledgeDistillation,58,18.851,0.0
Polarizability,KnowledgeDistillation,58,19.851,0.0
Polarizability,KnowledgeDistillation,58,20.018,0.0
Polarizability,KnowledgeDistillation,58,20.185,0.0
Polarizability,KnowledgeDistillation,58,20.352,0.0
Polarizability,KnowledgeDistillation,58,20.519,0.0
Polarizability,KnowledgeDistillation,58,20.686,0.0
Polarizability,KnowledgeDistillation,58,21.686,0.0
Polarizability,KnowledgeDistillation,58,21.853,0.0
Polarizability,KnowledgeDistillation,58,22.02,0.0
Polarizability,KnowledgeDistillation,58,22.187,0.0
Polarizability,KnowledgeDistillation,58,22.354,0.0
Polarizability,KnowledgeDistillation,58,22.521,0.0
Polarizability,KnowledgeDistillation,58,23.521,0.0
Polarizability,KnowledgeDistillation,58,23.688,0.0
Polarizability,KnowledgeDistillation,58,23.855,0.0
Polarizability,KnowledgeDistillation,58,24.022,0.0
Polarizability,KnowledgeDistillation,58,24.189,0.0
Polarizability,KnowledgeDistillation,58,24.356,0.0
Polarizability,KnowledgeDistillation,58,25.356,0.0
Polarizability,KnowledgeDistillation,58,25.523,0.0
Polarizability,KnowledgeDistillation,58,25.69,0.0
Polarizability,KnowledgeDistillation,58,25.857,0.0
Polarizability,KnowledgeDistillation,58,26.024,0.0
Polarizability,KnowledgeDistillation,58,26.191,0.0
Polarizability,KnowledgeDistillation,58,27.191,0.0
Polarizability,KnowledgeDistillation,58,27.358,0.0
Polarizability,KnowledgeDistillation,58,27.525,0.0
Polarizability,KnowledgeDistillation,58,27.692,0.0
Polarizability,KnowledgeDistillation,58,27.859,0.0
Polarizability,KnowledgeDistillation,58,28.026,0.0
Polarizability,KnowledgeDistillation,58,29.026,0.0
Polarizability,KnowledgeDistillation,58,29.193,0.0
Polarizability,KnowledgeDistillation,58,29.36,0.0
Polarizability,KnowledgeDistillation,58,29.527,0.0
Polarizability,KnowledgeDistillation,58,29.694,0.0
Polarizability,KnowledgeDistillation,58,29.861,0.0
Polarizability,KnowledgeDistillation,59,3.336,0.5242966751918159
Polarizability,KnowledgeDistillation,59,3.503,0.5242966751918159
Polarizability,KnowledgeDistillation,59,3.67,0.5242966751918159
Polarizability,KnowledgeDistillation,59,3.837,0.5242966751918159
Polarizability,KnowledgeDistillation,59,4.004,0.5242966751918159
Polarizability,KnowledgeDistillation,59,4.171,0.5242966751918159
Polarizability,KnowledgeDistillation,59,5.171,0.0
Polarizability,KnowledgeDistillation,59,5.338,0.0
Polarizability,KnowledgeDistillation,59,5.505,0.0
Polarizability,KnowledgeDistillation,59,5.672,0.0
Polarizability,KnowledgeDistillation,59,5.839,0.0
Polarizability,KnowledgeDistillation,59,6.006,0.0
Polarizability,KnowledgeDistillation,59,7.006,0.0
Polarizability,KnowledgeDistillation,59,7.173,0.0
Polarizability,KnowledgeDistillation,59,7.34,0.0
Polarizability,KnowledgeDistillation,59,7.507,0.0
Polarizability,KnowledgeDistillation,59,7.674,0.0
Polarizability,KnowledgeDistillation,59,7.841,0.0
Polarizability,KnowledgeDistillation,59,8.841,0.0
Polarizability,KnowledgeDistillation,59,9.008,0.0
Polarizability,KnowledgeDistillation,59,9.175,0.0
Polarizability,KnowledgeDistillation,59,9.342,0.0
Polarizability,KnowledgeDistillation,59,9.509,0.0
Polarizability,KnowledgeDistillation,59,9.676,0.0
Polarizability,KnowledgeDistillation,59,10.676,0.0
Polarizability,KnowledgeDistillation,59,10.843,0.0
Polarizability,KnowledgeDistillation,59,11.01,0.0
Polarizability,KnowledgeDistillation,59,11.177,0.0
Polarizability,KnowledgeDistillation,59,11.344,0.0
Polarizability,KnowledgeDistillation,59,11.511,0.0
Polarizability,KnowledgeDistillation,59,12.511,0.0
Polarizability,KnowledgeDistillation,59,12.678,0.0
Polarizability,KnowledgeDistillation,59,12.845,0.0
Polarizability,KnowledgeDistillation,59,13.012,0.0
Polarizability,KnowledgeDistillation,59,13.179,0.0
Polarizability,KnowledgeDistillation,59,13.346,0.0
Polarizability,KnowledgeDistillation,59,14.346,0.0
Polarizability,KnowledgeDistillation,59,14.513,0.0
Polarizability,KnowledgeDistillation,59,14.68,0.0
Polarizability,KnowledgeDistillation,59,14.847,0.0
Polarizability,KnowledgeDistillation,59,15.014,0.0
Polarizability,KnowledgeDistillation,59,15.181,0.0
Polarizability,KnowledgeDistillation,59,16.181,0.0
Polarizability,KnowledgeDistillation,59,16.348,0.0
Polarizability,KnowledgeDistillation,59,16.515,0.0
Polarizability,KnowledgeDistillation,59,16.682,0.0
Polarizability,KnowledgeDistillation,59,16.849,0.0
Polarizability,KnowledgeDistillation,59,17.016,0.0
Polarizability,KnowledgeDistillation,59,18.016,0.0
Polarizability,KnowledgeDistillation,59,18.183,0.0
Polarizability,KnowledgeDistillation,59,18.35,0.0
Polarizability,KnowledgeDistillation,59,18.517,0.0
Polarizability,KnowledgeDistillation,59,18.684,0.0
Polarizability,KnowledgeDistillation,59,18.851,0.0
Polarizability,KnowledgeDistillation,59,19.851,0.0
Polarizability,KnowledgeDistillation,59,20.018,0.0
Polarizability,KnowledgeDistillation,59,20.185,0.0
Polarizability,KnowledgeDistillation,59,20.352,0.0
Polarizability,KnowledgeDistillation,59,20.519,0.0
Polarizability,KnowledgeDistillation,59,20.686,0.0
Polarizability,KnowledgeDistillation,59,21.686,0.0
Polarizability,KnowledgeDistillation,59,21.853,0.0
Polarizability,KnowledgeDistillation,59,22.02,0.0
Polarizability,KnowledgeDistillation,59,22.187,0.0
Polarizability,KnowledgeDistillation,59,22.354,0.0
Polarizability,KnowledgeDistillation,59,22.521,0.0
Polarizability,KnowledgeDistillation,59,23.521,0.0
Polarizability,KnowledgeDistillation,59,23.688,0.0
Polarizability,KnowledgeDistillation,59,23.855,0.0
Polarizability,KnowledgeDistillation,59,24.022,0.0
Polarizability,KnowledgeDistillation,59,24.189,0.0
Polarizability,KnowledgeDistillation,59,24.356,0.0
Polarizability,KnowledgeDistillation,59,25.356,0.0
Polarizability,KnowledgeDistillation,59,25.523,0.0
Polarizability,KnowledgeDistillation,59,25.69,0.0
Polarizability,KnowledgeDistillation,59,25.857,0.0
Polarizability,KnowledgeDistillation,59,26.024,0.0
Polarizability,KnowledgeDistillation,59,26.191,0.0
Polarizability,KnowledgeDistillation,59,27.191,0.0
Polarizability,KnowledgeDistillation,59,27.358,0.0
Polarizability,KnowledgeDistillation,59,27.525,0.0
Polarizability,KnowledgeDistillation,59,27.692,0.0
Polarizability,KnowledgeDistillation,59,27.859,0.0
Polarizability,KnowledgeDistillation,59,28.026,0.0
Polarizability,KnowledgeDistillation,59,29.026,0.0
Polarizability,KnowledgeDistillation,59,29.193,0.0
Polarizability,KnowledgeDistillation,59,29.36,0.0
Polarizability,KnowledgeDistillation,59,29.527,0.0
Polarizability,KnowledgeDistillation,59,29.694,0.0
Polarizability,KnowledgeDistillation,59,29.861,0.0
Polarizability,KnowledgeDistillation,60,3.336,0.5242966751918159
Polarizability,KnowledgeDistillation,60,3.503,0.5242966751918159
Polarizability,KnowledgeDistillation,60,3.67,0.5242966751918159
Polarizability,KnowledgeDistillation,60,3.837,0.5242966751918159
Polarizability,KnowledgeDistillation,60,4.004,0.5242966751918159
Polarizability,KnowledgeDistillation,60,4.171,0.5242966751918159
Polarizability,KnowledgeDistillation,60,5.171,0.0
Polarizability,KnowledgeDistillation,60,5.338,0.0
Polarizability,KnowledgeDistillation,60,5.505,0.0
Polarizability,KnowledgeDistillation,60,5.672,0.0
Polarizability,KnowledgeDistillation,60,5.839,0.0
Polarizability,KnowledgeDistillation,60,6.006,0.0
Polarizability,KnowledgeDistillation,60,7.006,0.0
Polarizability,KnowledgeDistillation,60,7.173,0.0
Polarizability,KnowledgeDistillation,60,7.34,0.0
Polarizability,KnowledgeDistillation,60,7.507,0.0
Polarizability,KnowledgeDistillation,60,7.674,0.0
Polarizability,KnowledgeDistillation,60,7.841,0.0
Polarizability,KnowledgeDistillation,60,8.841,0.0
Polarizability,KnowledgeDistillation,60,9.008,0.0
Polarizability,KnowledgeDistillation,60,9.175,0.0
Polarizability,KnowledgeDistillation,60,9.342,0.0
Polarizability,KnowledgeDistillation,60,9.509,0.0
Polarizability,KnowledgeDistillation,60,9.676,0.0
Polarizability,KnowledgeDistillation,60,10.676,0.0
Polarizability,KnowledgeDistillation,60,10.843,0.0
Polarizability,KnowledgeDistillation,60,11.01,0.0
Polarizability,KnowledgeDistillation,60,11.177,0.0
Polarizability,KnowledgeDistillation,60,11.344,0.0
Polarizability,KnowledgeDistillation,60,11.511,0.0
Polarizability,KnowledgeDistillation,60,12.511,0.0
Polarizability,KnowledgeDistillation,60,12.678,0.0
Polarizability,KnowledgeDistillation,60,12.845,0.0
Polarizability,KnowledgeDistillation,60,13.012,0.0
Polarizability,KnowledgeDistillation,60,13.179,0.0
Polarizability,KnowledgeDistillation,60,13.346,0.0
Polarizability,KnowledgeDistillation,60,14.346,0.0
Polarizability,KnowledgeDistillation,60,14.513,0.0
Polarizability,KnowledgeDistillation,60,14.68,0.0
Polarizability,KnowledgeDistillation,60,14.847,0.0
Polarizability,KnowledgeDistillation,60,15.014,0.0
Polarizability,KnowledgeDistillation,60,15.181,0.0
Polarizability,KnowledgeDistillation,60,16.181,0.0
Polarizability,KnowledgeDistillation,60,16.348,0.0
Polarizability,KnowledgeDistillation,60,16.515,0.0
Polarizability,KnowledgeDistillation,60,16.682,0.0
Polarizability,KnowledgeDistillation,60,16.849,0.0
Polarizability,KnowledgeDistillation,60,17.016,0.0
Polarizability,KnowledgeDistillation,60,18.016,0.0
Polarizability,KnowledgeDistillation,60,18.183,0.0
Polarizability,KnowledgeDistillation,60,18.35,0.0
Polarizability,KnowledgeDistillation,60,18.517,0.0
Polarizability,KnowledgeDistillation,60,18.684,0.0
Polarizability,KnowledgeDistillation,60,18.851,0.0
Polarizability,KnowledgeDistillation,60,19.851,0.0
Polarizability,KnowledgeDistillation,60,20.018,0.0
Polarizability,KnowledgeDistillation,60,20.185,0.0
Polarizability,KnowledgeDistillation,60,20.352,0.0
Polarizability,KnowledgeDistillation,60,20.519,0.0
Polarizability,KnowledgeDistillation,60,20.686,0.0
Polarizability,KnowledgeDistillation,60,21.686,0.0
Polarizability,KnowledgeDistillation,60,21.853,0.0
Polarizability,KnowledgeDistillation,60,22.02,0.0
Polarizability,KnowledgeDistillation,60,22.187,0.0
Polarizability,KnowledgeDistillation,60,22.354,0.0
Polarizability,KnowledgeDistillation,60,22.521,0.0
Polarizability,KnowledgeDistillation,60,23.521,0.0
Polarizability,KnowledgeDistillation,60,23.688,0.0
Polarizability,KnowledgeDistillation,60,23.855,0.0
Polarizability,KnowledgeDistillation,60,24.022,0.0
Polarizability,KnowledgeDistillation,60,24.189,0.0
Polarizability,KnowledgeDistillation,60,24.356,0.0
Polarizability,KnowledgeDistillation,60,25.356,0.0
Polarizability,KnowledgeDistillation,60,25.523,0.0
Polarizability,KnowledgeDistillation,60,25.69,0.0
Polarizability,KnowledgeDistillation,60,25.857,0.0
Polarizability,KnowledgeDistillation,60,26.024,0.0
Polarizability,KnowledgeDistillation,60,26.191,0.0
Polarizability,KnowledgeDistillation,60,27.191,0.0
Polarizability,KnowledgeDistillation,60,27.358,0.0
Polarizability,KnowledgeDistillation,60,27.525,0.0
Polarizability,KnowledgeDistillation,60,27.692,0.0
Polarizability,KnowledgeDistillation,60,27.859,0.0
Polarizability,KnowledgeDistillation,60,28.026,0.0
Polarizability,KnowledgeDistillation,60,29.026,0.0
Polarizability,KnowledgeDistillation,60,29.193,0.0
Polarizability,KnowledgeDistillation,60,29.36,0.0
Polarizability,KnowledgeDistillation,60,29.527,0.0
Polarizability,KnowledgeDistillation,60,29.694,0.0
Polarizability,KnowledgeDistillation,60,29.861,0.0
Polarizability,KnowledgeDistillation,61,3.336,0.5242966751918159
Polarizability,KnowledgeDistillation,61,3.503,0.5242966751918159
Polarizability,KnowledgeDistillation,61,3.67,0.5242966751918159
Polarizability,KnowledgeDistillation,61,3.837,0.5242966751918159
Polarizability,KnowledgeDistillation,61,4.004,0.5242966751918159
Polarizability,KnowledgeDistillation,61,4.171,0.5242966751918159
Polarizability,KnowledgeDistillation,61,5.171,0.0
Polarizability,KnowledgeDistillation,61,5.338,0.0
Polarizability,KnowledgeDistillation,61,5.505,0.0
Polarizability,KnowledgeDistillation,61,5.672,0.0
Polarizability,KnowledgeDistillation,61,5.839,0.0
Polarizability,KnowledgeDistillation,61,6.006,0.0
Polarizability,KnowledgeDistillation,61,7.006,0.0
Polarizability,KnowledgeDistillation,61,7.173,0.0
Polarizability,KnowledgeDistillation,61,7.34,0.0
Polarizability,KnowledgeDistillation,61,7.507,0.0
Polarizability,KnowledgeDistillation,61,7.674,0.0
Polarizability,KnowledgeDistillation,61,7.841,0.0
Polarizability,KnowledgeDistillation,61,8.841,0.0
Polarizability,KnowledgeDistillation,61,9.008,0.0
Polarizability,KnowledgeDistillation,61,9.175,0.0
Polarizability,KnowledgeDistillation,61,9.342,0.0
Polarizability,KnowledgeDistillation,61,9.509,0.0
Polarizability,KnowledgeDistillation,61,9.676,0.0
Polarizability,KnowledgeDistillation,61,10.676,0.0
Polarizability,KnowledgeDistillation,61,10.843,0.0
Polarizability,KnowledgeDistillation,61,11.01,0.0
Polarizability,KnowledgeDistillation,61,11.177,0.0
Polarizability,KnowledgeDistillation,61,11.344,0.0
Polarizability,KnowledgeDistillation,61,11.511,0.0
Polarizability,KnowledgeDistillation,61,12.511,0.0
Polarizability,KnowledgeDistillation,61,12.678,0.0
Polarizability,KnowledgeDistillation,61,12.845,0.0
Polarizability,KnowledgeDistillation,61,13.012,0.0
Polarizability,KnowledgeDistillation,61,13.179,0.0
Polarizability,KnowledgeDistillation,61,13.346,0.0
Polarizability,KnowledgeDistillation,61,14.346,0.0
Polarizability,KnowledgeDistillation,61,14.513,0.0
Polarizability,KnowledgeDistillation,61,14.68,0.0
Polarizability,KnowledgeDistillation,61,14.847,0.0
Polarizability,KnowledgeDistillation,61,15.014,0.0
Polarizability,KnowledgeDistillation,61,15.181,0.0
Polarizability,KnowledgeDistillation,61,16.181,0.0
Polarizability,KnowledgeDistillation,61,16.348,0.0
Polarizability,KnowledgeDistillation,61,16.515,0.0
Polarizability,KnowledgeDistillation,61,16.682,0.0
Polarizability,KnowledgeDistillation,61,16.849,0.0
Polarizability,KnowledgeDistillation,61,17.016,0.0
Polarizability,KnowledgeDistillation,61,18.016,0.0
Polarizability,KnowledgeDistillation,61,18.183,0.0
Polarizability,KnowledgeDistillation,61,18.35,0.0
Polarizability,KnowledgeDistillation,61,18.517,0.0
Polarizability,KnowledgeDistillation,61,18.684,0.0
Polarizability,KnowledgeDistillation,61,18.851,0.0
Polarizability,KnowledgeDistillation,61,19.851,0.0
Polarizability,KnowledgeDistillation,61,20.018,0.0
Polarizability,KnowledgeDistillation,61,20.185,0.0
Polarizability,KnowledgeDistillation,61,20.352,0.0
Polarizability,KnowledgeDistillation,61,20.519,0.0
Polarizability,KnowledgeDistillation,61,20.686,0.0
Polarizability,KnowledgeDistillation,61,21.686,0.0
Polarizability,KnowledgeDistillation,61,21.853,0.0
Polarizability,KnowledgeDistillation,61,22.02,0.0
Polarizability,KnowledgeDistillation,61,22.187,0.0
Polarizability,KnowledgeDistillation,61,22.354,0.0
Polarizability,KnowledgeDistillation,61,22.521,0.0
Polarizability,KnowledgeDistillation,61,23.521,0.0
Polarizability,KnowledgeDistillation,61,23.688,0.0
Polarizability,KnowledgeDistillation,61,23.855,0.0
Polarizability,KnowledgeDistillation,61,24.022,0.0
Polarizability,KnowledgeDistillation,61,24.189,0.0
Polarizability,KnowledgeDistillation,61,24.356,0.0
Polarizability,KnowledgeDistillation,61,25.356,0.0
Polarizability,KnowledgeDistillation,61,25.523,0.0
Polarizability,KnowledgeDistillation,61,25.69,0.0
Polarizability,KnowledgeDistillation,61,25.857,0.0
Polarizability,KnowledgeDistillation,61,26.024,0.0
Polarizability,KnowledgeDistillation,61,26.191,0.0
Polarizability,KnowledgeDistillation,61,27.191,0.0
Polarizability,KnowledgeDistillation,61,27.358,0.0
Polarizability,KnowledgeDistillation,61,27.525,0.0
Polarizability,KnowledgeDistillation,61,27.692,0.0
Polarizability,KnowledgeDistillation,61,27.859,0.0
Polarizability,KnowledgeDistillation,61,28.026,0.0
Polarizability,KnowledgeDistillation,61,29.026,0.0
Polarizability,KnowledgeDistillation,61,29.193,0.0
Polarizability,KnowledgeDistillation,61,29.36,0.0
Polarizability,KnowledgeDistillation,61,29.527,0.0
Polarizability,KnowledgeDistillation,61,29.694,0.0
Polarizability,KnowledgeDistillation,61,29.861,0.0
