f0,f1,f2,f3,f4,f5,f6,f7,f8,f9,HF,LF
3.1555466423727094,-1.4250550186757815,4.020098993624541,-0.45710537494626985,3.836903383704852,1.880894257722586,-0.4028576451844161,0.3238125865788513,-0.2613381216423415,1.7253614944585973,7.81,4.619615000000002
-0.8385375632791292,-4.090918321905228,1.3891124749041543,1.5910808210172536,1.5024092846482158,-1.4869207516599425,0.059934918073939435,3.7423900033233934,-0.13128419347409115,0.15574609723291963,6.3,6.293560000000005
8.311145319594013,3.9460655254681196,2.0554303686486715,-3.699399602696442,-0.366156522419944,2.319005911974913,-0.8888720901412842,1.2524053794189562,-1.942676693675532,-0.18790779332306987,5.7,9.84256
-5.1919811373698534,0.05968219815017555,-2.428565452736586,5.193037983860402,-2.569211114237949,-1.273875539883412,-0.42748453878945913,-0.9210785327107119,-0.7017182269562794,-1.1163702760930336,1.34,7.448463750000004
2.393091958900153,-5.786238064002312,-0.12987015428826962,-0.10795554562002603,1.729253621597083,-0.7644019884205921,-0.675588815190259,1.1182499327069715,-1.688383407958793,0.06875591441723784,8.07,6.654374999999998
-2.8221343605448763,-2.780669424380731,2.424232715629481,-0.010503216435412539,2.4122588262316222,-1.8660762415998433,-0.29171622936574076,-0.19923522714989617,0.8071318543750808,0.7111466260768752,2.58,3.9292500000000024
-1.4016471899100234,8.507363019783273,-0.343306030175422,-5.619742720057048,-1.2435202907794203,7.039335680923904,1.7918715835177428,5.921621980038139,-3.8281537164465256,-3.9612723790765783,0.3,5.110560000000003
-21.70155981207639,-1.3879162305878383,-3.849466631733644,1.7210069545757514,13.19879981000816,-5.296969654105973,-15.022486709301358,-5.6309690049671515,-5.822302487872328,-19.635912977597698,2.7,2.0702500000000006
2.0457176640267134,-3.405988460232825,1.828756274923776,-3.3154046539661834,0.6072092327874662,-0.3291629470234154,2.1454741485639044,-2.8448303792346747,0.35353255794369143,0.24559385469448317,2.77,3.62505
14.798588834902278,-7.431084248008056,-1.814798088925671,-2.616693336809701,-0.6645154392384397,1.0758424120927224,0.8487061780723691,-0.7663911413947749,-3.1975694177823515,-0.6934789104207211,3.87,6.976320000000001
7.88330182649795,-2.163748780365883,0.4792580503929137,5.173637665801662,-1.4646120117985388,-0.10819360182879098,-0.8973380426446631,0.18482095887815547,-1.1527143005415115,-0.09438011581180131,5.0,4.844385000000003
-3.257289069906082,-2.531611194471668,-1.7936447313143948,1.3390517454436248,-0.05052506194173971,-0.446110315875875,-0.9655389950277895,-1.436198901240446,-0.9567545723988801,-0.15205224889597982,0.3,2.26743075
4.892963202790249,0.1904139873699763,-0.5077360292020514,0.5776164622500373,-0.3392824846877012,2.393777069635155,0.7995484577425884,-0.7320240922618116,-0.049793528374320814,0.5974934580202631,0.8,4.943250000000002
0.4223158306359579,-3.8286740798532333,1.7546891630213661,-2.36198800502702,0.536107531884672,0.13740458049162985,1.9511428378007483,-1.6778068752606912,0.2769190805975547,0.45449937972355164,5.79,4.445756250000001
1.812958810817801,-3.090620404679104,-0.9477810848222544,1.798516752509541,0.10276835130413128,-0.44254974047239787,-1.2695151001537595,-1.1348201886797147,-1.13072874331334,0.17824288596041718,0.2,2.1496800000000014
2.624920854351766,-0.07313001834280883,2.2123863639589016,3.924426148994011,-0.8211504742455396,-0.507718690442179,0.6520606229228187,-0.3164545616276517,0.20422350894362307,0.04788867222344755,4.9,5.180272499999998
2.414451987110158,11.951878501539667,-6.549098572124921,-1.5897243587475747,7.172689916445364,-5.492959726959005,4.088248275845596,3.4376159619667708,-4.815744237174109,4.368712884415393,4.52,7.807800000000007
12.04509924832496,5.738715805999726,2.978447156447674,0.2303261988872824,4.464870822997781,1.794872704204269,0.3980063844106518,-2.6238025563741694,2.7699467903569506,1.2072391020253999,5.84,2.9722875000000037
-7.198073267291382,4.417189799009396,0.2630124374259184,-4.398628865276434,-3.7501579756414727,-1.025594115637226,-0.8426094610925092,0.452027270084388,-0.5668175596728371,0.8654828724033796,5.5,8.539781249999999
7.212425368387019,-3.5407693011997408,4.120821314660245,1.9361187136835243,0.9888771201315478,-2.0763289921680523,2.6234915288519143,5.8557522922501635,3.9188890842285375,-0.8677415218301308,6.7,7.0980000000000025
10.29139323123777,-6.043387371706784,-0.9965389602140752,-4.961049369165477,-0.20797317913909513,0.8320777958857505,1.387018810595402,-3.1812971578822684,-0.42875497129813417,-1.3233713015149904,1.67,3.6123750000000023
-7.090498408699114,1.7878963205932001,2.0333777130928676,4.233682177478911,-1.0384559273870613,0.7233160776053094,0.24908655163988064,-1.943698197155107,0.07597537461098774,-0.2551906449041916,6.58,5.175624999999998
-4.687249916129988,-3.2447942685713995,-0.9360796331541026,1.4777624221726855,-0.20441509987853815,-1.6021129243614889,-1.0147644767482933,3.8500644768717205,0.6832651940209893,0.7609381180606481,0.7,7.662037500000003
-1.0658877541894185,5.69778435742965,3.055306563272347,0.8184263512330561,-2.6943643860747506,-0.5833187561544049,-0.03313603941743549,-0.8116408653861983,-0.3290221513804726,0.1975830892118809,3.1,7.460029687500004
6.918323734871469,2.7243225352013796,-16.451116380373396,-1.7828559137707891,0.14638346465672553,3.786654002654316,-4.414970293345188,-1.6892408717908334,5.73483090426224,-0.9752204423379948,2.87,0.4226901250000007
-3.7344715633434467,-3.557495394743327,1.6023790393946595,0.7459598652967486,2.0302020965889747,-1.7517034707878445,-0.4001836911853533,2.729211625384087,0.5614990076792734,0.7684916250059397,6.32,4.585498125000001
-7.52418840359011,-0.4690280393813704,2.014775959852151,-2.1694953837453936,2.7776904458788807,-0.07649095341653989,-1.092685267320459,-2.377755493794804,-1.2705164445460386,1.7456109218632585,4.7,6.142727500000001
7.56115315434982,-4.765225896670807,-5.9820103302570296,1.667096038326183,-1.6732741192366953,0.2348970352927386,-2.6394709019872318,2.2599170605430556,-0.24680930469092768,-0.006061696944130792,1.3,2.6127822499999986
-1.5096365587451428,-2.907916369069077,3.4691872249079627,-0.4827609435849823,1.6739185099633864,-0.35427407047593557,2.2077737519218514,0.31231870105050885,2.8741011084662427,-0.018828326135186084,2.86,4.104587499999998
10.275966540635904,-6.99075991575374,-3.1168379969487705,-2.907804043893361,-1.9777650942265177,1.0455927082215284,1.403236789980063,-1.10430512546453,-3.332578226520384,-0.2352416850702248,6.06,6.4281262500000045
-4.739566135705272,-3.221102585829036,1.0616352919698882,1.1635998719103964,0.8347255307065938,-1.0617850426047744,-0.8534754803017822,2.667837810297876,0.3106107839621775,1.0641960971070268,2.17,5.002400000000003
2.7549257889913594,-4.019578937749027,-7.012505859355284,1.5867058222688701,-2.5781018355767893,0.6169162635860213,-2.0828172271395182,2.39767661199591,-0.37589239590200973,-0.4390711742611741,0.73,1.6698890000000002
0.5273606408417361,-4.563666114854934,0.6730168957345232,-3.225810093265726,0.400975002743669,0.43255771265923193,1.7981422671936147,-1.1616393928737083,-0.7552330181656068,-0.07811292334630489,6.17,5.8676800000000044
-9.931178768271645,-4.19532671146801,0.8051184944622245,-0.589192441288791,2.2739185011934646,-1.4051144602193204,-1.535286735669628,0.5154755985259245,-0.5638129520037773,0.7759462972984598,0.61,1.4817920000000009
11.06029615339205,2.8325933276573334,2.2683523220845183,-5.893648703417217,1.292738421185991,-1.9757831439165885,-1.1275960952755435,-6.446073060304706,-5.668486005226907,2.9688042770214835,4.93,4.43963
-7.357309170121211,0.6498596692589883,2.127149032949994,-2.2132554450336728,3.060193349051878,1.0096225639205472,-0.6430369264261426,-1.944700606961327,-1.581827711947201,1.5989548674846665,3.9,7.1127875000000005
-1.9548966120048736,-4.121054944665139,1.1981853959589615,0.7396811515828984,1.5501927530863258,-1.660608594926436,-0.14759851426032328,2.846022100363077,0.18605272688285043,0.7846364318021813,6.2,4.655950000000003
-6.190850256887464,5.549877532739454,2.2639944032268593,3.7875715383547304,0.26147795680257757,3.751444902097105,-0.06907892079010801,-1.0979167063048725,-0.07881394209668766,0.21579841883220025,7.2,5.042537500000005
-16.307321857636378,3.1952066405729456,-0.02518447430154549,-0.34881147773836285,2.5116419366975777,1.1505488175551097,-2.611792984278367,-2.5679005220490434,0.2736326550776284,0.6255550094593612,2.01,6.21075
-2.0991489790245423,0.15783447423813857,2.6640128374192646,4.963232545537831,-0.2817767379277004,-0.5529218769535896,0.8399260705666438,-0.34183418834950663,0.453258297086376,0.33751635683732883,3.4,3.8014437500000033
11.17337111226069,4.7272205544561565,0.03360468079869165,2.438037482136208,4.147333052658639,1.3398014185121607,-2.66033681269223,-0.601423711369196,-0.5615131600847739,2.2238162746137053,3.63,3.422249999999999
1.770825146368861,-5.154744855950109,-1.1761880989447664,-2.0173539869344195,-0.7108322617788531,0.21571527868903337,1.0511867036381315,-1.1960463845194789,-1.6948364273542351,-0.0427745414088883,0.72,3.726450000000001
-6.49603268158247,4.640335718240715,2.0209987561997083,3.9330564303674858,-0.5554910556544999,1.9203076024673855,-0.5633934754914626,-1.9126536601078492,0.1282392768311982,0.7601664124408962,5.32,3.5697025000000027
-8.436459492228412,6.371191051126075,2.233210386786162,0.05807055298363416,-2.7819463584862087,-0.8202852506041152,-0.16921760470917832,-0.8343551047331115,0.45083493297879745,-0.03770253316536121,1.4,4.140500000000004
-0.9685474442848118,5.699135841858565,3.0668809564498622,0.7970153167281738,-2.720068136429356,-0.5951034113102833,-0.02604327236353388,-0.7839578385618873,-0.3465157986786819,0.2022970852540806,3.9,6.545229166643784
-1.9950169892092755,-2.55184850420688,1.7251788671243762,1.512677851226764,0.39317993549593516,-2.7788994043642163,0.5999114526559811,3.7912089498266552,1.565476258259652,0.9142377874483828,5.57,4.543987500000001
-4.708399644455594,-0.3862182683645266,-0.8414058072776048,4.387661628822054,-1.9414416371675831,0.11494669242111953,0.01909269254240517,0.7197398367895573,-0.37778936119381457,-0.5587349727318738,4.15,5.675231249971484
-4.346036219724569,-2.7819505016815413,-1.5168537454764746,1.2376712197063149,-0.6485943238127586,-2.367318983497557,-1.0222099560483546,3.6354174467584546,0.9139576099230093,1.0955310210334113,0.1,7.280731250000002
-2.3684358401353145,-0.9532004174226855,2.8927468520522943,-1.700403702485554,2.8582842770681385,-0.09678659381012807,-1.4212624673961527,-1.8586414936797064,-1.5481494846131452,2.282814896886295,7.59,5.429970000000004
2.996005719946174,2.5133191337561147,0.709179334148511,-3.913312784826734,-2.181928263876705,-0.287983446075985,-1.6869240858888352,-0.6386988446540143,-0.8533110364543616,0.5119942946998902,3.94,12.146452500000002
2.5158247887307015,1.9273770128161507,-10.046933614753867,-1.6798739895569512,0.36214385143091893,3.4736714052711006,-1.934630124483716,-0.8265652976760534,4.714828252172067,2.03790640918757,6.18,2.144821250000002
5.584408855814016,-5.959019264759171,-1.7077040243637225,-4.772045889699194,-0.21551289501635718,1.3781954299141659,1.6088630047139232,-2.7777018747310254,-0.8744323668247878,-1.3957226051651856,1.97,2.7948375000000003
-7.097140843842754,2.860214022625017,2.1511198727833483,2.4926396227867276,-0.50927082633962,0.5860028549569124,-0.07084276906967385,-2.6768492050747184,-0.7887289322008805,0.9277220098226506,6.6,5.613335000000004
-1.6258936671685458,0.6285447526905011,2.487490020457774,4.83808992660342,-1.1222810712235105,-0.8187944165443255,0.9320701495636269,-0.5905511106579726,0.9844577923372304,-0.05572498667749699,3.82,4.0538874999799335
1.1842183222827232,-4.185420721370591,3.106356154065174,1.3174948180034667,2.562471044998619,-1.4007247386719557,-0.9204134117659242,1.4827917058479787,0.3303993602542023,1.5100365012858314,5.22,3.8447500000000003
-8.33072801837266,3.2474655845778817,2.1436944600743226,-5.750205092681919,-0.9922815631324563,-0.7951624375437714,0.2239821339314249,-1.57530947972777,0.07172874717809744,0.6709312132765723,6.09,6.1369899500000065
-4.304451456022667,-0.3529427359628068,0.3713273677253391,2.781288550525762,-2.301591604024312,0.3280325322952342,0.4227264261634696,-1.4625318264014904,-0.47482602525339324,-0.04852657556299574,0.07,7.7106249999999985
2.307514032068644,-1.6535414846124634,-2.935034470445292,5.1622899978866945,-3.8245392793704323,-0.12228655122783788,-0.8900724663451768,1.2593712006418278,-1.1498192260228568,-0.46802639372111504,4.0,4.349637499999999
1.6890784352553825,-1.546032202788753,4.750753607923499,-0.7570201496321722,4.038914418480992,1.9208564290792425,0.010534489956407541,0.37120969101248297,0.13679352034232467,1.8717890119059006,7.79,6.404466250000001
-7.107022612595789,2.8713551859443474,2.1752294872707476,2.481415992699308,-0.5236923684679374,0.5670477918982199,0.0009878218174335825,-2.6838032684396307,-0.8254285152871064,0.9331185669300306,6.6,4.830336875000006
-0.4066346922593419,0.3245289804952658,2.825503784633874,4.426258002152801,-0.39332013182726777,-0.8348352397547699,1.046658543337194,-1.1932754730256683,0.9523074234036873,-0.2761657414977987,0.09,7.557468750000003
-6.818777596282215,3.6670554456869655,2.28772297799805,2.289581302272822,0.2045018680203308,1.6925873458318412,0.24517712575747488,-2.1342143836861327,-0.850152974838433,0.6278589784899558,7.7,4.950855
23.38624966212611,2.510414592065181,10.505362090156783,-3.2726346972934452,2.1304947648616395,-6.045347533740029,-6.660858492767338,-0.4695004420240755,3.9947553054133387,-4.874446831201209,7.58,3.812640000000004
10.040071591714103,-6.898493839972439,-2.7048741273735875,-3.091546090542612,-1.031818051704628,1.1102194324042252,1.3283684678276737,-0.9196137919445982,-3.0413735558022483,-0.8586868647021192,4.28,7.3641749999999995
-4.823515249114889,-1.9416412978364175,-1.5628399810212819,1.534759482596545,-0.21771393599229283,-1.8549476937063951,-0.5077249684216619,3.5423565180811205,0.5529161943431886,1.2891561812183139,0.5,11.874362500000004
-0.7572026744530455,-5.061794270677017,1.1282165385640492,-0.23091420458170483,2.334665181505731,-1.0175228339797229,-0.17398191317576586,1.0427856666182274,-0.9961620570769575,0.30342037342473827,5.1,7.5504975000000005
-1.7111710567907528,-0.6161676732993765,-0.006773370258329967,2.833422065353512,-2.459302228109027,1.1182665976340989,2.820884235675262,-0.07150629119294652,1.720735700492013,-2.1210526655592696,4.05,5.3747633333883975
-2.895436993377977,3.1503999667445672,-9.251933893452689,0.221669370604982,1.2861892809330662,2.649759882420638,-3.408840432494807,0.5502627204468556,6.066001690947089,2.3855646538741486,4.79,2.688050625000003
0.6112819022902045,-5.186437168576168,-1.837071289553929,-3.394378614308956,-0.9450474604883787,0.752131770961328,1.8106421543619873,-1.2321504519382087,-1.8063964563947008,-0.7011027222527402,2.44,5.112250000000003
-1.425794741620876,-3.9850946010681962,2.370554467046294,0.7740241699723861,2.895041564091652,-1.6066319572848968,-0.7713374265085592,0.8143484859701918,-0.04069259450911621,0.6436928169841277,0.61,3.211000000000002
24.189988912667026,6.732464687490432,5.379666002592159,6.894597006456066,7.001760312468412,1.2336461173287068,-3.654977247223406,-4.119953690714221,-0.1181311403914491,0.4644896771885503,5.13,2.9380650000000053
3.0434424224245222,0.700211527245015,3.5186119867674095,0.6459488616614875,2.7728620153008143,1.3990745425612339,-2.233400050212877,-1.1108412808273287,-0.6112756848847954,2.445561433235947,4.5,3.0610125000000057
-4.166200930996454,-2.4720552710766683,1.3704939025785794,-2.15405080696738,1.8556745150894234,-1.406854416085441,1.6619564308699784,0.6057477283219842,1.1180877048972677,1.1298846980903774,1.21,7.597078124999998
20.755115187943723,4.981392345873186,2.691571090700769,2.049732549804239,5.435709187598493,0.1211555083092871,-1.8394155801757601,-1.5221762014341098,0.7399771913276493,1.2285717715542237,3.07,3.9334750000000063
-5.349354206778474,3.9372220321255873,-0.261637891588424,-4.242164727445975,-3.907912972131406,-0.9376401011549762,-0.7734818327542635,0.5751932250910119,-0.9826496696367839,0.9209365604718609,4.7,8.162700000000003
6.049572075441143,-4.978771346014262,-0.5336146784294344,0.11107172471127658,-0.047229829284044546,-1.3619216663735187,-1.0919440851013476,1.82333921574758,0.08026507013972993,0.38394264897521774,3.61,3.792993750000001
-9.16292417641952,-1.9396028092493565,0.9598256354066226,-1.5634448309581606,0.5734363204756731,0.12904151588811205,2.0601053355037204,0.16244020077558682,3.2467572869698533,-0.4936332904706111,5.4,6.844500000000002
-1.8352636637660762,1.2350365641753207,2.6854455136005035,0.19880513289707652,2.5837971932966877,1.4276946858063098,-1.9120615543567923,-1.337229630236984,-0.40636397035698807,2.232741157012263,6.21,5.217030000000001
2.8478059947994594,-1.0682082883410653,-3.318513634510696,0.7445073217833877,-4.426621096638466,1.033979367648837,2.1097199091799284,-3.3107068710002716,-0.5681151096311144,-2.1961059067509456,3.7,11.132875000000002
-2.119675036768812,-1.4976494911474847,4.465031167277051,-4.470169960821887,0.4142014508858769,-0.5566476579060208,4.7188664954331845,-3.2770654019698364,7.976486224404373,-3.2768401965174165,5.88,3.569280000000002
-3.501616985784598,4.635514726117557,2.126949488080692,-3.3086428322257277,-3.521397381451524,-1.2785843755910107,-0.6347977957399,1.468048670696089,-0.0037035601690806387,1.5529993068450538,2.7,7.648094999999996
2.0840705095569163,-0.6094431750417426,-0.1297246145921243,4.970575325569313,-2.374378094913895,-0.008032854598488688,-0.03126774661498324,1.6151776361247883,-0.5584136852918923,0.10639960768405314,4.12,3.7391250000000023
6.384898609289905,-5.4862844733118346,-0.31905924685490045,1.0869842844191717,0.689009617217794,-1.0709583170118575,-1.6259041833231034,2.5425683749127144,-0.5825938944418475,0.5159841277753632,3.6,3.9292500000000024
4.330316981373924,-3.2500814591657687,4.305148586342102,-1.2563200047151013,2.0389903258340207,-0.8066975791663588,2.162185798100037,-0.7005949274392687,3.1524543547521198,-0.2861758469608519,3.82,3.1275562500000036
-2.4847511153853277,3.925033083150933,2.040901984030048,-4.124582085426165,-2.479442432313033,-1.077996188370424,-0.4002903947322996,0.1590865865489304,-0.7664956532631855,1.1861115554790582,4.4,9.020375000000003
1.602967070592367,3.2232855145232193,-13.764588230134445,-2.424269595403472,1.3988887988820649,3.1247323922000265,-3.4962287604779707,-2.3969030364391406,6.032055353482984,-0.43988742274209197,2.79,1.4400912500000032
-10.624550618169163,-1.4571417312642485,-3.5443514370458695,1.3399799597716422,-0.6289806451405603,-0.4393002219198463,-1.6606986310429932,-1.132447464334944,-0.6442026328669385,-1.5606715710687002,0.4,1.3484510000000007
-6.35828868758678,2.994111716796923,2.463526355183952,3.3036110425667733,0.3464845089185205,2.5644078611387564,1.152538523247726,-0.9005433118449135,0.8703176240144773,0.21673393921659279,6.22,5.151965000000004
-0.8886873316653289,-3.376671208119344,1.545606532778076,0.7301391902829039,0.8487835732544338,-1.8705079426511255,0.6097654966258974,1.922603646514555,0.5186527976336012,0.32787822812605394,4.3,7.630350000000001
5.116216113087534,3.680259629588162,1.1146682201863116,-5.991116489672481,0.19789599544628955,-1.8757029673801346,-0.6593023625228596,-6.048025251061164,-5.438191601417795,2.999428050250354,4.0,5.580802500000005
-7.820271816593958,3.468364698571756,2.8945300748605107,-5.325923065172824,-0.977325595256601,-0.6055109825542675,1.2678620100237268,-0.763226551284607,2.2812607230357003,-0.3117378919345453,7.3,7.364409722204432
-4.599580429208469,-3.8530036460167154,-1.5226082880087088,0.8406031325376369,-0.1945240704884946,-0.7866078712674698,-1.2799136091714223,2.6367134048951733,-0.3072018126944975,0.6324733147827879,4.88,4.934800000000002
7.2128630305899755,-3.545343356559181,4.118950572517227,1.9402055066034896,0.9887506298850169,-2.0819804823860477,2.6240722565643284,5.853188067625076,3.920067095494666,-0.8660841355446292,3.2,6.541990000000003
6.2710913611365955,0.8269986943384199,6.264571571379284,0.007707213146779157,-2.530040989838469,0.3588203576675769,6.701174264445456,-3.966160848674229,9.53082683216681,-5.1604783277394715,5.3,6.388200000000005
-8.643627847542417,-1.9757648105834333,-0.497054789681958,0.13864296234530737,-0.3671538879285902,-1.4204115741137897,-0.37374769927880996,1.5940791600930284,1.053351942192296,0.5047570825388733,1.0,9.316125000000003
-4.484274944894376,-3.9959156502207147,-0.04720981953996459,-3.957334388168943,0.2012604255584393,0.5718714261066239,2.1909034099011246,-1.6313187127808686,-0.34449474555792015,-0.4251191892657493,4.46,6.700585937500001
-4.326918312668684,-3.9402903216631535,1.1267135535930504,0.1509634354300471,2.20231323024138,-1.2304591007275534,-0.7403589719794853,1.6116156666222783,-0.4872167951250924,0.3689007119133829,2.6,4.517581250000005
-1.456294067190744,3.5220242595533686,0.03297798045099751,-3.7666565155407357,-3.0331835849170274,-0.30874194664879295,-1.4493241678851996,-0.3796804261634578,-0.5807890316826896,0.4740436487067842,6.3,14.432600000000006
-1.508899424236459,4.91992716485108,-0.7209343842592193,-2.179121779561129,-5.373658810922609,-0.6757017548277493,-0.9956349506837467,1.4745363674345864,-0.5048629851135272,0.8530946932737613,4.4,4.563000000000002
-3.560247972961151,4.336891992777527,2.785883365192536,-3.5848751110146093,-2.759484052144342,-1.0602038604764747,-0.7224107898491683,0.9355324095318434,-0.33177974917015024,1.666917508750768,5.4,6.413549999999997
1.3617638519434767,-2.152834751098591,-6.8187732484657335,-1.2378562860990578,0.45166603815710765,0.751994831505681,-0.18900976805756325,-1.4956016636222882,-0.5081731471435109,0.5105832929284692,4.74,4.584125
-0.2923255154808327,-0.9592256364475799,1.164668964763182,4.280329804786579,-0.637926238642278,-0.09120912420241202,0.62685295749924,0.07382493225436972,-0.6462568346184756,-0.23640255988152578,5.27,5.270265
2.1107722123358608,-4.2210979579772125,3.247869351390961,-0.13619562344338537,3.0802521256021542,-0.40675393101641033,2.596451968581735,-0.5534902054268651,2.9256045967821915,-1.713507458150953,4.33,4.288375
-4.424730580755558,-3.519094311705835,-1.915990496372293,0.6557559709116706,-0.8989684049634594,-1.751645828967092,-1.5347043817562795,2.211241660796688,-0.551429366352147,0.8473658065796703,0.48,4.009736250000002
-3.1599526145749333,-3.1332438448306568,-1.1682718965407808,1.67707068177409,-0.1600580203007627,-1.6767167076906278,-0.6501702082722159,3.095153630531398,0.9147472994687759,0.8061042406293392,0.4,8.96883
5.349272318634677,-5.157548303102682,-4.3985852837990835,-4.682638418418105,-3.138895422612727,0.9729157435617107,2.2293548845746782,-3.524264521277498,-1.9873070450037644,-1.6388643174169646,3.04,4.668625000000002
11.833801235615402,4.2647206771366,-0.11628911581569056,0.5568098984927793,4.004594242770993,2.128203133591357,-1.1909437899005346,-2.7521566699954434,-1.119432922056892,1.7512863526403617,2.38,3.4136943750000044
0.06817408320634498,8.746141048725333,2.42749431642745,-5.995546436425055,8.557056297468877,20.77912428061767,6.33078766974183,11.457688081687236,-4.145168700751994,-9.342966775906884,2.4,3.2177600000000006
-3.5225754571351073,-3.505909309286091,0.055648938373316664,1.2368076201629725,0.7749114003428943,-1.2190668583966264,-0.9069663596915001,1.5260225579414217,0.6049445071726549,0.9238422056561565,4.88,3.5322056250000005
2.137453811139919,16.099051076721267,-17.154900962171038,3.4705575939841244,12.779081799897034,-15.855190905485719,18.083218206375054,-0.34430969892234237,-3.1439567438942615,-4.6027835971395445,3.53,7.689500000000006
-3.2870549776367444,-3.793022420850317,0.505860173402746,0.2331081575612688,1.8808035031644563,-1.261593041597655,-0.7545220538335379,2.144683487393951,0.30435947055989937,0.6144839645130876,4.3,3.9355875000000013
3.637040961899932,-4.09340330791462,-5.6971009671118535,2.4665343816063023,-2.1994043817381,-1.2963903722629777,-0.29732883966182727,5.6690310899395255,-0.26730823780083374,-1.0074776916790402,0.61,4.209367500000002
-8.395966614081274,-4.3779859623915085,1.225554242149353,-1.0432171926372211,3.0299839280785275,-1.473832412806848,-1.45947059470129,-0.19012526932623605,-0.692867668440293,0.3078171992895864,0.5,4.4362499999999985
-4.701496914338067,-3.5510463707611786,1.1488981556154827,-0.8234884210558303,1.9556005873570492,-1.6333818104184474,-0.5943157916535555,0.817861992999477,0.5123186006682854,0.4188976752230813,6.26,6.089492499999999
10.42331259414575,-6.512562960337557,-2.4419761501337494,-2.15918983020063,-1.882897994811703,0.038097228452345255,1.6980104563659009,0.08351124634043373,-2.226732587352526,-0.18650820347681824,3.21,8.03088
5.897949717061497,-6.340061600498845,-0.8211948780006658,-3.856914913007476,-0.3550311959176383,1.0466773298066707,2.632891445129172,-1.4650135546938543,1.2924506463499132,-2.274071860002526,1.33,2.9670062500000003
-2.748229990556326,-0.2861311123019134,1.0926824105124828,-0.7094136570410808,3.104352326252833,2.6664420537359557,0.6234289522583348,3.5562327334949484,-1.034782693652223,0.26141533420844165,6.81,4.174300000000003
-6.980244083259343,-1.932398885540749,-2.583120514002946,1.504674364877764,-0.9411976099771947,-0.4152435962246601,-0.9482260453050962,-0.9204220466333047,-0.9239175960686409,-0.10784134854306773,0.4,1.7880199999999995
-2.2154264735807754,-0.6677969961647062,-0.867105597531407,2.438319707212037,-2.597482769320457,1.0065654626127034,1.7572667971370826,-1.1922984939395032,-0.5259846683248958,-1.2047801155948072,1.6,5.270265
12.156364142613835,-5.162935755556074,-5.069922839084134,2.246044601777971,-1.680763638447241,0.5201098536560984,-2.8819074833860743,2.533957731537941,-0.6160317814585741,-0.0012101690492261922,2.61,3.2678262500000006
3.706621852963538,3.6386517199910102,3.8224687479266914,1.6395772714501833,3.2851950212688728,4.950601141256867,-0.9399751755321673,0.8468567657849425,-1.5712045494143019,1.1564861133693016,8.6,5.855850000000005
-8.72087188082613,0.05744460624456406,0.8307966204206304,-2.5080406196627356,1.6909566961511462,2.5439117413291044,1.7644662453813273,0.6087054488632412,-0.2232157664520188,-0.10268284451273943,5.6,8.6447725
6.15842580367863,-0.954822038478299,3.9234934257841423,4.943269573376824,0.21646030975624542,-0.07709287088529582,0.16501229843659482,0.6969518530232222,-0.46213896096280516,0.4741504358814297,6.3,4.161202500000001
11.125654381328223,-2.436013018614463,-5.582361728845966,5.418467072343006,-5.888435753614713,1.089603797683837,0.4204424014816615,1.4747036242695588,-1.7318637792232847,-2.1314636277073182,0.6,3.7180000000000004
-4.862342181866313,-2.42148709894205,-1.3668862703475522,1.498529210350893,-0.2087783245138678,-1.7850969910857133,-1.0609458395687679,3.3459481804127136,0.7898545192192413,1.177397976569714,0.8,8.850318750000001
-4.770333263166085,-2.9920004451657505,-1.9830685293122734,1.0631978019632908,-0.36990689345535377,-0.8355431739521292,-1.3775925773156947,2.2105344899681283,-0.049369460534374646,0.993255882575049,1.8,5.283890624999999
-3.7525137499423096,-4.174322677812574,-1.3423992590888225,-2.206838907459817,-0.23232273422996141,0.2878451572288551,0.8428844319722261,0.07841015617759095,-1.0929772360144672,-0.09684780610488335,4.5,5.893875000000002
2.9236518248819316,-1.807692629948241,-2.8710118613181916,2.9765723236435577,-3.93657142158614,0.8940375912910413,0.8356321596775638,-1.3384423384385506,-1.831882498602666,-1.2186092602742333,3.7,10.414625000000001
-6.247536232594821,-0.2624252318846642,-2.132657064214688,4.365124335843056,-2.515836087292205,-0.21254735278045628,-0.5418923388745244,0.10796426179229733,-0.3481046717988751,-0.7525497386038335,5.8,3.1603000000000008
4.832509199807289,-6.240399336966534,-2.347372801954171,-4.516871748738852,-1.5002116590896768,1.0986942149554335,2.5650827046658606,-2.519090572098035,-2.599898254472337,-1.3295264538821108,4.5,5.027750000000002
-2.0642573651920775,7.004676230907273,2.16186707690652,0.4003725615004067,-5.253123864663149,-0.5600708739344212,0.22144938374401546,-0.13742824000211817,-0.19324452008183332,0.22550831299958032,2.83,8.714062499999997
2.2338710248053655,6.131930146838731,0.49258901056017146,1.1658837079107147,-6.154596639034145,0.3072158723305124,-0.6866917794523025,-0.44016218899552634,-0.5147104301949846,-0.33959441700394793,4.22,12.039982500000004
-6.986362733314889,1.7444666223016785,1.8604943460233307,-0.2878686210885612,2.49213778504914,1.4299120285623386,-1.5133597881108154,-1.876293021616075,-0.13968570152144189,1.7222387626504208,5.8,4.5545500000000025
3.855004399149848,4.145837354733523,1.6703182626313555,4.539028037286743,-0.5823614575661737,3.8980681252397247,-0.6778006041141974,-0.7148467550289669,-1.6212286818109576,0.31517385462660924,7.5,5.0573250000000005
12.447454091977624,7.835757990158576,2.599415544752017,6.313266903685036,2.998332643511207,1.863358610197701,-1.3097151930426987,-1.8729495311306004,-0.2817188980696306,1.3586039168772557,4.56,3.160300000000001
1.117771629142278,2.2157022430178395,-9.76517790180079,-1.5487072397245698,0.5603867972465757,3.3848253597721243,-2.1610112022176717,-0.8231678791531664,5.2992222592760685,2.040548749681235,6.16,2.105824499999999
3.0065419418387322,6.276283973189366,0.839122551504299,1.8233797638998424,5.101971565913556,1.3966357607619386,-1.9230720629377902,-1.5687072887413998,0.0034685613428933498,2.1115900608751654,3.27,4.943250000000002
2.8660896585765703,-3.5755218187967155,5.475365504233544,-0.7489909427263289,1.2704252293157956,-0.0688883381102097,3.7852840799786653,0.43467684990498406,5.156836393450878,-1.1124310288378096,0.97,5.944575
1.1551639201165724,-0.8026304912731379,0.7251976003247377,-3.214390602241034,-2.3194227405051047,0.9210585621485385,4.6547198369416725,-8.411840587697897,1.188235883399611,-1.7705992116708271,0.008,2.2984000000000013
-2.5044242161081134,4.291689995382558,2.995658554289088,-4.827395454578334,-3.0624944823277866,-0.4686762554579016,1.1793413126938084,-0.264125093472428,1.9361895748432316,-0.18233851084145736,2.1,6.869005000000004
4.542269657023332,-0.31540766600144515,3.6082583804935564,4.855833655000422,-0.04934466671714125,-0.9333656441940716,0.505962335540734,-0.898770282351463,0.8122033761395311,-0.028721300954432857,4.46,3.0758000000000014
2.518851849283475,-5.299682752543633,-1.5971652271681132,-1.668986728550345,-0.8569097754932656,0.29210654687140997,0.8692203351794741,-0.6828214397387916,-1.8421076829158323,-0.005053064060251873,0.57,4.461599999999999
-4.125165416103908,3.8057542773632522,-10.980860854861705,-3.1488823208205665,2.6901918772063143,2.513261819179776,-2.6086790651960485,-3.3311149203482184,6.45600186756537,-0.043157489085287395,5.77,3.102840000000002
1.5749112751739829,-4.256843642219389,-0.8040201410476032,1.4561950714550924,-0.2543229140687925,-0.8211484494948937,-1.4419326923424483,1.9783263427286395,-0.6429480493087816,0.8650344416190682,3.5,4.125712500000004
-2.1291073493206647,-0.40677910966644953,1.4932124569162215,4.528550841735175,-0.5465050391928364,-0.037403049087914496,0.36134546200558293,0.22523665260729772,0.0033288155194826355,-0.3596157798998323,7.4,5.516160000000004
3.2537052749008217,1.948636023614609,3.8007375264015684,0.7900022141160461,3.2389753675316135,3.2713366653826195,-1.6292733905873253,-0.28755497458131907,-0.9912598771586283,1.9198984132099475,5.6,3.3124000000000042
6.635772138635338,-4.968884360930911,2.805349151409987,0.5429444509688659,2.2280161350969805,-1.6989429626758317,0.46357222271471804,2.1708201116360946,0.22230967579267868,-0.014958657816761225,6.0,6.281730000000006
-6.510211095163396,4.672592523632299,2.029850247316303,3.969979492052339,-0.6125885672342568,1.9236256202153825,-0.497512269399634,-1.9108312536423429,0.1049378466111815,0.7519927859947345,5.6,4.522017500000003
5.977455061113104,-0.4544408324803798,5.424755771951449,3.664123247159645,-1.401051839279501,0.7419212401804831,4.552974543085929,-0.8401911349766418,5.09634872378922,-2.2769461670652653,5.3,6.388200000000005
-6.8048834349133,3.546906491690095,2.1183562150728323,3.983246655138353,-0.9212568612252158,2.190583322379981,0.541182103158078,-1.6288616692859945,-0.349828758643759,-0.2730736694063172,7.73,6.2107500000000035
-5.827881261767032,-3.354710309202696,-1.5952677923380951,1.511381998432291,0.19392693670090508,-1.8144227978613006,-1.0856474479039806,-0.13897724367453868,-0.5737005404083654,-0.0853608102309022,2.37,6.449568125000002
12.192209524648172,4.694586353452173,2.320636510007564,1.927896560370144,6.182501286417245,1.2786683451174385,-2.4194297141439733,-1.717961895097415,-0.5616746122480184,2.3069505056237314,5.44,3.7169437500000035
1.723736571292514,-4.567830398831725,0.5960118384114487,-0.6175324613657261,0.7031924904747303,-1.3036786422505577,-0.04395131232311923,0.1457036073160894,-0.4379091347129125,0.5417391003263149,0.14,6.2403250000000074
9.03050888083162,5.327053217910635,1.9482851838394533,1.7486647762059522,6.146801163527736,1.254072557749208,-2.276553804001806,-1.8860088704833542,-0.29740651284070957,2.1841735285763386,5.08,4.433715000000001
3.55109862465101,-5.3434475213010515,2.7498037290538626,-0.17006468980130804,3.774782188798737,-1.151710848977303,-0.7789357599078085,0.7044125626691289,-0.8387593523075758,0.46482816830564855,2.11,5.604885
6.128819640938507,15.350256601822839,-10.798203159768649,-4.196686854758514,5.916620345393548,-6.5862135555644885,4.031175913782245,4.908915624946605,0.00413535571651424,4.80590867258647,5.8,4.246124999999999
-1.8797952653750778,-3.5668661035192235,0.07215801845777547,-1.4005398182296487,0.5700066591327841,-0.13379558568295685,0.9582636671902297,-1.0061938402191057,-0.5534724044202025,0.342158341869174,0.52,3.679742625000002
2.4038793015265445,-5.077039398007871,2.3840723111446676,0.26874265798549013,2.945317912133668,-1.0362247646708318,-0.845525464699809,1.3143095403667377,-0.66309940074376,0.6595120237300685,5.66,5.849512499999998
-2.900635388848369,4.005148299225589,2.134337989443635,-5.23676706168283,-2.96374280120606,-0.7327094052786879,0.0865355685708954,-0.9667327397974396,-0.28808863104175403,0.7807233486516584,2.3,5.341984375000006
-2.8694914194964367,3.334810793600124,-0.36478483443397236,-5.554782056920292,-4.1472883459058725,-0.5037167323142112,0.09615333696356643,-0.9901110956825777,-1.378931010711417,0.1854532266676967,0.9,6.755775000000002
0.5874827382849784,2.7145305162095843,-9.709168589138693,0.4478721830868846,0.5520885371468611,2.6597706972833866,-3.5974565262148266,1.498611031944487,5.94757129741248,2.629969787813115,4.8,2.450499999999999
3.5485888742658585,1.381514164205817,-0.2725654589305539,8.860158086407344,-4.757650633907207,0.40630367750663704,0.5427825706648949,-0.1548042362302873,-0.8874447627730128,-1.4118223554046363,3.06,4.350060000000003
7.25259881614384,-0.7274975982851875,3.5319907713493777,0.598724358037399,1.4443114243528121,3.35893010517436,2.852221678791884,4.578869719044387,0.5794455776815456,-1.3902340532965378,7.0,5.767125000000003
-4.122770284226672,2.7446921221986527,3.092223832316662,-3.9372012264367116,0.32142074994065045,-1.3628281016702573,-1.0883662478383667,0.07252638727776914,-0.3129710775316974,1.402457089149267,5.1,6.751550000000001
1.3953011172305814,3.889760049348523,3.0133872935573693,-3.450714989147933,-1.8776117940198436,-1.231877264573557,-1.218126966664035,0.408597624336821,-0.8073164858519718,1.5080328808200865,2.4,8.898483750000002
2.95013949875396,-1.5828231700967852,-1.630385998628914,3.129716129187544,-3.2552658432240973,0.7716292002330108,0.9867294632624098,-1.2965899129028,-1.1830993623076944,-1.0000681646226848,2.2,4.140500000000003
6.950914576516589,1.3760388282071736,-13.885171985701843,-1.8401779579888158,0.03343428060548889,2.4754702299052007,-2.8606725580299845,-0.9425007279346773,4.577772831721422,0.1303397394221053,6.02,4.701474375000003
-12.745461710891467,-3.8372039704351564,0.43270234747778874,-0.7187457643866467,2.17516234148408,-1.4820801225081315,-1.5494761780023463,0.3481769718590911,-0.5491608889948393,0.5488672252063466,0.58,1.3021449999999994
-3.949567834042505,-2.2752949941850065,2.3026828342740178,-1.7515738020403562,1.830489380296841,-1.2613850265620268,2.8711413953374247,1.4720259183980025,3.4357176008075654,0.18327600539103156,4.2,6.632193750000004
3.4856788520330926,-1.6497657796849352,-2.6249593366949058,4.374789312307299,-3.572192803172378,-0.05839418249612067,-0.7560303677553202,0.27169869287081166,-1.253314681018628,-0.7045342785464322,6.07,4.879875000000005
3.3946768636306155,2.8632817189713404,3.6394069280462547,1.5915780118491498,2.6247846193515403,3.231377779414929,-1.5547512459216526,-0.09931243689920141,-1.2610615998064076,1.8131309354109322,7.2,5.367862500000006
-4.4237636068351,-3.084020168743813,-1.3711140677028075,1.156640387706446,-0.7517124754705634,-2.472461921556399,-1.312813011089859,3.4465709099569697,0.7647393499008124,0.9299852326540995,1.1,6.122024999999999
-1.65524545950254,-1.0540215084436544,3.170119843135125,-1.0307913225345975,3.7750086347716123,1.8627440656811103,-0.1654628025106976,0.07577886358907752,0.0893500530330343,1.5013551337851212,5.93,7.040328750000002
6.621565761858143,-4.649213900842933,-5.912832049787557,1.7427530370511712,-2.150506003992317,0.5880795634985432,-2.1553742370912126,2.438716120286461,-0.25709182875667647,-0.223565198730238,3.73,2.6858747500000035
-8.440772054980767,1.949580335292967,1.0272243452857932,-0.2975944660539794,0.5893514801487286,3.004799653388795,2.383775222211168,0.588441605233912,0.8943684715371363,-0.44962336402472686,10.2,9.20205
-1.8740616327694637,-0.11615919611237399,-0.056841140856880815,2.816628841227156,-2.6953393763192017,1.1708277476399729,3.2026576902581474,-0.31614912200330436,1.2988837479275175,-1.989573943158497,6.05,4.791150000000004
-8.254193945603433,6.290552131739572,0.24221717110108934,-3.188975791779889,-4.385328088681977,-1.2965827391854627,-0.24744558056645083,0.5180871119963913,-0.19925804784737977,0.7703738748567213,5.0,10.680800000000009
5.3303266655781085,-6.445052279881621,-3.576338745927304,-3.8098592996609826,-1.2934360565424206,1.167229220973489,1.704067396724107,-1.0828837867776437,-2.8711265706115614,-0.9991979347606809,6.41,5.458700000000004
-3.1412899880211143,4.413473515282882,1.988834372110127,-4.135925680023557,-2.3564967875515563,-1.1980403002523201,-0.6880608994417687,0.23232691672054376,-0.7315512927666301,1.1051039549755817,4.0,6.759999999999998
-1.7072910315355636,3.18586890016855,1.2134903949635936,8.05108882465442,-3.319377864913218,0.05191712622591549,1.7222549658077129,-0.2408965791372222,0.008880031019713254,-0.8890713640392991,5.7,5.604884999999998
-9.305372325411145,-2.911889862059682,0.5958302787273009,-2.5436195483117436,0.9166919013360392,0.11635500981097022,1.120457903441958,-0.4677501155736156,0.5524020148679728,0.10261536613714134,3.4,7.842656250000007
-2.1267349103462165,5.7736794570662395,2.7414736701041886,1.0000537885269642,-3.2219996573002514,-0.6423056010259304,-0.1656982502611375,-0.17990801033389509,-0.22860110166231346,0.46468970908999396,0.95,6.392425000000001
-1.0537524128040006,-3.331761789153315,0.5900630906138598,-3.2725411916964533,0.6672909566563534,-0.9761562815649939,2.4450109280948826,-0.15045350103391783,0.5172147471091734,0.8873856013948425,3.04,4.584124999999999
-9.007967521979138,-3.0336058605320324,1.4966016044374897,-1.8974382025142027,0.816770369293089,0.08807124027083306,2.2664919824655128,0.8072020186881514,2.9085797720954267,-0.8996408568358397,5.9,10.332237500000002
2.354213181703469,-5.112214292417958,2.4467699977347817,0.21194729606615878,3.137655759231287,-1.1261642738818174,-0.9046384950828746,1.2881087463195755,-0.6937985321141921,0.6813854188369104,2.34,5.3501175000000005
6.102876351976454,-7.083536767472276,-2.64192327716074,-4.701604177773934,-0.415743278348981,1.203308771619739,1.0396734364344677,-2.8407773541743704,-3.1963053588894383,-0.62859907607441,2.71,2.71392875
-0.49592037910935527,0.34217173802798045,2.8332189899571616,4.449372246955214,-0.3516128146915973,-0.831569259342064,1.0173251395029708,-1.2340967175800213,0.9885993035372743,-0.2939154622190818,2.54,5.391100000000004
-7.543531439735568,-3.163974196641167,-1.4444236804437889,-0.7886039555838262,-0.736923681857335,-0.5307377483057915,-0.42333136478387556,-0.32800548876402685,0.454083621104177,0.5820951633074565,1.0,2.1420750000000024
0.06690966703010671,8.38821281641505,-0.8092099775737557,-5.351691838726889,-1.1666425404009502,6.5718414844961215,1.4155997117750831,5.53219572390992,-3.680050344718408,-3.9187998856046184,3.4,5.094293750000002
-1.972133642418155,-1.5334634935154683,4.453541826581011,-4.552575908411194,0.4060982733411706,-0.5973781491621166,4.748588602180987,-3.2218972280071716,7.900442098532525,-3.2587458599067824,5.59,4.448924999999998
0.9888184288099396,-0.5988286339922636,1.5649283321976755,4.811736395760188,-0.3390005893378794,-0.3589947776793363,0.14253129322232835,0.073848310556193,-0.17326328043388917,-0.1725334938750483,4.32,5.982599999999998
-3.8769654476281072,-2.809660219643612,2.268799883349059,-0.9588182153214876,1.1537452053781987,-0.34614520385138337,1.0190107688272734,-0.3183019193031186,1.0347546516628574,1.029657599775272,2.23,3.556604999999999
1.8223982242979533,-4.880731614675553,-0.4588566528925069,1.122618227084686,-0.2239900069273828,-0.8338540161149548,-1.177516675730811,2.0840703686063016,-0.6017909882588648,1.0391946695626366,3.0,5.3944800000000015
0.17187488802546094,9.894516180440238,-9.108005187293811,2.2176899545807185,4.6184454284508805,-5.92739114665307,3.5908324646921552,0.4156531196601088,-3.2883509348385793,-0.3100884587129677,3.35,6.831825000000002
2.380298656233812,-4.519569223999356,-0.8843174321776117,-1.142734588388911,-0.17228178393933108,0.19380759543842,0.19897502578728266,-0.5163473622596854,-1.3288685133688125,0.1493002513963986,4.4,4.601024999999998
-0.8879185907928622,2.232587914972663,-1.0902460326368926,7.786447857320125,-3.908501288234878,-0.6441523293214085,0.8857380991718942,-1.164021863217133,-1.7579700691901374,-1.9146153197459985,0.66,5.042537500000003
-2.113398190560869,0.05643893995357223,2.638011430816484,5.1857013983787015,-0.38591522701532943,-0.5370369169500756,0.6700218093632314,-0.15367770768170289,0.7778696478756005,0.1281172441724546,2.72,3.9186875000000003
-7.397467631852988,6.11152456601942,2.108621605117449,0.176294892299999,-3.054821816962791,-0.6942093410722004,0.013555624165510528,-0.6862408325342964,0.23998889778633364,0.10503133447127606,5.5,6.207053125024298
-7.1271829022855195,4.76709166533784,1.4009694310406717,-4.308326315396242,-3.151504835552259,-1.2081059006970036,-0.7605863288739864,0.5559118164866709,-0.24749841474664333,1.1534608594232891,4.7,8.790112500000003
5.287044476531245,1.1874891124024471,-2.8170415705456615,8.681500733668136,-5.082925004271703,-1.1478260493800096,0.3123863645543997,-2.0025040717983007,-2.994738132080485,-2.225688569442413,0.14,5.6974125
3.7692904443666713,-6.810084945418136,-3.1041737585316005,-4.955365610042817,-0.6139554539217214,1.221114855746476,1.2864991080429975,-2.9213574067714236,-3.142449930777212,-0.7337207384420773,3.28,2.450499999999999
-7.53774830582276,-0.4474583285304005,2.0331123373525557,-2.1130500156763405,2.630562761638243,-0.058639958897206586,-0.9155506361916953,-2.383532224623012,-1.336187283539325,1.7239094915540922,5.21,8.317968749999999
2.3592682583993523,2.617737417935891,0.37442423881133335,-3.9660204561519548,-3.156511267763796,-0.8676235548297123,-1.0514376591385615,0.37726755996334665,-1.977840597102118,0.9297882455994441,6.2,9.379499999999998
-5.999597079494366,-4.357823177101883,-2.463882871680662,-0.7757521443258023,0.5466092324735184,-0.698141803234268,-0.39234834577875594,1.0222746708667938,-1.739392731315656,-0.0787094275769016,4.1,0.7076875000000024
-6.1360864620073015,5.617578487603971,2.1368437450009594,3.843850184760166,-0.09781887219030132,3.177654043001754,-0.0687188205987326,-1.3845547520620036,-0.05312553397402777,0.3908252286548316,7.4,5.449193750000006
0.5293260713231254,-4.480192382034732,-2.2883741509214572,1.4542387594853594,-1.4957842034150701,-0.6465752823477017,-1.413024267935898,2.3959177767005535,-0.920164698471154,0.8383623509130228,0.9,7.878780000000009
5.644263662507685,2.966899713652843,4.406627458331569,-3.2070154786243763,-1.5235526655638874,-1.1416230954266258,-1.3543211996826077,0.8502024364820969,-0.9393140719937105,1.9003240193416624,6.18,5.85585
2.615295758278242,-5.1252324113728145,-0.5396615191942884,-1.509953879160211,-0.16614846751165735,0.21430900250920215,0.5072358663603624,-0.4240339046294317,-1.2447009785034882,0.3374569757870133,2.1,5.592632500000002
-2.526208927084662,-4.619407383271843,1.5329804759569547,-0.2508550666316825,2.8940453254650267,-1.118257069927193,-0.4517050970006251,0.9266132175705346,-0.5243884841116705,0.25221893945621354,5.0,2.8915900000000025
13.565347305252178,13.68711733444834,7.408196771759874,-11.901935867775192,-4.839077737186463,-9.791707613225967,-9.270803400897783,7.730018995232121,3.699632310233482,-8.307284205618982,4.05,4.844385000000003
-3.297002724746968,-3.681035085360585,-0.33779211942059223,0.9302508423039573,0.40420312127529695,-1.0928208323852864,-1.181955199044074,1.6898949356932604,0.18716733082849846,0.8928334596402638,1.0,7.429240000000006
15.028992570018472,6.247770532719754,8.681746027494217,0.13620395225286167,-2.7126797435607215,-5.071058161428938,-3.8106690328700257,-0.37699627268642394,4.134002842583203,-5.419920094881561,6.92,3.5135099999999984
-6.013721947593495,4.582285740550881,2.3530781987743152,-3.996107429690955,-2.944182720056589,-1.0769376809188411,-0.5738346416101335,0.7950326389765036,-0.18022271730154388,1.422525061420873,3.0,6.9526600000000025
6.073327570131095,2.6437120517930763,-1.509030207056757,7.482316489831044,-7.2261766822227855,1.1519315044956155,3.732051581278017,-2.901358721802002,-0.7268771485887255,-3.92295984006145,1.1,6.54875
-2.928586133917124,-0.1267508287440113,-0.9789662860641505,4.388832663047485,-2.5356453615935997,0.06576234361512764,0.2808022737730905,1.3360708365328244,-0.26936843636628094,-0.0787064587906498,5.4,4.025434765625001
0.902606573581701,-4.377626356519961,1.0619618993072248,-0.9765128117708143,0.8522455945412869,-1.38196900891504,0.12370506956538103,-0.39847037077296554,-0.26323866461160045,0.5113616608644381,0.34,3.4159124999999992
4.967679528715718,0.26120408361096586,3.878331613269238,-2.7849022149398075,2.1647358768802367,-0.1570538449400446,-0.939415351022179,-2.28544480204327,-2.4655063399879253,2.638648458221475,6.67,3.227371875000004
-2.850316553776039,3.080776634853577,-11.25091639128944,-0.04905153752666601,1.3480116929665331,2.3758898789204115,-4.1027673431128004,0.07779830907214792,5.60238200338568,0.7384342622664363,4.77,1.4611740000000006
-5.883057041472705,6.2985202426192615,2.2539375152741874,3.465760626936128,0.6576401018652974,4.304667637696176,0.6853268622147708,-0.1717235518278394,-0.8654479146584236,-0.23099068519726992,3.2,6.673387500000002
9.448759776458028,11.27704026177178,3.2069336926071443,-0.7603156375834538,-9.424382289055023,-2.7899875497481617,-0.5069499446486109,1.83172164108128,-1.633954735093047,-0.5303979707769312,4.06,6.895200000000004
3.538287275342644,2.0197617083157025,-9.373430596349776,-1.2696357460271446,0.5326726369222258,3.3519551745432987,-2.156810479838026,-0.6723020303288209,4.959165070123661,2.1529737749382982,5.25,2.371915000000002
-10.243730898516494,0.5128000748018791,0.9425153521565566,3.243002762425828,-0.7273750374733189,0.3051289623809446,-0.1386907637031405,-1.457314280215576,0.10506838289289877,-0.013052696380886093,1.59,2.27199375
-4.310269362465929,-2.5222874588677513,1.4227047517384188,-2.2431950688876388,1.9994820645570068,-1.4325039184557695,1.6670525491343786,0.5231631238975596,1.1324882697336556,1.1622741239302903,5.53,8.454383437500004
-2.136187316475717,-2.368317250034017,2.350380379291653,-1.991854672768872,1.1805124169477403,-0.7901882298735287,1.3021711827557318,-1.51371712254943,1.1292467003351185,0.7119356671839109,3.04,3.375775000000003
-1.3028100843579768,0.189960456525513,2.5823068344541285,5.087200862617324,-0.26783218862440444,-0.6122170264432039,0.5875157346124,-0.27170271891940895,0.11439240393806314,0.4777054140290912,2.81,3.0343950000000026
5.602169463543716,-5.633043947595838,3.999753925145806,0.5472875404517182,3.6462037962085465,-1.1256724801810463,-0.9662233581466493,1.5629475547073952,-0.4361075559355459,1.0081622652759201,6.03,4.9020562500000056
2.490411031285344,2.055207067401856,-2.50299329611117,-3.9311220340407993,-5.471663643937292,-0.5413183247326921,-0.842473786261717,1.0299573819993297,-3.006471540190903,0.6408726082827143,0.69,3.034395000000005
-3.483750575003372,-3.1190946012319594,2.6279703332567186,-0.49195130562991385,2.5954287222914694,-1.8568327915426894,-0.2792715117278452,-0.1882529878747805,1.1260831537344427,0.7041568389671432,2.7,6.443124999999998
-6.561792618736588,-0.22131101253932334,0.013942805102751714,3.8454895915161305,-1.400752187264492,0.011411893038139763,0.6554862350794356,0.36531502392392884,-0.3211186304551343,-0.2001987017167683,0.62,6.142727500000001
7.484292258562691,-4.660243655770136,-5.9969467801032845,1.8099665875220103,-2.0729332558188065,0.538193102535388,-2.4262148434704014,2.4702817583343326,-0.5268834329481281,-0.12801731847738781,1.27,2.5322960000000023
-12.40276000643624,2.8220892155827673,1.3328881539453912,0.0686380023368559,2.0031833970493955,1.2757161773689467,-2.061298125626083,-1.6976045411166643,0.32460347520823907,1.6601820228016773,1.0,2.71076
-5.385240486203717,7.252272427790152,2.2259631813637424,3.0557910050776043,1.2579662044744204,6.098718988108107,1.3843501897527042,0.4968679703800152,-1.3759531553241624,-0.6694769836096847,2.7,7.4731800000000055
-8.539399054365203,7.172234228549579,-1.0988440435021334,-2.910166483394219,-4.6491739885292125,-1.8597101511064866,-0.42596116481265467,0.38107934639706614,-0.8891211717150075,-0.42744209446443626,4.1,13.118625000000003
3.539908343676344,1.957781368664007,-2.88186774836143,-3.4255366435715797,-5.765786225354939,-1.1589231014891213,-0.9899516214373594,0.12407955997528008,-3.1495096908206266,0.572907038376946,1.72,5.8159237500000005
1.1954393458364967,-4.092711437225791,-3.9035464317927895,-3.4349726000488214,-2.6098861397553987,0.5670982525774573,1.465156649646792,-2.238222435262796,-1.186605075852657,-1.1530796296749537,2.06,5.4925
-1.9724391391026592,-0.5714693648818119,1.940546524806538,-0.8540081998053479,3.687847886370488,3.1245772174066686,0.8311486290179798,2.2000441275559304,-1.6329708787259636,-0.16621707752933076,7.2,3.7193097500000016
0.7205109888543457,-5.405168134953073,-2.555240143648177,-5.263236696109176,-0.5891463563899602,1.4198510919133795,2.093371287484128,-3.025835524964632,-0.6690938203844823,-1.6015798922671263,2.01,5.440110000000001
2.386299564492047,3.348154603015053,2.902043439091917,-3.619177015988885,-1.8965586336118314,-1.1642629380084608,-1.2498182207883228,0.5355690861355115,-0.8753158960033921,1.5429060527298848,6.6,8.867852500000001
-3.431466556731153,-4.3581572157006985,-0.45343598843332605,-1.606974753393224,-0.259230024337583,0.27202916415257816,2.072122395528004,1.3361886770866123,1.2311906456665398,-1.1236659097973651,5.4,6.084000000000004
-0.07390855729843464,5.343798043413519,-8.604107050659987,2.8740609442033724,0.5481525497891562,-1.7106312834666109,0.3075432815323517,-0.85574596463954,-1.261366693623737,-1.3545137652383854,4.06,5.500950000000004
